power,oem,country,class_tons,engine_power_kw,blade_size,bucket_size_m3,type,year_of_release,development_status,model_number,link,link_date,last_seen_utc
Hybrid,Komatsu,Japan,,,,,Excavator,,,HTML,https://www.komatsu.com/,,2026-02-10T05:58:57Z
Hybrid,Komatsu,Japan,,,,,Excavator,,,HTML,https://www.komatsu.com/en-us/products/equipment/forklifts,,2026-07-26T16:10:52Z
Hybrid,Komatsu,Japan,,,,,Excavator,,,HTML,https://www.komatsu.com/content/komatsu/websites/na/en-us/contact-us,,2026-02-22T15:54:10Z
Hybrid,Komatsu,Japan,,,,,Excavator,,,HTML,https://www.komatsu.com/en-us/technology/smart-quarry,,2026-08-02T16:09:32Z
Hybrid,Komatsu,Japan,,,,,Excavator,,,HTML,https://www.komatsu.com/en-us/products/parts,,2026-08-02T16:09:32Z
Hybrid,Komatsu,Japan,,,,,Excavator,,,HTML,https://www.komatsu.com/en-us/technology,,2026-08-09T15:40:29Z
Hybrid,Komatsu,Japan,,,,,Excavator,,,HTML,https://www.komatsu.com/content/komatsu/websites/na/en-us/services-and-support,,2026-03-08T15:34:30Z
Hybrid,Komatsu,Japan,,,,,Excavator,,,HTML,https://www.komatsu.com/en-us/products/equipment/motor-graders,,2026-08-09T15:40:30Z
Hybrid,Komatsu,Japan,,,,,Excavator,,,HTML,https://www.komatsu.com/content/komatsu/websites/na/en-us/about,,2026-03-08T15:34:40Z
Hybrid,Komatsu,Japan,,,,,Excavator,,,HTML,https://www.komatsu.com/en-us/products/equipment/underground-hard-rock-drills,,2026-08-02T16:09:25Z
Hybrid,Komatsu,Japan,,,,,Excavator,,,HTML,https://www.komatsu.com/en-us/products/equipment/crushing,,2026-06-28T16:21:17Z
Hybrid,Komatsu,Japan,,,,,Excavator,,,HTML,https://www.komatsu.com/en-us,,2026-07-05T16:15:58Z
Hybrid,Komatsu,Japan,,,,,Excavator,,,HTML,https://www.komatsu.com/en-us/products/equipment/wheel-loaders,,2026-08-09T15:40:23Z
Hybrid,Komatsu,Japan,,,,,Excavator,,,HTML,https://www.komatsu.com/content/komatsu/websites/na/en-us/california-supply-chain-transparency-act,,2026-03-01T15:48:04Z
Hybrid,Komatsu,Japan,,,,,Excavator,,,HTML,https://www.komatsu.com/en-us/products/equipment,,2026-08-02T16:09:27Z
Hybrid,Komatsu,Japan,,,,,Excavator,,,HTML,https://www.komatsu.com/content/komatsu/websites/na/en-us/privacy-statement,,2026-03-15T15:39:23Z
Hybrid,Komatsu,Japan,,,,,Excavator,,,HTML,https://www.komatsu.com/,,2026-08-09T15:40:30Z
Hybrid,Komatsu,Japan,,,,,Excavator,,,HTML,https://www.komatsu.com/en-us/newsroom/2026/komatsu-introduces-xf895-3-forwarder,,2026-02-15T15:52:21Z
Hybrid,Komatsu,Japan,,,,,Excavator,,,HTML,https://www.komatsu.com/en-us/products/equipment/hard-rock-continuous-miners,,2026-08-02T16:09:23Z
Hybrid,Komatsu,Japan,,,,,Excavator,,,HTML,https://www.komatsu.com/en-us/technology/smart-quarry/site,,2026-08-09T15:40:26Z
Hybrid,Komatsu,Japan,,,,,Excavator,,,HTML,https://www.komatsu.com/en-us/technology/smart-construction/3d-machine-guidance-flex,,2026-08-02T16:09:29Z
Hybrid,Komatsu,Japan,,,,,Excavator,,,HTML,https://www.komatsu.com/en-us/products/equipment/shaft-sinking-equipment,,2026-07-19T16:04:57Z
Hybrid,Komatsu,Japan,,,,,Excavator,,,HTML,https://www.komatsu.com/en-us/request-a-quote,,2026-08-02T16:09:21Z
Hybrid,Komatsu,Japan,,,,,Excavator,,,HTML,https://www.komatsu.com/en-us/newsroom/2026/komatsu-west-adds-forestry,,2026-02-10T05:59:07Z
Hybrid,Komatsu,Japan,,,,,Excavator,,,HTML,https://www.komatsu.com/content/komatsu/websites/na/en-us/products/parts,,2026-02-22T15:54:03Z
Hybrid,Komatsu,Japan,,,,,Excavator,,,HTML,https://www.komatsu.com/content/komatsu/websites/na/en-us/request-a-quote,,2026-03-01T15:48:09Z
Hybrid,Komatsu,Japan,,,,,Excavator,,,HTML,https://www.komatsu.com/en-us/products/equipment/forestry,,2026-07-19T16:04:45Z
Hybrid,Komatsu,Japan,,,,,Excavator,,,HTML,https://www.komatsu.com/en-us/products/equipment/excavators,,2026-08-09T15:40:34Z
Hybrid,Komatsu,Japan,,,,,Excavator,,,HTML,https://www.komatsu.com/en-us/technology/smart-mining,,2026-08-09T15:40:30Z
Hybrid,Komatsu,Japan,,,,,Excavator,,,HTML,https://www.komatsu.com/en-us/products/attachments,,2026-08-09T15:40:22Z
Hybrid,Komatsu,Japan,,,,,Excavator,,,HTML,https://www.komatsu.com/en-us/technology/smart-construction/intelligent-machine-control,,2026-08-02T16:09:33Z
Battery,Hitachi,Japan,,,,,Excavator,,,HTML,https://www.hitachicm.com/,,2026-02-10T06:40:14Z
Battery,Hitachi,Japan,,,,,Excavator,,,HTML,https://www.hitachicm.com/#a07,,2026-02-10T05:59:51Z
Battery,Hitachi,Japan,,,,,Excavator,,,HTML,https://www.hitachicm.com/global/en/innovations/,,2026-02-10T05:59:52Z
Battery,Hitachi,Japan,,,,,Excavator,,,HTML,https://www.hitachicm.com/global/en/ir/stock/,,2026-02-10T06:40:42Z
Battery,Hitachi,Japan,,,,,Excavator,,,HTML,https://www.hitachicm.com/#a03,,2026-02-10T05:59:53Z
Battery,Hitachi,Japan,,,,,Excavator,,,HTML,https://www.hitachicm.com/#a02,,2026-02-10T05:59:53Z
Battery,Hitachi,Japan,,,,,Excavator,,,HTML,https://www.hitachicm.com/global/en/corporate/publicity/,,2026-02-10T05:59:54Z
Battery,Hitachi,Japan,,,,,Excavator,,,HTML,https://www.hitachicm.com/global/en/search-result/,,2026-02-10T06:40:43Z
Battery,Hitachi,Japan,,,,,Excavator,,,HTML,https://www.hitachicm.com/global/en/ir/stock-and-bond/,,2026-02-10T06:40:30Z
Battery,Hitachi,Japan,,,,,Excavator,,,HTML,https://www.hitachicm.com/global/en/global-network/dealer-locator/,,2026-02-10T05:59:57Z
Battery,Hitachi,Japan,,,,,Excavator,,,HTML,https://www.hitachicm.com/global/en/corporate/,,2026-02-10T06:40:25Z
Hybrid,Hitachi,Japan,,,,,Excavator,,,HTML,https://www.hitachicm.com/global/en/products/,,2026-02-10T06:40:19Z
Battery,Hitachi,Japan,,,,,Excavator,,,HTML,https://www.hitachicm.com/global/en/data-governance-policy/,,2026-02-10T05:59:58Z
Battery,Hitachi,Japan,,,,,Excavator,,,HTML,https://www.hitachicm.com/global/en/ir/library/,,2026-02-10T05:59:58Z
Battery,Hitachi,Japan,,,,,Excavator,,,HTML,https://www.hitachicm.com/global/en/corporate/top-message/,,2026-02-10T06:40:25Z
Battery,Hitachi,Japan,,,,,Excavator,,,HTML,https://www.hitachicm.com/global/en/sustainability/social/,,2026-02-10T06:00:00Z
Hybrid,Hitachi,Japan,,,,,Excavator,,,HTML,https://www.hitachicm.com/global/en/corporate/history/,,2026-02-10T06:40:30Z
Battery,Hitachi,Japan,,,,,Excavator,,,HTML,https://www.hitachicm.com/global/en/solutions/solution-linkage/ict-construction/,,2026-02-10T06:00:03Z
Battery,Hitachi,Japan,,,,,Excavator,,,HTML,https://www.hitachicm.com/global/en/corporate/ev-lab/,,2026-02-10T06:00:04Z
Battery,Hitachi,Japan,,,,,Excavator,,,HTML,https://www.hitachicm.com/global/en/solutions/solution-linkage/consite/,,2026-02-10T06:00:05Z
Battery,Hitachi,Japan,,,,,Excavator,,,HTML,https://www.hitachicm.com/#a04,,2026-02-10T06:00:05Z
Battery,Hitachi,Japan,,,,,Excavator,,,HTML,https://www.hitachicm.com/global/en/solutions/,,2026-02-10T06:00:05Z
Battery,Hitachi,Japan,,,,,Excavator,,,HTML,https://www.hitachicm.com/global/en/sustainability/environment/,,2026-02-10T06:40:22Z
Battery,Hitachi,Japan,,,,,Excavator,,,HTML,https://www.hitachicm.com/global/en/corporate/new-concept/,,2026-02-10T06:00:07Z
Battery,Hitachi,Japan,,,,,Excavator,,,HTML,https://www.hitachicm.com/global/en/corporate/directors/,,2026-02-10T06:00:08Z
Battery,Hitachi,Japan,,,,,Excavator,,,HTML,https://www.hitachicm.com/global/en/privacy/,,2026-02-10T06:00:08Z
Battery,Hitachi,Japan,,,,,Excavator,,,HTML,https://www.hitachicm.com/global/en/cookie-notice/,,2026-02-10T06:40:38Z
,Hitachi,Japan,,,,,Excavator,,,HTML,https://www.hitachicm.com/fr/fr/,,2026-02-10T06:00:09Z
Battery,Hitachi,Japan,,,,,Excavator,,,HTML,https://www.hitachicm.com/global/en/products/mini-wheel-loaders/,,2026-02-10T06:00:10Z
Battery,Hitachi,Japan,,,,,Excavator,,,HTML,https://www.hitachicm.com/#a05,,2026-02-10T06:00:10Z
Battery,Hitachi,Japan,,,,,Excavator,,,HTML,https://www.hitachicm.com/global/en/corporate/production-quality/,,2026-02-10T06:00:11Z
,Volvo CE,Sweden,,,,,Excavator,,,html,https://www.volvoce.com/,,2026-08-09T15:41:30Z
,Liebherr,Germany,,,,,Excavator,,,html,https://www.liebherr.com/en/usa/usa.html,,2026-08-09T15:41:32Z
,Liebherr,Germany,,,,,Wheel loader,,,html,https://www.liebherr.com/en-us/n/liebherr-at-mro-middle-east-2026-exhibition-220992-3782185,,2026-02-10T06:00:14Z
Hybrid,Liebherr,Germany,,,,,Wheel loader,,,html,https://www.liebherr.com/en-us/group/products/solutions/wind-energy/wind-energy-3782026,,2026-02-10T06:00:15Z
,Liebherr,Germany,,,,,Wheel loader,,,html,https://www.liebherr.com/en-us/group/disclaimer/contact-3781985,,2026-02-10T06:00:15Z
,Liebherr,Germany,,,,,Wheel loader,,,html,https://www.liebherr.com/en-us/n/game-of-cranes-liebherr-crowns-the-world’s-best-mobile-crane-operator-210304-3782185,,2026-04-12T15:50:11Z
,Liebherr,Germany,,,,,Wheel loader,,,html,https://www.liebherr.com/en-us/group/about-liebherr/liebherr-worldwide/liebherr-worldwide-3877672,,2026-02-10T06:00:16Z
,Liebherr,Germany,,,,,Wheel loader,,,html,https://www.liebherr.com/en-us/cross-entry-point/en-us-us/corp_imprint,,2026-02-10T06:00:16Z
Hybrid,Liebherr,Germany,,,,,Excavator,,,html,https://www.liebherr.com/en-us/n/hands-on-the-future-at-conexpo-2026-liebherr-previews-expanded-portfolio-and-digital-solutions-221248-3782185,,2026-02-10T06:00:16Z
Hybrid,Liebherr,Germany,,,,,Excavator,,,html,https://www.liebherr.com/en-us/group/news/news-and-press-releases/news-and-press-releases-3782184,,2026-02-10T06:00:17Z
,Liebherr,Germany,,,,,Wheel loader,,,html,https://www.liebherr.com/en-us/group/about-liebherr/services/sales-and-service-partners/sales-and-service-3781939,,2026-02-10T06:00:17Z
Hybrid,Liebherr,Germany,,,,,Wheel loader,,,html,https://www.liebherr.com/en-us/tower-cranes/tower-cranes-4356108,,2026-02-10T06:00:17Z
Hybrid,Liebherr,Germany,,,,,Wheel loader,,,html,https://www.liebherr.com/en-us/maritime-cranes/liebherr-maritime-4433440,,2026-02-10T06:00:18Z
Hydrogen,Liebherr,Germany,,,,,Excavator,,,html,https://www.liebherr.com/en-us/group/annual-reports/annual-report-2024/highlights-7339898,,2026-03-29T15:43:50Z
,Liebherr,Germany,,,,,Wheel loader,,,html,https://www.liebherr.com/en-us/n/global-cooperation-liebherr-and-yuchai-power-join-forces-221760-3782185,,2026-02-10T06:00:18Z
,Liebherr,Germany,,,,,Wheel loader,,,html,https://www.liebherr.com/en-us/careers/professionals-4294648,,2026-02-10T06:00:18Z
,Liebherr,Germany,,,,,Wheel loader,,,html,https://www.liebherr.com/en-us/group/about-liebherr/services/product-security/psirt-3781983,,2026-02-10T06:00:19Z
Hybrid,Liebherr,Germany,,,,,Wheel loader,,,html,https://www.liebherr.com/en-us/deep-foundation/deep-foundation-4424773,,2026-02-10T06:00:19Z
,Liebherr,Germany,,,,,Excavator,,,html,https://www.liebherr.com/en-us/n/bodarwé-liebherr-and-somtp-long-standing-partnership-and-powerful-machine-capability-221440-3782185,,2026-02-10T06:40:47Z
Hydrogen,Liebherr,Germany,,,,,Excavator,,,html,https://www.liebherr.com/en-us/earthmoving/earthmoving-4343019,,2026-02-10T06:00:21Z
Hybrid,Liebherr,Germany,,,,,Excavator,,,html,https://www.liebherr.com/en-us/material-handling/material-handling-4672315,,2026-08-09T15:42:12Z
,Liebherr,Germany,,,,,Wheel loader,,,html,https://www.liebherr.com/en-us/careers/job-vacancies-4294645,,2026-02-10T06:00:22Z
,Liebherr,Germany,,,,,Wheel loader,,,html,https://www.liebherr.com/en-us/careers/contact-4294769,,2026-02-10T06:00:22Z
,Liebherr,Germany,,,,,Excavator,,,html,https://www.liebherr.com/en-us/careers/students-4294676,,2026-02-10T06:00:22Z
,Liebherr,Germany,,,,,Wheel loader,,,html,https://www.liebherr.com/en-us/cross-entry-point/en-us-us/corp_privacy,,2026-02-10T06:00:23Z
Hybrid,Liebherr,Germany,,,,,Excavator,,,html,https://www.liebherr.com/en-us/material-handling/overview-4672316,,2026-02-10T06:00:23Z
,Liebherr,Germany,,,,,Wheel loader,,,html,https://www.liebherr.com/en-us/n/clever-load-planning-with-easycargo-220736-3782185,,2026-02-10T06:40:54Z
,Liebherr,Germany,,,,,Wheel loader,,,html,https://www.liebherr.com/en-us/careers/we-as-an-employer-4294694,,2026-02-10T06:00:25Z
,Liebherr,Germany,,,,,Wheel loader,,,html,https://www.liebherr.com/en-us/cross-entry-point/en-us-us/corp_contact,,2026-02-10T06:00:26Z
Hybrid,Liebherr,Germany,,,,,Wheel loader,,,html,https://www.liebherr.com/en-us/group/products/solutions/solutions-3782015,,2026-08-09T15:41:54Z
,Liebherr,Germany,,,,,Wheel loader,,,html,https://www.liebherr.com/en-us/group/products/hotels/hotels-3782028,,2026-07-05T16:17:21Z
,Liebherr,Germany,,,,,Excavator,,,html,https://www.liebherr.com/en-us/group/start-page-3782471,,2026-02-10T06:00:27Z
,Liebherr,Germany,,,,,Wheel loader,,,html,https://www.liebherr.com/en/usa/latest-news/latest-news.html,,2026-02-10T06:00:27Z
Hybrid,Liebherr,Germany,,,,,Wheel loader,,,html,https://www.liebherr.com/en-us/group/products/solutions/wind-energy/wind-energy-3782026,,2026-08-09T15:41:40Z
Hybrid,Liebherr,Germany,,,,,Excavator,,,html,https://www.liebherr.com/en/usa/latest-news/latest-news.html,,2026-08-09T15:42:11Z
,Liebherr,Germany,,,,,Wheel loader,,,html,https://www.liebherr.com/en-us/group/disclaimer/contact-3781985,,2026-08-02T16:11:20Z
,Liebherr,Germany,,,,,Wheel loader,,,html,https://www.liebherr.com/en-us/group/about-liebherr/liebherr-worldwide/liebherr-worldwide-3877672,,2026-08-02T16:11:14Z
,Liebherr,Germany,,,,,Wheel loader,,,html,https://www.liebherr.com/en-us/cross-entry-point/en-us-us/corp_imprint,,2026-08-09T15:42:10Z
,Liebherr,Germany,,,,,Wheel loader,,,html,https://www.liebherr.com/en-us/group/about-liebherr/services/sales-and-service-partners/sales-and-service-3781939,,2026-08-09T15:42:15Z
Hybrid,Liebherr,Germany,,,,,Excavator,,,html,https://www.liebherr.com/en-us/group/news/news-and-press-releases/news-and-press-releases-3782184,,2026-08-02T16:11:20Z
Hybrid,Liebherr,Germany,,,,,Wheel loader,,,html,https://www.liebherr.com/en-us/tower-cranes/tower-cranes-4356108,,2026-08-02T16:11:21Z
Hybrid,Liebherr,Germany,,,,,Wheel loader,,,html,https://www.liebherr.com/en-us/maritime-cranes/liebherr-maritime-4433440,,2026-08-09T15:42:10Z
,Liebherr,Germany,,,,,Wheel loader,,,html,https://www.liebherr.com/en-us/n/global-cooperation-liebherr-and-yuchai-power-join-forces-221760-3782185,,2026-02-10T06:41:08Z
,Liebherr,Germany,,,,,Wheel loader,,,html,https://www.liebherr.com/en-us/careers/professionals-4294648,,2026-08-09T15:42:15Z
,Liebherr,Germany,,,,,Wheel loader,,,html,https://www.liebherr.com/en-us/group/about-liebherr/services/product-security/psirt-3781983,,2026-07-05T16:17:33Z
Battery,Liebherr,Germany,,,,,Excavator,,,html,https://www.liebherr.com/en-us/group/news/press-contact/press-contact-3782441#contact_product,,2026-07-19T16:06:23Z
Hybrid,Liebherr,Germany,,,,,Wheel loader,,,html,https://www.liebherr.com/en-us/deep-foundation/deep-foundation-4424773,,2026-08-09T15:42:08Z
Hydrogen,Liebherr,Germany,,,,,Excavator,,,html,https://www.liebherr.com/en-us/earthmoving/earthmoving-4343019,,2026-07-26T16:12:32Z
Hybrid,Liebherr,Germany,,,,,Dump truck,,,html,https://www.liebherr.com/en-us/group/about-liebherr/annual-reports/annual-reports-3781684,,2026-07-19T16:06:20Z
,Liebherr,Germany,,,,,Wheel loader,,,html,https://www.liebherr.com/en-us/careers/job-vacancies-4294645,,2026-08-09T15:42:15Z
,Liebherr,Germany,,,,,Excavator,,,html,https://www.liebherr.com/en-us/careers/students-4294676,,2026-08-09T15:42:11Z
,Liebherr,Germany,,,,,Wheel loader,,,html,https://www.liebherr.com/en-us/careers/contact-4294769,,2026-08-09T15:42:18Z
,Liebherr,Germany,,,,,Wheel loader,,,html,https://www.liebherr.com/en-us/cross-entry-point/en-us-us/corp_privacy,,2026-08-09T15:42:09Z
Hybrid,Liebherr,Germany,,,,,Excavator,,,html,https://www.liebherr.com/en-us/material-handling/overview-4672316,,2026-05-03T15:59:13Z
,Liebherr,Germany,,,,,Wheel loader,,,html,https://www.liebherr.com/en-us/careers/we-as-an-employer-4294694,,2026-08-09T15:42:08Z
,Liebherr,Germany,,,,,Wheel loader,,,html,https://www.liebherr.com/en-us/cross-entry-point/en-us-us/corp_contact,,2026-07-26T16:12:27Z
,Liebherr,Germany,,,,,Excavator,,,html,https://www.liebherr.com/en-us/group/start-page-3782471,,2026-08-09T15:42:19Z
Battery,Liebherr,Germany,,,,,Excavator,,,html,https://www.liebherr.com/en-us/mining-equipment/mining-equipment-4707223,,2026-08-09T15:42:18Z
,Liebherr,Germany,,,,,Excavator,,,html,https://www.liebherr.com/en-us/group/products/solutions/digital-solutions/digital-solutions-3782017,,2026-07-12T16:08:34Z
,Liebherr,Germany,,,,,Wheel loader,,,html,https://www.liebherr.com/en-us/cross-entry-point/en-us-us/corp_accessibility,,2026-08-02T16:11:15Z
,Liebherr,Germany,,,,,Wheel loader,,,html,https://www.liebherr.com/en-us/n/liebherr-aerospace-lindenberg-gmbh-leading-innovation-in-lufo-vii-projects-218944-3782185,,2026-02-13T01:01:27Z
Battery,Liebherr,Germany,,,,,Wheel loader,,,html,https://www.liebherr.com/en-us/mobile-and-crawler-cranes/mobile-and-crawler-cranes-4407715,,2026-08-02T16:11:20Z
,Liebherr,Germany,,,,,Wheel loader,,,html,https://www.liebherr.com/en-us/careers/careers-4294637,,2026-08-09T15:42:10Z
,John Deere,USA,,,,,Excavator,,,html,https://www.deere.com/en/,,2026-02-10T06:00:40Z
,John Deere,USA,,,,,Excavator,,,html,https://www.deere.com/en/privacy-and-data/accessibility/,,2026-02-10T06:00:41Z
,John Deere,USA,,,,,Excavator,,,html,https://www.deere.com/en/government-and-military-sales/,,2026-02-10T06:00:41Z
,John Deere,USA,,,,,Excavator,,,html,https://www.deere.com/en/finance/financing/landscaping-grounds-care/,,2026-02-10T06:00:41Z
,John Deere,USA,,,,,Excavator,,,html,https://www.deere.com/en/seeding-equipment/,,2026-02-10T06:00:42Z
,John Deere,USA,,,,,Excavator,,,html,https://www.deere.com/en/attachments-accessories-and-implements/,,2026-02-10T06:00:42Z
,John Deere,USA,,,,,Excavator,,,html,https://www.deere.com/en/finance/financing/forestry-and-logging/,,2026-02-10T06:00:43Z
Hybrid,John Deere,USA,,,,,Excavator,,,html,https://www.deere.com/en/wheeled-feller-bunchers/,,2026-02-10T06:00:43Z
,John Deere,USA,,,,,Excavator,,,html,https://www.deere.com/en/digital-tools/,,2026-02-10T06:00:44Z
,John Deere,USA,,,,,Excavator,,,html,https://www.deere.com/en/product-selector-landing/,,2026-06-28T16:22:50Z
,John Deere,USA,,,,,Excavator,,,html,https://www.deere.com/en/parts-and-service/manuals-and-training/construction-operator-training/,,2026-02-10T06:00:44Z
,John Deere,USA,,,,,Excavator,,,html,https://www.deere.com/en/finance/financing/contact-john-deere-financial/,,2026-02-10T06:00:45Z
,John Deere,USA,,,,,Excavator,,,html,https://www.deere.com/en/finance/financing/application/,,2026-02-10T06:00:45Z
,John Deere,USA,,,,,Excavator,,,html,https://www.deere.com/en/home-workshop/,,2026-02-10T06:00:46Z
,John Deere,USA,,,,,Excavator,,,html,https://www.deere.com/en/mowers/commercial-mowers/,,2026-02-10T06:00:46Z
Hybrid,John Deere,USA,,,,,Excavator,,,html,https://www.deere.com/en/harvesting/,,2026-02-10T06:00:47Z
,John Deere,USA,,,,,Excavator,,,html,https://www.deere.com/en/hay-forage/,,2026-02-10T06:00:47Z
,John Deere,USA,,,,,Excavator,,,html,https://www.deere.com/en/loaders/skid-steers/,,2026-02-10T06:00:48Z
,John Deere,USA,,,,,Excavator,,,html,https://www.deere.com/en/compact-equipment/,,2026-05-03T15:59:31Z
,John Deere,USA,,,,,Excavator,,,html,https://www.deere.com/en/forestry-and-logging/,,2026-02-10T06:00:48Z
,John Deere,USA,,,,,Excavator,,,html,https://www.deere.com/en/,,2026-02-10T06:00:49Z
,John Deere,USA,,,,,Excavator,,,html,https://www.deere.com/en/mowers/,,2026-02-10T06:00:49Z
Hybrid,John Deere,USA,,,,,Excavator,,,html,https://www.deere.com/en/golf-sports-turf/,,2026-02-10T06:00:50Z
,John Deere,USA,,,,,Excavator,,,html,https://www.deere.com/en/snowremoval/,,2026-02-10T06:00:50Z
,John Deere,USA,,,,,Excavator,,,html,https://www.deere.com/en/finance/financing/ag-turf/,,2026-02-10T06:00:51Z
,John Deere,USA,,,,,Excavator,,,html,https://www.deere.com/en/turf-sprayers/,,2026-02-10T06:00:52Z
,John Deere,USA,,,,,Excavator,,,html,https://www.deere.com/en/forms/preference-center/,,2026-02-10T06:00:52Z
,John Deere,USA,,,,,Excavator,,,html,https://www.deere.com/en/finance/financing/construction/,,2026-06-07T16:43:18Z
,John Deere,USA,,,,,Excavator,,,html,https://www.deere.com/en/finance/offers-discounts/shared/riding-lawn-equipment/?cid=HOME_HERO,,2026-02-10T06:41:15Z
,John Deere,USA,,,,,Excavator,,,html,https://www.deere.com/en/finance/financing/ag-turf/compact-tractors/,,2026-02-15T15:54:27Z
,John Deere,USA,,,,,Excavator,,,html,https://www.deere.com/en/news/,,2026-08-09T15:42:23Z
,John Deere,USA,,,,,Excavator,,,html,https://www.deere.com/en/privacy-and-data/accessibility/,,2026-06-14T16:46:05Z
,John Deere,USA,,,,,Excavator,,,html,https://www.deere.com/en/government-and-military-sales/,,2026-05-24T16:12:44Z
,John Deere,USA,,,,,Excavator,,,html,https://www.deere.com/en/finance/financing/landscaping-grounds-care/,,2026-06-07T16:43:02Z
,John Deere,USA,,,,,Excavator,,,html,https://www.deere.com/en/seeding-equipment/,,2026-05-24T16:12:45Z
,John Deere,USA,,,,,Excavator,,,html,https://www.deere.com/en/attachments-accessories-and-implements/,,2026-05-03T15:59:52Z
,John Deere,USA,,,,,Excavator,,,html,https://www.deere.com/en/news/all-news/fy25-fourth-quarter-earnings/,,2026-02-10T06:00:57Z
,John Deere,USA,,,,,Excavator,,,html,https://www.deere.com/en/finance/financing/forestry-and-logging/,,2026-06-07T16:43:08Z
,John Deere,USA,,,,,Excavator,,,html,https://www.deere.com/en/news/#MainContentSection,,2026-04-19T15:52:12Z
,John Deere,USA,,,,,Excavator,,,html,https://www.deere.com/en/digital-tools/,,2026-04-19T15:52:26Z
Hybrid,John Deere,USA,,,,,Excavator,,,html,https://www.deere.com/en/wheeled-feller-bunchers/,,2026-05-24T16:12:46Z
,John Deere,USA,,,,,Excavator,,,html,https://www.deere.com/en/parts-and-service/manuals-and-training/construction-operator-training/,,2026-06-21T16:54:25Z
,John Deere,USA,,,,,Excavator,,,html,https://www.deere.com/en/finance/financing/contact-john-deere-financial/,,2026-06-14T16:46:10Z
,John Deere,USA,,,,,Excavator,,,html,https://www.deere.com/en/finance/financing/application/,,2026-05-17T16:09:03Z
,John Deere,USA,,,,,Excavator,,,html,https://www.deere.com/en/home-workshop/,,2026-05-03T15:59:51Z
,John Deere,USA,,,,,Excavator,,,html,https://www.deere.com/en/mowers/commercial-mowers/,,2026-05-24T16:12:46Z
Hybrid,John Deere,USA,,,,,Excavator,,,html,https://www.deere.com/en/harvesting/,,2026-05-31T16:22:26Z
,John Deere,USA,,,,,Excavator,,,html,https://www.deere.com/en/hay-forage/,,2026-03-15T15:41:16Z
,John Deere,USA,,,,,Excavator,,,html,https://www.deere.com/en/loaders/skid-steers/,,2026-06-28T16:23:24Z
,John Deere,USA,,,,,Excavator,,,html,https://www.deere.com/en/forestry-and-logging/,,2026-06-21T16:54:18Z
,John Deere,USA,,,,,Excavator,,,html,https://www.deere.com/en/,,2026-08-09T15:42:22Z
,John Deere,USA,,,,,Excavator,,,html,https://www.deere.com/en/mowers/,,2026-06-14T16:46:18Z
,John Deere,USA,,,,,Excavator,,,html,https://www.deere.com/en/news/all-news/brian-sikes-board/,,2026-02-10T06:41:39Z
Hybrid,John Deere,USA,,,,,Excavator,,,html,https://www.deere.com/en/golf-sports-turf/,,2026-06-14T16:46:14Z
,John Deere,USA,,,,,Excavator,,,html,https://www.deere.com/en/snowremoval/,,2026-03-29T15:44:49Z
,John Deere,USA,,,,,Excavator,,,html,https://www.deere.com/en/news/#ls-canvas,,2026-04-19T15:52:19Z
,John Deere,USA,,,,,Excavator,,,html,https://www.deere.com/en/finance/financing/ag-turf/,,2026-06-14T16:46:18Z
,John Deere,USA,,,,,Excavator,,,html,https://www.deere.com/en/turf-sprayers/,,2026-06-28T16:23:14Z
,John Deere,USA,,,,,Excavator,,,html,https://www.deere.com/en/forms/preference-center/,,2026-02-13T01:02:14Z
Battery,Epiroc,Sweden,,,,,Dump truck,,,html,https://www.epiroc.com/,,2026-08-09T15:42:24Z
Battery,Epiroc,Sweden,,,,,Excavator,,,html,https://www.epiroc.com/en-cz,,2026-07-12T16:08:54Z
Battery,Epiroc,Sweden,,,,,Excavator,,,html,https://www.epiroc.com/pt-pt,,2026-04-26T15:54:46Z
Battery,Epiroc,Sweden,,,,,Excavator,,,html,https://www.epiroc.com/ru-am,,2026-06-14T16:46:24Z
Battery,Epiroc,Sweden,,,,,Excavator,,,html,https://www.epiroc.com/en-sa,,2026-08-09T15:42:32Z
Battery,Epiroc,Sweden,,,,,Excavator,,,html,https://www.epiroc.com/en-za,,2026-03-22T15:38:37Z
Battery,Epiroc,Sweden,,,,,Excavator,,,html,https://www.epiroc.com/fr-cd,,2026-05-31T16:22:49Z
Battery,Epiroc,Sweden,,,,,Excavator,,,html,https://www.epiroc.com/en-cd,,2026-08-09T15:42:25Z
Battery,Epiroc,Sweden,,,,,Excavator,,,html,https://www.epiroc.com/en-ph,,2026-08-09T15:42:31Z
Battery,Epiroc,Sweden,,,,,Excavator,,,html,https://www.epiroc.com/en-bg,,2026-08-09T15:42:38Z
Battery,Epiroc,Sweden,,,,,Excavator,,,html,https://www.epiroc.com/es-es,,2026-07-12T16:08:51Z
Battery,Epiroc,Sweden,,,,,Excavator,,,html,https://www.epiroc.com/fr-tn,,2026-06-21T16:54:46Z
Battery,Epiroc,Sweden,,,,,Excavator,,,html,https://www.epiroc.com/en-ug,,2026-04-19T15:52:40Z
Battery,Epiroc,Sweden,,,,,Excavator,,,html,https://www.epiroc.com/en/privacy-portal,,2026-07-05T16:17:44Z
Battery,Epiroc,Sweden,,,,,Excavator,,,html,https://www.epiroc.com/es-mx,,2026-08-02T16:11:26Z
Battery,Epiroc,Sweden,,,,,Excavator,,,html,https://www.epiroc.com/en-om,,2026-06-21T16:54:44Z
Battery,Epiroc,Sweden,,,,,Excavator,,,html,https://www.epiroc.com/en-jo,,2026-07-05T16:17:37Z
Battery,Epiroc,Sweden,,,,,Excavator,,,html,https://www.epiroc.com/en-th,,2026-08-09T15:42:37Z
Battery,Epiroc,Sweden,,,,,Excavator,,,html,https://www.epiroc.com/en-hu,,2026-08-09T15:42:33Z
Battery,Epiroc,Sweden,,,,,Excavator,,,html,https://www.epiroc.com/en-sk,,2026-08-09T15:42:39Z
Battery,Epiroc,Sweden,,,,,Excavator,,,html,https://www.epiroc.com/en-ly,,2026-07-26T16:12:46Z
Battery,Epiroc,Sweden,,,,,Excavator,,,html,https://www.epiroc.com/en-et,,2026-07-12T16:08:54Z
Battery,Epiroc,Sweden,,,,,Excavator,,,html,https://www.epiroc.com/en-ie,,2026-08-09T15:42:35Z
Battery,Epiroc,Sweden,,,,,Excavator,,,html,https://www.epiroc.com/en-nl,,2026-08-02T16:11:30Z
Battery,Epiroc,Sweden,,,,,Excavator,,,html,https://www.epiroc.com/en-lt,,2026-08-02T16:11:37Z
Battery,Epiroc,Sweden,,,,,Excavator,,,html,https://www.epiroc.com/fr-ml,,2026-07-19T16:06:41Z
Battery,Epiroc,Sweden,,,,,Excavator,,,html,https://www.epiroc.com/en-me,,2026-08-09T15:42:38Z
Battery,Epiroc,Sweden,,,,,Excavator,,,html,https://www.epiroc.com/en-fi,,2026-07-12T16:08:50Z
Battery,Epiroc,Sweden,,,,,Excavator,,,html,https://www.epiroc.com/en-uk,,2026-08-09T15:42:25Z
Battery,Epiroc,Sweden,,,,,Excavator,,,html,https://www.epiroc.com/en-dk,,2026-07-26T16:12:38Z
Battery,Epiroc,Sweden,,,,,Excavator,,,html,https://www.epiroc.com/en-qa,,2026-07-26T16:12:47Z
Hydrogen,JCB,UK,,,,,Excavator,,,html,https://www.jcb.com/,,2026-08-09T15:42:41Z
Hydrogen,JCB,UK,,,,,Excavator,,,html,https://www.jcb.com/en-GB/parts-and-service/parts/,,2026-02-10T06:01:27Z
Hydrogen,JCB,UK,,,,,Excavator,,,html,https://www.jcb.com/en-GB/products/machines/articulated-booms/,,2026-02-10T06:01:27Z
Hydrogen,JCB,UK,,,,,Excavator,,,html,https://www.jcb.com/en-GB/industries/municipalities/waste-and-recycling/,,2026-02-10T06:01:28Z
Hydrogen,JCB,UK,,,,,Excavator,,,html,https://www.jcb.com/en-GB/products/attachments/light-equipment/,,2026-02-10T06:01:28Z
Hydrogen,JCB,UK,,,,,Excavator,,,html,https://www.jcb.com/en-GB/products/machines/generators/,,2026-02-10T06:01:29Z
Hydrogen,JCB,UK,,,,,Excavator,,,html,https://www.jcb.com/en-GB/industries/electric-solutions/dumpsters/,,2026-02-10T06:01:29Z
Hydrogen,JCB,UK,,,,,Excavator,,,html,https://www.jcb.com/en-GB/industries/waste-and-recycling/telescopic-loaders/,,2026-02-10T06:01:30Z
Hydrogen,JCB,UK,,,,,Excavator,,,html,https://www.jcb.com/en-GB/products/machines/telescopic-loaders/,,2026-02-10T06:01:30Z
Hydrogen,JCB,UK,,,,,Excavator,,,html,https://www.jcb.com/en-GB/industries/construction/compact-track-loaders/,,2026-02-10T06:01:31Z
Hydrogen,JCB,UK,,,,,Excavator,,,html,https://www.jcb.com/en-GB/industries/municipalities/highway-maintenance/,,2026-02-10T06:01:32Z
Hydrogen,JCB,UK,,,,,Excavator,,,html,https://www.jcb.com/en-GB/industries/logistics/generators/,,2026-02-10T06:01:32Z
Hydrogen,JCB,UK,,,,,Excavator,,,html,https://www.jcb.com/en-GB/parts-and-service/parts/electrical-and-lighting-systems/,,2026-02-10T06:01:33Z
Hydrogen,JCB,UK,,,,,Excavator,,,html,https://www.jcb.com/en-GB/industries/electric-solutions/wheel-loaders/,,2026-02-10T06:01:33Z
Hydrogen,JCB,UK,,,,,Excavator,,,html,https://www.jcb.com/en-GB/products/machines/rotating-telehandlers/,,2026-02-10T06:01:34Z
Hydrogen,JCB,UK,,,,,Excavator,,,html,https://www.jcb.com/en-GB/products/machines/telescopic-handlers/,,2026-02-10T06:01:34Z
Hydrogen,JCB,UK,,,,,Excavator,,,html,https://www.jcb.com/en-GB/buy/used-machines/,,2026-02-10T06:01:35Z
Hydrogen,JCB,UK,,,,,Excavator,,,html,https://www.jcb.com/en-GB/industries/construction/industrial-forklifts/,,2026-02-10T06:01:35Z
Hydrogen,JCB,UK,,,,,Excavator,,,html,https://www.jcb.com/en-GB/products/attachments/charging-solutions/,,2026-02-10T06:01:37Z
Hydrogen,JCB,UK,,,,,Excavator,,,html,https://www.jcb.com/en-GB/buy/merchandise/,,2026-02-10T06:01:37Z
Hydrogen,JCB,UK,,,,,Excavator,,,html,https://www.jcb.com/en-GB/industries/logistics/articulated-booms/,,2026-02-10T06:01:38Z
Hydrogen,JCB,UK,,,,,Excavator,,,html,https://www.jcb.com/en-GB/products/machines/agricultural-tractors/6000-series/,,2026-03-22T15:39:04Z
Hydrogen,JCB,UK,,,,,Excavator,,,html,https://www.jcb.com/en-GB/parts-and-service/service/refurbishment-programme/,,2026-02-10T06:01:39Z
Hydrogen,JCB,UK,,,,,Excavator,,,html,https://www.jcb.com/en-GB/products/machines/wheel-loaders/,,2026-02-10T06:01:40Z
Hydrogen,JCB,UK,,,,,Excavator,,,html,https://www.jcb.com/en-GB/industries/waste-and-recycling/backhoe-loaders/,,2026-02-10T06:01:40Z
Hydrogen,JCB,UK,,,,,Excavator,,,html,https://www.jcb.com/en-GB/industries/waste-and-recycling/,,2026-02-10T06:01:40Z
Hydrogen,JCB,UK,,,,,Excavator,,,html,https://www.jcb.com/en-GB/explore/insight/lord-bamford/,,2026-02-10T06:01:42Z
Hydrogen,JCB,UK,,,,,Excavator,,,html,https://www.jcb.com/en-GB/industries/waste-and-recycling/industrial-forklifts/,,2026-02-10T06:01:43Z
Hydrogen,JCB,UK,,,,,Excavator,,,html,https://www.jcb.com/en-GB/industries/,,2026-03-22T15:39:24Z
Hydrogen,JCB,UK,,,,,Excavator,,,html,https://www.jcb.com/en-GB/products/machines/compact-track-loaders/,,2026-05-17T16:09:48Z
Hydrogen,JCB,UK,,,,,Excavator,,,html,https://www.jcb.com/#main,,2026-08-09T15:42:52Z
Hydrogen,JCB,UK,,,,,Excavator,,,html,https://www.jcb.com/en-gb/news,,2026-08-09T15:43:07Z
Hydrogen,JCB,UK,,,,,Excavator,,,html,https://www.jcb.com/en-GB/parts-and-service/parts/,,2026-02-10T06:42:23Z
Hydrogen,JCB,UK,,,,,Excavator,,,html,https://www.jcb.com/en-GB/products/machines/articulated-booms/,,2026-02-10T06:01:48Z
Hydrogen,JCB,UK,,,,,Excavator,,,html,https://www.jcb.com/en-GB/industries/municipalities/waste-and-recycling/,,2026-07-26T16:13:20Z
Hydrogen,JCB,UK,,,,,Excavator,,,html,https://www.jcb.com/en-GB/products/attachments/light-equipment/,,2026-08-09T15:43:07Z
Hydrogen,JCB,UK,,,,,Excavator,,,html,https://www.jcb.com/en-GB/products/machines/generators/,,2026-07-19T16:07:20Z
Hydrogen,JCB,UK,,,,,Excavator,,,html,https://www.jcb.com/en-GB/industries/electric-solutions/dumpsters/,,2026-04-26T15:55:24Z
Hydrogen,JCB,UK,,,,,Excavator,,,html,https://www.jcb.com/en-GB/industries/waste-and-recycling/telescopic-loaders/,,2026-04-19T15:52:58Z
Hydrogen,JCB,UK,,,,,Excavator,,,html,https://www.jcb.com/en-GB/products/machines/telescopic-loaders/,,2026-07-05T16:18:23Z
Hydrogen,JCB,UK,,,,,Excavator,,,html,https://www.jcb.com/en-GB/industries/construction/compact-track-loaders/,,2026-04-12T15:52:02Z
Hydrogen,JCB,UK,,,,,Excavator,,,html,https://www.jcb.com/en-GB/industries/municipalities/highway-maintenance/,,2026-07-26T16:13:31Z
Hydrogen,JCB,UK,,,,,Excavator,,,html,https://www.jcb.com/en-GB/explore/insight/news/2026/01/new-year-boost-as-jcb-wins-205-million-military-contract/,,2026-02-10T06:01:52Z
Hydrogen,JCB,UK,,,,,Excavator,,,html,https://www.jcb.com/en-GB/industries/logistics/generators/,,2026-06-14T16:47:00Z
Hydrogen,JCB,UK,,,,,Excavator,,,html,https://www.jcb.com/en-GB/parts-and-service/parts/electrical-and-lighting-systems/,,2026-05-31T16:23:28Z
Hydrogen,JCB,UK,,,,,Excavator,,,html,https://www.jcb.com/en-GB/explore/insight/news/?page=35,,2026-02-10T06:01:57Z
Hydrogen,JCB,UK,,,,,Excavator,,,html,https://www.jcb.com/en-GB/industries/electric-solutions/wheel-loaders/,,2026-06-07T16:44:53Z
Hydrogen,JCB,UK,,,,,Excavator,,,html,https://www.jcb.com/en-GB/products/machines/rotating-telehandlers/,,2026-06-28T16:24:16Z
Hydrogen,JCB,UK,,,,,Excavator,,,html,https://www.jcb.com/en-GB/products/machines/telescopic-handlers/,,2026-08-02T16:12:11Z
Hydrogen,JCB,UK,,,,,Excavator,,,html,https://www.jcb.com/en-GB/explore/insight/news/2026/01/jcb-presented-with-gold-lamma-show-farm-machinery-award/,,2026-02-15T15:55:10Z
Hydrogen,JCB,UK,,,,,Excavator,,,html,https://www.jcb.com/en-GB/buy/used-machines/,,2026-07-05T16:18:18Z
Hydrogen,JCB,UK,,,,,Excavator,,,html,https://www.jcb.com/en-GB/industries/construction/industrial-forklifts/,,2026-08-09T15:43:16Z
Hydrogen,JCB,UK,,,,,Excavator,,,html,https://www.jcb.com/en-GB/products/attachments/charging-solutions/,,2026-06-28T16:24:13Z
Hydrogen,JCB,UK,,,,,Excavator,,,html,https://www.jcb.com/en-GB/buy/merchandise/,,2026-06-21T16:55:18Z
Hydrogen,JCB,UK,,,,,Excavator,,,html,https://www.jcb.com/en-GB/industries/logistics/articulated-booms/,,2026-07-19T16:07:15Z
Hydrogen,JCB,UK,,,,,Excavator,,,html,https://www.jcb.com/en-GB/explore/insight/news/2026/02/public-invited-to-take-a-seat-on-unique-jcb-listening-bench/,,2026-02-10T06:02:03Z
Hydrogen,JCB,UK,,,,,Excavator,,,html,https://www.jcb.com/en-GB/parts-and-service/service/refurbishment-programme/,,2026-06-21T16:55:11Z
Hydrogen,JCB,UK,,,,,Excavator,,,html,https://www.jcb.com/en-GB/products/machines/wheel-loaders/,,2026-08-09T15:43:08Z
Hydrogen,JCB,UK,,,,,Excavator,,,html,https://www.jcb.com/en-GB/industries/waste-and-recycling/backhoe-loaders/,,2026-06-07T16:44:47Z
Hydrogen,JCB,UK,,,,,Excavator,,,html,https://www.jcb.com/en-GB/industries/waste-and-recycling/,,2026-08-09T15:43:20Z
Hydrogen,JCB,UK,,,,,Excavator,,,html,https://www.jcb.com/en-GB/explore/insight/lord-bamford/,,2026-07-26T16:13:17Z
Hydrogen,JCB,UK,,,,,Excavator,,,html,https://www.jcb.com/en-GB/industries/waste-and-recycling/industrial-forklifts/,,2026-08-02T16:12:06Z
Battery,Develon,South Korea,,,,,Excavator,,,html,https://eu.develon-ce.com/en/,,2026-08-09T15:43:31Z
,Develon,South Korea,,,,,Excavator,,,html,https://eu.develon-ce.com/en/products/engines,,2026-02-10T06:02:11Z
,Develon,South Korea,,,,,Excavator,,,html,https://eu.develon-ce.com/en/machines/dx800lc-7,,2026-08-09T15:43:33Z
,Develon,South Korea,,,,,Excavator,,,html,https://eu.develon-ce.com/en/machines/dx140w-7k,,2026-02-10T06:02:15Z
,Develon,South Korea,,,,,Excavator,,,html,https://eu.develon-ce.com/en/products/wheel-excavators,,2026-02-10T06:02:17Z
,Develon,South Korea,,,,,Excavator,,,html,https://eu.develon-ce.com/en/new-brand,,2026-02-10T06:02:19Z
,Develon,South Korea,,,,,Excavator,,,html,https://eu.develon-ce.com/en/machines/dx140lcr-7,,2026-02-10T06:02:20Z
,Develon,South Korea,,,,,Excavator,,,html,https://eu.develon-ce.com/en/machines/dx230lc-9,,2026-02-10T06:02:22Z
,Develon,South Korea,,,,,Excavator,,,html,https://eu.develon-ce.com/en/machines/dx160wmh-7,,2026-06-21T16:55:41Z
,Develon,South Korea,,,,,Excavator,,,html,https://eu.develon-ce.com/en/machines/dx255lc-7,,2026-08-02T16:12:46Z
,Develon,South Korea,,,,,Excavator,,,html,https://eu.develon-ce.com/en/machines/dx380lc-7,,2026-07-19T16:07:57Z
,Develon,South Korea,,,,,Excavator,,,html,https://eu.develon-ce.com/en/machines/dx530dm-7,,2026-04-12T15:53:00Z
,Develon,South Korea,,,,,Excavator,,,html,https://eu.develon-ce.com/en/people-also-search,,2026-02-10T06:02:32Z
,Develon,South Korea,,,,,Excavator,,,html,https://eu.develon-ce.com/en/machines/dx530lc-7,,2026-08-02T16:12:48Z
,Develon,South Korea,,,,,Excavator,,,html,https://eu.develon-ce.com/en/fairs-and-events/sim-2025,,2026-02-10T06:02:35Z
,Develon,South Korea,,,,,Excavator,,,html,https://eu.develon-ce.com/en/machines/dx27z,,2026-02-10T06:02:37Z
,Develon,South Korea,,,,,Excavator,,,html,https://eu.develon-ce.com/en/machines/dl580-7,,2026-08-09T15:44:03Z
,Develon,South Korea,,,,,Excavator,,,html,https://eu.develon-ce.com/en/news/2026-02-06-Designed-Around-the-Operator-Develon-Introduces-Updated-ADT-Cab,,2026-02-10T06:02:40Z
,Develon,South Korea,,,,,Excavator,,,html,https://eu.develon-ce.com/en/develon-9-series,,2026-02-10T06:02:42Z
Battery,Develon,South Korea,,,,,Excavator,,,html,https://eu.develon-ce.com/en/machines/dx250lce-7,,2026-07-19T16:08:11Z
,Develon,South Korea,,,,,Excavator,,,html,https://eu.develon-ce.com/en/industries/demolition,,2026-02-10T06:02:45Z
,Develon,South Korea,,,,,Excavator,,,html,https://eu.develon-ce.com/en/machines/dx530lc-7-slr,,2026-07-05T16:19:08Z
,Develon,South Korea,,,,,Excavator,,,html,https://eu.develon-ce.com/en/become-a-dealer,,2026-02-10T06:02:49Z
Battery,Develon,South Korea,,,,,Excavator,,,html,https://eu.develon-ce.com/en/innovation-concept-x,,2026-02-10T06:02:50Z
,Develon,South Korea,,,,,Excavator,,,html,https://eu.develon-ce.com/en/news/2025-07-04-Demolition-of-the-Former-Tesla-Site-in-the-Czech-Republic-Carried-Out-Using-a-Develon-DX380DM-7-Excavator,,2026-02-10T06:02:52Z
,Develon,South Korea,,,,,Excavator,,,html,https://eu.develon-ce.com/en/machines/dd130,,2026-02-10T06:02:53Z
,Develon,South Korea,,,,,Excavator,,,html,https://eu.develon-ce.com/en/machines/dx19-7,,2026-02-10T06:02:55Z
,Develon,South Korea,,,,,Excavator,,,html,https://eu.develon-ce.com/en/machines/dl08v,,2026-02-10T06:02:57Z
,Develon,South Korea,,,,,Excavator,,,html,https://eu.develon-ce.com/en/machines/dx50z,,2026-07-12T16:10:25Z
,Develon,South Korea,,,,,Excavator,,,html,https://eu.develon-ce.com/en/machines/pins-kits,,2026-08-09T15:43:56Z
,Develon,South Korea,,,,,Excavator,,,html,https://eu.develon-ce.com/en/machines/hydraulic-breakers-hb-series,,2026-02-10T06:03:02Z
,Develon,South Korea,,,,,Excavator,,,html,https://eu.develon-ce.com/en/news,,2026-08-09T15:44:47Z
,Develon,South Korea,,,,,Excavator,,,html,https://eu.develon-ce.com/en/products/engines,,2026-07-05T16:19:47Z
,Develon,South Korea,,,,,Excavator,,,html,https://eu.develon-ce.com/en/machines/dx140w-7k,,2026-07-19T16:09:05Z
,Develon,South Korea,,,,,Excavator,,,html,https://eu.develon-ce.com/en/products/wheel-excavators,,2026-08-02T16:13:56Z
,Develon,South Korea,,,,,Excavator,,,html,https://eu.develon-ce.com/en/new-brand,,2026-07-26T16:14:50Z
,Develon,South Korea,,,,,Excavator,,,html,https://eu.develon-ce.com/en/machines/dx140lcr-7,,2026-08-02T16:13:12Z
,Develon,South Korea,,,,,Excavator,,,html,https://eu.develon-ce.com/en/machines/dx230lc-9,,2026-08-09T15:44:51Z
,Develon,South Korea,,,,,Excavator,,,html,https://eu.develon-ce.com/en/people-also-search,,2026-08-02T16:13:40Z
,Develon,South Korea,,,,,Excavator,,,html,https://eu.develon-ce.com/en/fairs-and-events/sim-2025,,2026-04-26T15:56:57Z
,Develon,South Korea,,,,,Excavator,,,html,https://eu.develon-ce.com/en/machines/dx27z,,2026-07-26T16:15:02Z
,Develon,South Korea,,,,,Excavator,,,html,https://eu.develon-ce.com/en/news/2026-02-06-Designed-Around-the-Operator-Develon-Introduces-Updated-ADT-Cab,,2026-04-26T15:56:31Z
,Develon,South Korea,,,,,Excavator,,,html,https://eu.develon-ce.com/en/develon-9-series,,2026-06-21T16:56:41Z
,Develon,South Korea,,,,,Excavator,,,html,https://eu.develon-ce.com/en/industries/demolition,,2026-07-19T16:08:42Z
,Develon,South Korea,,,,,Excavator,,,html,https://eu.develon-ce.com/en/become-a-dealer,,2026-06-28T16:25:12Z
Battery,Develon,South Korea,,,,,Excavator,,,html,https://eu.develon-ce.com/en/innovation-concept-x,,2026-06-28T16:25:25Z
,Develon,South Korea,,,,,Excavator,,,html,https://eu.develon-ce.com/en/news/2025-07-04-Demolition-of-the-Former-Tesla-Site-in-the-Czech-Republic-Carried-Out-Using-a-Develon-DX380DM-7-Excavator,,2026-08-09T15:45:09Z
,Develon,South Korea,,,,,Excavator,,,html,https://eu.develon-ce.com/it/news,,2026-06-07T16:46:06Z
,Develon,South Korea,,,,,Excavator,,,html,https://eu.develon-ce.com/en/machines/dd130,,2026-06-07T16:46:28Z
,Develon,South Korea,,,,,Excavator,,,html,https://eu.develon-ce.com/en/machines/dx19-7,,2026-05-24T16:15:08Z
,Develon,South Korea,,,,,Excavator,,,html,https://eu.develon-ce.com/en/machines/dl08v,,2026-07-26T16:14:44Z
,Develon,South Korea,,,,,Excavator,,,html,https://eu.develon-ce.com/en/machines/hydraulic-breakers-hb-series,,2026-06-07T16:46:23Z
,Develon,South Korea,,,,,Excavator,,,html,https://eu.develon-ce.com/en/machines/dl280-7-waste-loader,,2026-08-02T16:13:54Z
,Develon,South Korea,,,,,Excavator,,,html,https://eu.develon-ce.com/en/news/2022-03-20-HDI-annuncia-il-nuovo-inizio-come-DEVELON,,2026-06-14T16:48:06Z
,Develon,South Korea,,,,,Excavator,,,html,https://eu.develon-ce.com/en/industries/forestry,,2026-06-07T16:46:37Z
,Develon,South Korea,,,,,Excavator,,,html,https://eu.develon-ce.com/en/products/compact-wheel-loaders-attachments,,2026-06-28T16:25:30Z
,Develon,South Korea,,,,,Excavator,,,html,https://eu.develon-ce.com/en/machines/d34-crawler-excavators,,2026-08-09T15:45:14Z
,Develon,South Korea,,,,,Excavator,,,html,https://eu.develon-ce.com/en/machines/dx235rtf-7,,2026-06-07T16:46:41Z
,Develon,South Korea,,,,,Excavator,,,html,https://eu.develon-ce.com/en/industries/tunneling,,2026-06-28T16:25:14Z
,Develon,South Korea,,,,,Excavator,,,html,https://eu.develon-ce.com/en/news/2026-02-06-Introducing-the-New-DX230LC-9-Scale-Model,,2026-05-31T16:25:13Z
,Develon,South Korea,,,,,Excavator,,,html,https://eu.develon-ce.com/de/news,,2026-08-02T16:14:01Z
,Develon,South Korea,,,,,Excavator,,,html,https://eu.develon-ce.com/en/machines/DX25Z-7,,2026-08-09T15:44:41Z
Hydrogen,HD Hyundai CE,South Korea,,,,,Excavator,,,html,https://www.hyundai-ce.com/,,2026-08-09T15:45:24Z
,HD Hyundai CE,South Korea,,,,,Excavator,,,html,https://www.hyundai-ce.com/en/product/support/contents,,2026-08-09T15:45:29Z
,HD Hyundai CE,South Korea,,,,,Excavator,,,html,https://www.hyundai-ce.com/en/agency/domestic?type=part,,2026-08-09T15:45:34Z
,HD Hyundai CE,South Korea,,,,,Excavator,,,html,https://www.hyundai-ce.com/es,,2026-08-09T15:45:36Z
,HD Hyundai CE,South Korea,,,,,Excavator,,,html,https://www.hyundai-ce.com/en/products/view?productsSeq=616,,2026-08-09T15:45:32Z
,HD Hyundai CE,South Korea,,,,,Excavator,,,html,https://www.hyundai-ce.com/en/overview/attachment/contents,,2026-08-09T15:45:24Z
,HD Hyundai CE,South Korea,,,,,Excavator,,,html,https://www.hyundai-ce.com/en/agency/domestic?type=sales,,2026-08-02T16:14:26Z
,HD Hyundai CE,South Korea,,,,,Excavator,,,html,https://www.hyundai-ce.com/en/agency/domestic,,2026-08-09T15:45:42Z
,HD Hyundai CE,South Korea,,,,,Excavator,,,html,https://www.hyundai-ce.com/en/overview/valuemate/contents,,2026-08-02T16:14:23Z
,HD Hyundai CE,South Korea,,,,,Excavator,,,html,https://www.hyundai-ce.com/en/products/view?productsSeq=573,,2026-07-26T16:15:27Z
,HD Hyundai CE,South Korea,,,,,Excavator,,,html,https://www.hyundai-ce.com/en/products/SL/list,,2026-08-02T16:14:22Z
,HD Hyundai CE,South Korea,,,,,Excavator,,,html,https://www.hyundai-ce.com/en/servicecenter/info/contents,,2026-08-09T15:45:34Z
,HD Hyundai CE,South Korea,,,,,Excavator,,,html,https://www.hyundai-ce.com/en/products/LD/list,,2026-08-09T15:45:35Z
,HD Hyundai CE,South Korea,,,,,Excavator,,,html,https://www.hyundai-ce.com/en/products/view?productsSeq=969,,2026-08-09T15:45:46Z
,HD Hyundai CE,South Korea,,,,,Excavator,,,html,https://www.hyundai-ce.com/en/educational/academy/contents,,2026-08-09T15:45:38Z
,HD Hyundai CE,South Korea,,,,,Excavator,,,html,https://www.hyundai-ce.com/en/agency/overseas?type=sales_agcy,,2026-08-09T15:45:33Z
Hydrogen,HD Hyundai CE,South Korea,,,,,Excavator,,,html,https://www.hyundai-ce.com/en,,2026-08-09T15:45:36Z
,HD Hyundai CE,South Korea,,,,,Excavator,,,html,https://www.hyundai-ce.com/en/inov/safety/contents,,2026-08-09T15:45:46Z
,HD Hyundai CE,South Korea,,,,,Excavator,,,html,https://www.hyundai-ce.com/en/total-search/list?q=Safety,,2026-08-02T16:14:41Z
,HD Hyundai CE,South Korea,,,,,Excavator,,,html,https://www.hyundai-ce.com/en/privacy/policy,,2026-08-09T15:45:41Z
,HD Hyundai CE,South Korea,,,,,Excavator,,,html,https://www.hyundai-ce.com/en/products/BL/list,,2026-08-09T15:45:35Z
,HD Hyundai CE,South Korea,,,,,Excavator,,,html,https://www.hyundai-ce.com/en/agency/overseas,,2026-08-09T15:45:33Z
,HD Hyundai CE,South Korea,,,,,Excavator,,,html,https://www.hyundai-ce.com/en/products/view?productsSeq=953,,2026-08-09T15:45:47Z
,HD Hyundai CE,South Korea,,,,,Excavator,,,html,https://www.hyundai-ce.com/en/products/DZ/list,,2026-08-02T16:14:21Z
,HD Hyundai CE,South Korea,,,,,Excavator,,,html,https://www.hyundai-ce.com/en/overview/parts/contents,,2026-08-09T15:45:35Z
,HD Hyundai CE,South Korea,,,,,Excavator,,,html,https://www.hyundai-ce.com/en/ask/questions/list,,2026-08-02T16:14:21Z
,HD Hyundai CE,South Korea,,,,,Excavator,,,html,https://www.hyundai-ce.com/en/total-search/list?q=TIER 4,,2026-08-09T15:45:32Z
,HD Hyundai CE,South Korea,,,,,Excavator,,,html,https://www.hyundai-ce.com/en/products/SP/list,,2026-08-09T15:45:41Z
,HD Hyundai CE,South Korea,,,,,Excavator,,,html,https://www.hyundai-ce.com/en/total-search/list?q=MG MC ,,2026-08-09T15:45:28Z
,HD Hyundai CE,South Korea,,,,,Excavator,,,html,https://www.hyundai-ce.com/en/total-search/list?q=HI MATE,,2026-08-09T15:45:40Z
,HD Hyundai CE,South Korea,,,,,Excavator,,,html,https://www.hyundai-ce.com/en/products/view?productsSeq=571,,2026-08-02T16:14:42Z
Hydrogen,SANY,China,,,,,Excavator,,,html,https://www.sanyglobal.com/,,2026-08-09T15:45:50Z
Hydrogen,SANY,China,,,,,Excavator,,,html,https://www.sanyglobal.com/press_releases/4835/,,2026-02-22T15:59:05Z
Hydrogen,SANY,China,,,,,Excavator,,,html,https://www.sanyglobal.com/cases/list-17/,,2026-08-09T15:46:03Z
Hydrogen,SANY,China,,,,,Excavator,,,html,https://www.sanyglobal.com/product/petroleum_equipment/fracking_unit/,,2026-08-09T15:45:54Z
Hydrogen,SANY,China,,,,,Excavator,,,html,https://www.sanyglobal.com/product/excavator/small_excavator/112/,,2026-05-10T16:09:29Z
Hydrogen,SANY,China,,,,,Excavator,,,html,https://www.sanyglobal.com/product/truck/off-highway_mining_truck/,,2026-07-26T16:15:45Z
Hydrogen,SANY,China,,,,,Excavator,,,html,https://www.sanyglobal.com/press_releases/4847/,,2026-03-22T15:41:42Z
Hydrogen,SANY,China,,,,,Excavator,,,html,https://www.sanyglobal.com/product/sanitation_equipment/cleaning_trolley/,,2026-06-07T16:47:14Z
Hydrogen,SANY,China,,,,,Excavator,,,html,https://www.sanyglobal.com/product/generator_set/diesel_genset/,,2026-07-26T16:15:55Z
Hydrogen,SANY,China,,,,,Excavator,,,html,https://www.sanyglobal.com/privacy/,,2026-07-12T16:11:56Z
Hydrogen,SANY,China,,,,,Excavator,,,html,https://www.sanyglobal.com/product/mobile_crusher/mobile_impact_crusher/,,2026-07-26T16:15:44Z
Hydrogen,SANY,China,,,,,Excavator,,,html,https://www.sanyglobal.com/product/electric_forklift/electric_forklift1/,,2026-07-12T16:11:39Z
Hydrogen,SANY,China,,,,,Excavator,,,html,https://www.sanyglobal.com/press_releases/,,2026-08-09T15:46:01Z
Hydrogen,SANY,China,,,,,Excavator,,,html,https://www.sanyglobal.com/product/excavator/mini_excavator/109/,,2026-07-12T16:11:46Z
Hydrogen,SANY,China,,,,,Excavator,,,html,https://www.sanyglobal.com/product/aerial_work_platform/scissorlift1/,,2026-07-12T16:11:51Z
Hydrogen,SANY,China,,,,,Excavator,,,html,https://www.sanyglobal.com/product/loader/wheel_loader_new/,,2026-06-07T16:47:14Z
Hydrogen,SANY,China,,,,,Excavator,,,html,https://www.sanyglobal.com/press_releases/4841/,,2026-03-15T15:44:57Z
Hydrogen,SANY,China,,,,,Excavator,,,html,https://www.sanyglobal.com/product/port_machinery/reach_stacker/,,2026-05-31T16:26:00Z
Hydrogen,SANY,China,,,,,Excavator,,,html,https://www.sanyglobal.com/product/road_machinery/roller/,,2026-07-12T16:11:57Z
Hydrogen,SANY,China,,,,,Excavator,,,html,https://www.sanyglobal.com/product/excavator/mini_excavator/108/,,2026-05-17T16:11:58Z
Hydrogen,SANY,China,,,,,Excavator,,,html,https://www.sanyglobal.com/press_releases/4839/,,2026-03-01T15:53:29Z
Hydrogen,SANY,China,,,,,Excavator,,,html,https://www.sanyglobal.com/product/piling_machinery/rotary_drilling_rig/,,2026-07-12T16:11:58Z
Hydrogen,SANY,China,,,,,Excavator,,,html,https://www.sanyglobal.com/product/wind_turbine/wind_turbine_generator/,,2026-08-09T15:46:06Z
Hydrogen,SANY,China,,,,,Excavator,,,html,https://www.sanyglobal.com/product/mining_&_tunneling/roadheader/,,2026-06-07T16:47:09Z
Hydrogen,SANY,China,,,,,Excavator,,,html,https://www.sanyglobal.com/press_releases/4840/,,2026-03-15T15:44:44Z
Hydrogen,SANY,China,,,,,Excavator,,,html,https://www.sanyglobal.com/press_releases/4838/,,2026-02-22T15:59:08Z
Hydrogen,SANY,China,,,,,Excavator,,,html,https://www.sanyglobal.com/product/excavator/small_excavator/111/,,2026-07-19T16:09:44Z
Hydrogen,SANY,China,,,,,Excavator,,,html,https://www.sanyglobal.com/press_releases/4843/,,2026-03-15T15:44:47Z
Hydrogen,SANY,China,,,,,Excavator,,,html,https://www.sanyglobal.com/product/hydrogen_energy_equipment/hydrogen_production_equipment/,,2026-06-07T16:47:20Z
Hydrogen,SANY,China,,,,,Excavator,,,html,https://www.sanyglobal.com/product/fire-fighting_&_rescue/water_tower_fire_truck/,,2026-08-09T15:46:00Z
Hydrogen,SANY,China,,,,,Excavator,,,html,https://www.sanyglobal.com/press_releases/4851/,,2026-04-05T15:50:45Z
Battery,XCMG,China,,,,,Wheel loader,,,html,https://www.xcmg.com/,,2026-08-09T15:46:14Z
Battery,XCMG,China,,,,,Wheel loader,,,html,https://www.xcmg.com/product/pro-list.htm?catId=1001000414&erCatId=0&sanCatId=0,,2026-07-26T16:16:28Z
Battery,XCMG,China,,,,,Wheel loader,,,html,https://www.xcmg.com/case/case.htm,,2026-08-02T16:15:28Z
Battery,XCMG,China,,,,,Wheel loader,,,html,https://www.xcmg.com/product/pro-list.htm?catId=1001000236,,2026-06-28T16:26:47Z
Battery,XCMG,China,,,,,Wheel loader,,,html,https://www.xcmg.com/product/pro-detail-121046.htm,,2026-07-12T16:12:28Z
Battery,XCMG,China,,,,,Wheel loader,,,html,https://www.xcmg.com/aboutus/history.htm,,2026-06-14T16:49:51Z
Battery,XCMG,China,,,,,Wheel loader,,,html,https://www.xcmg.com/core/control/wcm_common_member/login.jsp?method=logout,,2026-07-19T16:10:47Z
Battery,XCMG,China,,,,,Wheel loader,,,html,https://www.xcmg.com/product/pro-list.htm?catId=1658&erCatId=0&sanCatId=0,,2026-08-02T16:15:43Z
Battery,XCMG,China,,,,,Wheel loader,,,html,https://www.xcmg.com/product/pro-list.htm?catId=1001000304,,2026-08-09T15:46:44Z
Battery,XCMG,China,,,,,Wheel loader,,,html,https://www.xcmg.com/aboutus/contact-us.htm,,2026-07-26T16:16:32Z
Battery,XCMG,China,,,,,Wheel loader,,,html,https://www.xcmg.com/site/search.htm?keywords=XE200GH挖掘机,,2026-08-09T15:46:23Z
,XCMG,China,,,,,Wheel loader,,,html,https://www.xcmg.com/aboutus/news-detail-1128669.htm,,2026-03-01T15:54:10Z
Battery,XCMG,China,,,,,Wheel loader,,,html,https://www.xcmg.com/aboutus/video.htm,,2026-07-12T16:12:31Z
Battery,XCMG,China,,,,,Wheel loader,,,html,https://www.xcmg.com/product/pro-list.htm?catId=32204,,2026-05-31T16:26:47Z
Battery,XCMG,China,,,,,Wheel loader,,,html,https://www.xcmg.com/aftermarket/wenchuang.htm,,2026-07-26T16:16:45Z
Battery,XCMG,China,,,,,Wheel loader,,,html,https://www.xcmg.com/product/pro-list.htm?catId=1001000343,,2026-08-02T16:15:32Z
Battery,XCMG,China,,,,,Wheel loader,,,html,https://www.xcmg.com/product/pro-list.htm?catId=1001000236&erCatId=0&sanCatId=0,,2026-07-26T16:16:48Z
Battery,XCMG,China,,,,,Wheel loader,,,html,https://www.xcmg.com/product/pro-list.htm?catId=1875&erCatId=0&sanCatId=0,,2026-08-09T15:46:15Z
Battery,XCMG,China,,,,,Wheel loader,,,html,https://www.xcmg.com/aboutus/news.htm,,2026-07-12T16:12:37Z
Battery,XCMG,China,,,,,Wheel loader,,,html,https://www.xcmg.com/product/pro-list.htm?catId=1001000343&erCatId=0&sanCatId=0,,2026-07-12T16:12:46Z
,XCMG,China,,,,,Wheel loader,,,html,https://www.xcmg.com/aboutus/previewnews-detail-1128550.htm,,2026-03-01T15:54:26Z
Battery,XCMG,China,,,,,Wheel loader,,,html,https://www.xcmg.com/product/pro-list.htm?catId=1867,,2026-07-05T16:20:50Z
Battery,XCMG,China,,,,,Wheel loader,,,html,https://www.xcmg.com/product/pro-list.htm?catId=1867&erCatId=0&sanCatId=0,,2026-07-19T16:10:13Z
Battery,XCMG,China,,,,,Wheel loader,,,html,https://www.xcmg.com/aboutus/job_center.htm,,2026-08-02T16:15:33Z
Battery,XCMG,China,,,,,Wheel loader,,,html,https://www.xcmg.com/financial/financial-programmes.htm,,2026-08-09T15:46:31Z
Battery,XCMG,China,,,,,Wheel loader,,,html,https://www.xcmg.com/product/pro-list.htm?catId=34865&erCatId=0&sanCatId=0,,2026-08-09T15:46:33Z
,XCMG,China,,,,,Wheel loader,,,html,https://www.xcmg.com/event/event-podcasts.htm,,2026-03-08T15:40:27Z
Battery,XCMG,China,,,,,Wheel loader,,,html,https://www.xcmg.com/product/pro-list.htm?catId=1001034534&erCatId=0&sanCatId=0,,2026-07-26T16:16:49Z
Battery,XCMG,China,,,,,Wheel loader,,,html,https://www.xcmg.com/product/pro-list.htm?catId=1001000304&erCatId=0&sanCatId=0,,2026-07-12T16:12:14Z
Battery,XCMG,China,,,,,Wheel loader,,,html,https://www.xcmg.com/product/pro-detail-120952.htm,,2026-06-14T16:50:02Z
,XCMG,China,,,,,Wheel loader,,,html,https://www.xcmg.com/solution/road-construction.htm,,2026-05-31T16:26:13Z
Battery,Terex,Global,,,,,Dump truck,,,html,https://www.terex.com/,,2026-02-10T06:06:00Z
Battery,Terex,Global,,,,,Dump truck,,,html,https://www.terex.com/en/company/news,,2026-08-09T15:47:43Z
Battery,Terex,Global,,,,,Dump truck,,,html,http://www.terex.com/it/pagina-principale,,2026-03-08T15:41:18Z
Battery,Terex,Global,,,,,Dump truck,,,html,https://www.terex.com/,,2026-08-09T15:47:34Z
Battery,Terex,Global,,,,,Dump truck,,,html,https://www.terex.com/en/footer/company/purpose-mission-values,,2026-08-02T16:16:29Z
Battery,Terex,Global,,,,,Dump truck,,,html,https://www.terex.com/en/footer/sustainability/governance,,2026-07-19T16:11:47Z
Battery,Terex,Global,,,,,Dump truck,,,html,https://www.terex.com/en/products-solutions/merchandise,,2026-07-26T16:17:42Z
Battery,Terex,Global,,,,,Dump truck,,,html,https://www.terex.com/en/company/contact-us,,2026-08-09T15:47:36Z
Battery,Terex,Global,,,,,Dump truck,,,html,https://www.terex.com/en/footer/company/contact-us,,2026-07-12T16:13:34Z
Battery,Terex,Global,,,,,Dump truck,,,html,https://www.terex.com/en/search?indexCatalogue=core-index&searchQuery=Terex,,2026-08-09T15:47:35Z
Battery,Terex,Global,,,,,Dump truck,,,html,https://www.terex.com/en/footer/sustainability/ca-transparency-policy,,2026-07-05T16:22:09Z
Hybrid,Terex,Global,,,,,Dump truck,,,html,https://www.terex.com/en/products-solutions/equipment#aerial,,2026-07-26T16:17:42Z
Battery,Terex,Global,,,,,Dump truck,,,html,http://www.terex.com/de/home,,2026-03-15T15:46:36Z
Battery,Terex,Global,,,,,Dump truck,,,html,https://www.terex.com/en/terms-and-privacy/linking,,2026-08-09T15:47:41Z
Battery,Terex,Global,,,,,Dump truck,,,html,http://www.terex.com/en/home,,2026-03-22T15:43:12Z
Hybrid,Terex,Global,,,,,Dump truck,,,html,https://www.terex.com/en/footer/sustainability/product-innovation---customer-solutions,,2026-07-19T16:11:26Z
Battery,Terex,Global,,,,,Dump truck,,,html,https://www.terex.com/en/footer/products-solutions/terex-telematics-terms-of-use,,2026-08-09T15:47:38Z
Battery,Terex,Global,,,,,Dump truck,,,html,https://www.terex.com/en/footer/company/uk-group-tax-strategy,,2026-08-09T15:47:46Z
Battery,Terex,Global,,,,,Dump truck,,,html,https://www.terex.com/en/terms-and-privacy/cookie-notice,,2026-07-19T16:11:43Z
Battery,Terex,Global,,,,,Dump truck,,,html,https://www.terex.com/en/footer/sustainability/european-union-reach-regulation,,2026-08-09T15:47:47Z
Battery,Terex,Global,,,,,Dump truck,,,html,https://www.terex.com/en/terms-and-privacy/preferences,,2026-08-09T15:47:45Z
Battery,Terex,Global,,,,,Dump truck,,,html,https://www.terex.com/en,,2026-08-02T16:16:25Z
Battery,Terex,Global,,,,,Dump truck,,,html,http://www.terex.com/en-gb/home,,2026-03-08T15:41:18Z
Battery,Terex,Global,,,,,Dump truck,,,html,https://www.terex.com/en/footer/company/suppliers,,2026-08-09T15:47:39Z
Battery,Terex,Global,,,,,Dump truck,,,html,https://www.terex.com/en/terms-and-privacy/privacy-policy,,2026-08-09T15:47:43Z
Battery,Terex,Global,,,,,Dump truck,,,html,https://www.terex.com/en/footer/careers,,2026-07-26T16:17:38Z
Hybrid,Terex,Global,,,,,Dump truck,,,html,https://www.terex.com/en/products-solutions/services,,2026-08-09T15:47:36Z
Battery,Terex,Global,,,,,Dump truck,,,html,https://www.terex.com/en/products-solutions,,2026-07-19T16:11:43Z
Hybrid,Terex,Global,,,,,Dump truck,,,html,https://www.terex.com/en/products-solutions/equipment,,2026-08-02T16:16:23Z
,XEMC,China,,,,,Dump truck,,,html,http://www.xemc.com.cn/product/index/salenet.html,,2026-08-02T16:17:10Z
,XEMC,China,,,,,Dump truck,,,html,http://www.xemc.com.cn/company/index/tec.html,,2026-08-09T15:49:26Z
Hybrid,Yutong,China,,,,,Excavator,,,html,https://en.yutong.com/,,2026-08-09T15:54:24Z
Battery,Yutong,China,,,,,Excavator,,,html,https://en.yutong.com/products/E7S.shtml,,2026-08-02T16:21:53Z
Battery,Yutong,China,,,,,Excavator,,,html,https://en.yutong.com/technology/,,2026-07-19T16:16:26Z
Battery,Yutong,China,,,,,Excavator,,,html,https://en.yutong.com/privacy/,,2026-07-05T16:26:54Z
Hybrid,Yutong,China,,,,,Excavator,,,html,https://en.yutong.com/about/net-carbon-forest/,,2026-08-09T15:54:25Z
,Yutong,China,,,,,Excavator,,,html,https://en.yutong.com/pressmedia/news/yutong-news/2025/2003011352389619712.shtml,,2026-03-08T15:47:48Z
Hybrid,Yutong,China,,,,,Excavator,,,html,https://en.yutong.com/products/C13E.shtml,,2026-07-19T16:16:07Z
Hybrid,Yutong,China,,,,,Excavator,,,html,https://en.yutong.com/products/e-bus/,,2026-08-09T15:54:57Z
,Yutong,China,,,,,Excavator,,,html,https://en.yutong.com/products/city-bus/,,2026-08-09T15:54:46Z
Hybrid,Yutong,China,,,,,Excavator,,,html,https://en.yutong.com/pressmedia/event-topic/,,2026-06-21T17:06:26Z
,Yutong,China,,,,,Excavator,,,html,https://en.yutong.com/contact/contact/,,2026-08-09T15:55:13Z
,Yutong,China,,,,,Excavator,,,html,https://en.yutong.com/about/our-market/yutong-in-america/,,2026-08-09T15:54:37Z
Hybrid,Yutong,China,,,,,Excavator,,,html,https://en.yutong.com/technology/industry-insights/,,2026-07-12T16:16:24Z
,Yutong,China,,,,,Excavator,,,html,https://en.yutong.com/site-map/,,2026-08-09T15:54:26Z
Hybrid,Yutong,China,,,,,Excavator,,,html,https://en.yutong.com/data-protection-rights-request/,,2026-08-09T15:54:37Z
Battery,Yutong,China,,,,,Excavator,,,html,https://en.yutong.com/technology/reliability-and-durability/,,2026-07-26T16:23:40Z
,Yutong,China,,,,,Excavator,,,html,https://en.yutong.com/service/service-contracts/overview/,,2026-08-02T16:23:09Z
Battery,Yutong,China,,,,,Excavator,,,html,https://en.yutong.com/e-solution/,,2026-07-26T16:23:37Z
,Yutong,China,,,,,Excavator,,,html,https://en.yutong.com/pressmedia/media-library/video/,,2026-07-12T16:17:23Z
,Yutong,China,,,,,Excavator,,,html,https://en.yutong.com/products/airfield-buses/,,2026-08-09T15:55:14Z
,Yutong,China,,,,,Excavator,,,html,https://en.yutong.com/about/our-market/yutong-in-asia/,,2026-08-09T15:55:15Z
Battery,Yutong,China,,,,,Excavator,,,html,https://en.yutong.com/pressmedia/downloads/,,2026-07-19T16:14:13Z
,Yutong,China,,,,,Excavator,,,html,https://en.yutong.com/cookie/,,2026-07-19T16:16:30Z
,Yutong,China,,,,,Excavator,,,html,https://en.yutong.com/products/Van/,,2026-08-09T15:55:11Z
,Yutong,China,,,,,Excavator,,,html,https://en.yutong.com/service/,,2026-08-02T16:23:23Z
Hybrid,Yutong,China,,,,,Excavator,,,html,https://en.yutong.com/products/,,2026-08-09T15:54:58Z
,Yutong,China,,,,,Excavator,,,html,https://en.yutong.com/products/ZK6890HG.shtml,,2026-07-19T16:14:33Z
,Yutong,China,,,,,Excavator,,,html,https://en.yutong.com/about/our-market/,,2026-08-09T15:55:08Z
Hybrid,Yutong,China,,,,,Excavator,,,html,https://en.yutong.com/pressmedia/,,2026-08-02T16:23:06Z
,Yutong,China,,,,,Excavator,,,html,https://en.yutong.com/order/,,2026-07-26T16:25:15Z
,Zoomlion,China,,,,,Construction,,,html,https://en.zoomlion.com/,,2026-02-10T06:11:29Z
,Zoomlion,China,,,,,Construction,,,html,https://en.zoomlion.com/investor/Investor.htm#item01,,2026-08-09T15:55:23Z
,Zoomlion,China,,,,,Construction,,,html,https://en.zoomlion.com/investor/Investor.htm#item02,,2026-08-09T15:55:35Z
,Zoomlion,China,,,,,Construction,,,html,https://en.zoomlion.com/about/Technology&Innovation.htm,,2026-08-09T15:55:30Z
,Zoomlion,China,,,,,Construction,,,html,https://en.zoomlion.com/service/construction_cases.htm,,2026-08-09T15:55:32Z
,Zoomlion,China,,,,,Construction,,,html,http://en.zoomlion.com/,,2026-08-09T15:55:38Z
,Zoomlion,China,,,,,Construction,,,html,https://en.zoomlion.com/,,2026-08-09T15:55:28Z
,Zoomlion,China,,,,,Construction,,,html,https://en.zoomlion.com/news/events.jsp,,2026-08-09T15:55:33Z
,Zoomlion,China,,,,,Construction,,,html,https://en.zoomlion.com/investor/Investor.htm?name=financial#item02,,2026-08-09T15:55:27Z
,Zoomlion,China,,,,,Construction,,,html,https://en.zoomlion.com/contact/contact_us.htm,,2026-08-09T15:55:31Z
,Zoomlion,China,,,,,Construction,,,html,https://en.zoomlion.com/about/career.htm,,2026-08-09T15:55:25Z
,Zoomlion,China,,,,,Construction,,,html,https://en.zoomlion.com/investor/Investor.htm,,2026-08-09T15:55:38Z
,Zoomlion,China,,,,,Construction,,,html,https://en.zoomlion.com/news/News.jsp,,2026-08-09T15:55:24Z
,Zoomlion,China,,,,,Construction,,,html,https://en.zoomlion.com/service/services_offered.htm,,2026-08-09T15:55:23Z
,Zoomlion,China,,,,,Construction,,,html,https://en.zoomlion.com/service/service_network.htm,,2026-08-09T15:55:37Z
Hybrid,Zoomlion,China,,,,,Dump truck,,,html,https://en.zoomlion.com/news/video.htm,,2026-08-09T15:55:22Z
,Zoomlion,China,,,,,Construction,,,html,https://en.zoomlion.com/service/parts_network.htm,,2026-08-09T15:55:26Z
,Zoomlion,China,,,,,Excavator,,,html,https://en.zoomlion.com/about/social_responsibility.htm,,2026-08-09T15:55:29Z
Hybrid,Zoomlion,China,,,,,Construction,,,html,https://en.zoomlion.com/service/zoomlion_services.htm,,2026-08-09T15:55:36Z
Hybrid,Zoomlion,China,,,,,Excavator,,,html,https://en.zoomlion.com/about/company_profile.htm,,2026-08-09T15:55:34Z
Hydrogen,Doosan,Korea,,,,,Excavator,,,html,https://www.doosan.com/en,,2026-05-31T16:35:03Z
Hydrogen,Doosan,Korea,,,,,Excavator,,,html,https://www.doosan.com/en/media-center/press-release_view?id=20172767,,2026-02-22T16:08:57Z
Hydrogen,Doosan,Korea,,,,,Excavator,,,html,https://www.doosan.com/en/intro/affiliates/?menu=doosan-affiliates,,2026-02-10T06:11:49Z
Hydrogen,Doosan,Korea,,,,,Excavator,,,html,https://www.doosan.com/en/csr/social-responsibility/?menu=support-growth-of-people&tab=support-for-the-growth-of-children-youths,,2026-02-10T06:11:49Z
Hydrogen,Doosan,Korea,,,,,Excavator,,,html,https://www.doosan.com/en/media-center/press-release_view?id=20172763,,2026-02-15T16:07:50Z
Hydrogen,Doosan,Korea,,,,,Excavator,,,html,https://www.doosan.com/en/media-center/press-release_view?id=20172768,,2026-02-22T16:09:02Z
Hydrogen,Doosan,Korea,,,,,Excavator,,,html,https://www.doosan.com/en/intro/doosan-story/,,2026-02-10T06:11:53Z
Hydrogen,Doosan,Korea,,,,,Excavator,,,html,https://www.doosan.com/en/intro/affiliates/?menu=auxiliary-organizations,,2026-02-10T06:11:55Z
Hydrogen,Doosan,Korea,,,,,Excavator,,,html,https://www.doosan.com/en/intro/affiliates/?menu=doosan-affiliates#ccode=129,,2026-02-10T06:11:58Z
Hydrogen,Doosan,Korea,,,,,Wheel loader,,,html,https://www.doosan.com/en/intro/business-highlights,,2026-02-10T06:11:58Z
Hydrogen,Doosan,Korea,,,,,Excavator,,,html,https://www.doosan.com/en#WRAP,,2026-05-31T16:34:44Z
Hydrogen,Doosan,Korea,,,,,Excavator,,,html,https://www.doosan.com/en/media-center/ces2026/,,2026-02-10T06:12:00Z
Hydrogen,Doosan,Korea,,,,,Excavator,,,html,https://www.doosan.com/en/intro/leadership/,,2026-02-10T06:12:00Z
Hydrogen,Doosan,Korea,,,,,Excavator,,,html,https://www.doosan.com/en/intro/affiliates/?menu=doosan-affiliates/,,2026-08-09T15:55:45Z
Hydrogen,Doosan,Korea,,,,,Excavator,,,html,https://www.doosan.com/en/intro/doosan-story,,2026-02-10T06:12:02Z
Hydrogen,Doosan,Korea,,,,,Excavator,,,html,https://www.doosan.com/en/media-center/press-release/,,2026-02-10T06:12:04Z
Hydrogen,Doosan,Korea,,,,,Excavator,,,html,https://www.doosan.com/en/intro/affiliates/?menu=doosan-affiliates,,2026-08-09T15:56:00Z
Hydrogen,Doosan,Korea,,,,,Excavator,,,html,https://www.doosan.com/en/csr/social-responsibility/?menu=support-growth-of-people&tab=support-for-the-growth-of-children-youths,,2026-08-09T15:56:04Z
Hydrogen,Doosan,Korea,,,,,Excavator,,,html,https://www.doosan.com/en/intro/doosan-story/,,2026-08-09T15:56:07Z
Hydrogen,Doosan,Korea,,,,,Excavator,,,html,https://www.doosan.com/en/intro/affiliates/?menu=auxiliary-organizations,,2026-08-09T15:56:08Z
Hydrogen,Doosan,Korea,,,,,Excavator,,,html,https://www.doosan.com/en/intro/affiliates/?menu=doosan-affiliates#ccode=129,,2026-08-02T16:24:31Z
Hydrogen,Doosan,Korea,,,,,Wheel loader,,,html,https://www.doosan.com/en/intro/business-highlights,,2026-07-26T16:26:21Z
Hydrogen,Doosan,Korea,,,,,Excavator,,,html,https://www.doosan.com/en/media-center/ces2026/,,2026-03-29T15:58:12Z
Hydrogen,Doosan,Korea,,,,,Excavator,,,html,https://www.doosan.com/en/intro/leadership/,,2026-07-26T16:26:18Z
Hydrogen,Doosan,Korea,,,,,Excavator,,,html,https://www.doosan.com/en/intro/doosan-story,,2026-08-09T15:56:01Z
Hydrogen,Doosan,Korea,,,,,Excavator,,,html,https://www.doosan.com/en/media-center/press-release/,,2026-06-14T16:55:47Z
Hydrogen,Doosan,Korea,,,,,Excavator,,,html,https://www.doosan.com/en/intro/technology-innovation/?menu=rnd_unmanned-autonomous-system_eco-friendly-energy_state-of-art-manufacturing,,2026-08-02T16:24:29Z
,BEML,India,,,,,Excavator,,,html,https://www.bemlindia.in/,,2026-08-09T15:56:22Z
,BEML,India,,,,,Excavator,,,html,https://www.bemlindia.in/test-facilities/,,2026-02-10T06:12:32Z
Battery,BEML,India,,,,,Excavator,,,html,https://www.bemlindia.in/manufacturing-plants,,2026-02-10T06:12:35Z
,BEML,India,,,,,Excavator,,,html,https://www.bemlindia.in/vision-mission/,,2026-02-10T06:12:37Z
,BEML,India,,,,,Excavator,,,html,https://www.bemlindia.in/product-portfolio-2/,,2026-02-10T06:12:40Z
,BEML,India,,,,,Excavator,,,html,https://www.bemlindia.in/test-facilities,,2026-02-10T06:12:42Z
,BEML,India,,,,,Excavator,,,html,https://www.bemlindia.in/azadi-ka-amrit-mahotsav/,,2026-08-09T15:57:50Z
,BEML,India,,,,,Excavator,,,html,https://www.bemlindia.in/#PRODUCTS,,2026-08-09T15:56:25Z
,BEML,India,,,,,Excavator,,,html,https://www.bemlindia.in/cmd-interviews/,,2026-02-10T06:12:50Z
,BEML,India,,,,,Excavator,,,html,https://www.bemlindia.in/marketing-network/,,2026-02-10T06:12:52Z
,BEML,India,,,,,Excavator,,,html,https://www.bemlindia.in/product-portfolio-2,,2026-02-10T06:12:55Z
,BEML,India,,,,,Excavator,,,html,https://www.bemlindia.in/mining-and-construction,,2026-02-10T06:12:58Z
,BEML,India,,,,,Excavator,,,html,https://www.bemlindia.in/international-business-division,,2026-02-10T06:13:03Z
,BEML,India,,,,,Excavator,,,html,https://www.bemlindia.in/eprocurement/,,2026-02-10T06:13:07Z
,BEML,India,,,,,Excavator,,,html,https://www.bemlindia.in/about,,2026-02-10T06:13:11Z
,BEML,India,,,,,Excavator,,,html,https://www.bemlindia.in/about/,,2026-02-10T06:13:18Z
,BEML,India,,,,,Excavator,,,html,https://www.bemlindia.in/media-releases/,,2026-07-26T16:28:45Z
,BEML,India,,,,,Excavator,,,html,https://www.bemlindia.in/leadership,,2026-08-02T16:27:16Z
,BEML,India,,,,,Excavator,,,html,https://www.bemlindia.in/vigilance/,,2026-08-02T16:26:37Z
,BEML,India,,,,,Excavator,,,html,https://www.bemlindia.in/investors,,2026-08-09T15:57:44Z
,BEML,India,,,,,Excavator,,,html,https://www.bemlindia.in/#SUPPLIERS,,2026-08-09T15:57:25Z
,BEML,India,,,,,Excavator,,,html,https://www.bemlindia.in/contact,,2026-08-09T15:59:29Z
,BEML,India,,,,,Excavator,,,html,https://www.bemlindia.in/right-to-information,,2026-08-09T15:59:06Z
,BEML,India,,,,,Excavator,,,html,https://www.bemlindia.in/indigenisation,,2026-08-09T15:59:36Z
,BEML,India,,,,,Excavator,,,html,https://www.bemlindia.in/subsidiaries,,2026-08-09T15:59:33Z
,BEML,India,,,,,Excavator,,,html,https://www.bemlindia.in/media/press-releases/,,2026-08-09T15:58:13Z
,BEML,India,,,,,Excavator,,,html,https://www.bemlindia.in/scheme-for-arrangement-of-demerger/,,2026-08-09T15:59:53Z
,BEML,India,,,,,Excavator,,,html,https://www.bemlindia.in/test-facilities/,,2026-07-19T16:20:58Z
Battery,BEML,India,,,,,Excavator,,,html,https://www.bemlindia.in/manufacturing-plants,,2026-08-02T16:27:01Z
,BEML,India,,,,,Excavator,,,html,https://www.bemlindia.in/vision-mission/,,2026-07-26T16:27:58Z
,BEML,India,,,,,Excavator,,,html,https://www.bemlindia.in/product-portfolio-2/,,2026-08-02T16:27:55Z
,BEML,India,,,,,Excavator,,,html,https://www.bemlindia.in/test-facilities,,2026-08-09T15:59:13Z
,BEML,India,,,,,Excavator,,,html,https://www.bemlindia.in/general-information/,,2026-08-02T16:28:18Z
,BEML,India,,,,,Excavator,,,html,https://www.bemlindia.in/online-investor-complaints/,,2026-07-12T16:22:52Z
,BEML,India,,,,,Excavator,,,html,https://www.bemlindia.in/cmd-interviews/,,2026-08-09T15:58:02Z
,BEML,India,,,,,Excavator,,,html,https://www.bemlindia.in/marketing-network/,,2026-08-09T15:57:56Z
,BEML,India,,,,,Excavator,,,html,https://www.bemlindia.in/product-portfolio-2,,2026-07-26T16:28:58Z
,BEML,India,,,,,Excavator,,,html,https://www.bemlindia.in/as-on-agm-date/,,2026-08-02T16:28:05Z
,BEML,India,,,,,Excavator,,,html,https://www.bemlindia.in/investors-complaints/,,2026-06-28T16:39:22Z
,BEML,India,,,,,Excavator,,,html,https://www.bemlindia.in/mining-and-construction,,2026-08-02T16:26:42Z
,BEML,India,,,,,Excavator,,,html,https://www.bemlindia.in/online-complaint-status/,,2026-08-09T15:58:57Z
,BEML,India,,,,,Excavator,,,html,https://www.bemlindia.in/disclosures-under-regulation-46/,,2026-07-19T16:20:01Z
,BEML,India,,,,,Excavator,,,html,https://www.bemlindia.in/international-business-division,,2026-07-26T16:27:55Z
,BEML,India,,,,,Excavator,,,html,https://www.bemlindia.in/as-per-section-1242/,,2026-08-09T15:59:25Z
,BEML,India,,,,,Excavator,,,html,https://www.bemlindia.in/mamc-industries-limited/,,2026-06-28T16:38:53Z
,BEML,India,,,,,Excavator,,,html,https://www.bemlindia.in/appointment-change-of-directors-kmps/,,2026-06-14T16:57:32Z
,BEML,India,,,,,Excavator,,,html,https://www.bemlindia.in/eprocurement/,,2026-08-02T16:26:27Z
,BEML,India,,,,,Excavator,,,html,https://www.bemlindia.in/about,,2026-07-26T16:28:35Z
,BEML,India,,,,,Excavator,,,html,https://www.bemlindia.in/about/,,2026-06-21T17:09:29Z
Hybrid,Komatsu,Japan,,,,,Excavator,,,HTML,https://www.komatsu.com/en-us/products/equipment/blasthole-drills,,2026-08-09T15:40:33Z
Hybrid,Komatsu,Japan,,,,,Excavator,,,HTML,https://www.komatsu.com/content/komatsu/websites/na/en-us/customer-portals,,2026-02-13T01:00:16Z
Hybrid,Komatsu,Japan,,,,,Excavator,,,HTML,https://www.komatsu.com/content/komatsu/websites/na/en-us/modern-slavery-statement,,2026-03-01T15:48:07Z
Hybrid,Komatsu,Japan,,,,,Excavator,,,HTML,https://www.komatsu.com/content/komatsu/websites/na/en-us/transparency-in-coverage,,2026-03-01T15:48:14Z
Hybrid,Komatsu,Japan,,,,,Excavator,,,HTML,https://www.komatsu.com/en-us/technology/smart-quarry/study,,2026-08-02T16:09:30Z
Hybrid,Komatsu,Japan,,,,,Excavator,,,HTML,https://www.komatsu.com/en-us/region,,2026-07-12T16:07:04Z
Hybrid,Komatsu,Japan,,,,,Excavator,,,HTML,https://www.komatsu.com/content/komatsu/websites/na/en-us/case-studies,,2026-03-01T15:48:10Z
Hybrid,Komatsu,Japan,,,,,Excavator,,,HTML,https://www.komatsu.com/en-us/newsroom/2026/connected-performance-drives-results-at-conexpo,,2026-02-22T15:53:57Z
Hybrid,Komatsu,Japan,,,,,Excavator,,,HTML,https://www.komatsu.com/en-us/products/equipment/longwall,,2026-08-09T15:40:24Z
Hybrid,Komatsu,Japan,,,,,Excavator,,,HTML,https://www.komatsu.com/content/komatsu/websites/na/en-us/suppliers,,2026-02-22T15:54:11Z
Hybrid,Komatsu,Japan,,,,,Excavator,,,HTML,https://www.komatsu.com/en-us/technology/smart-construction/base-rover,,2026-07-05T16:16:06Z
Hybrid,Komatsu,Japan,,,,,Excavator,,,HTML,https://www.komatsu.com/content/komatsu/websites/na/en-us/products/equipment,,2026-03-15T15:39:26Z
Hybrid,Komatsu,Japan,,,,,Excavator,,,HTML,https://www.komatsu.com/en-us/products/equipment/underground-hard-rock-haulage,,2026-08-09T15:40:24Z
Hybrid,Komatsu,Japan,,,,,Excavator,,,HTML,https://www.komatsu.com/en-us/technology/smart-construction/fleet,,2026-08-02T16:09:20Z
Hybrid,Komatsu,Japan,,,,,Excavator,,,HTML,https://www.komatsu.com/en-us/technology/smart-construction,,2026-08-02T16:09:28Z
Hybrid,Komatsu,Japan,,,,,Excavator,,,HTML,https://www.komatsu.com/en-us/newsroom,,2026-07-19T16:04:58Z
Hybrid,Komatsu,Japan,,,,,Excavator,,,HTML,https://www.komatsu.com/en-us/products/equipment/entry-development,,2026-07-26T16:10:49Z
Battery,Hitachi,Japan,,,,,Excavator,,,HTML,https://www.hitachicm.com/global/en/corporate/mid-term-management-plan/,,2026-02-10T06:40:16Z
Battery,Hitachi,Japan,,,,,Excavator,,,HTML,https://www.hitachicm.com/global/en/products/remanufactured/,,2026-02-10T06:40:17Z
Battery,Hitachi,Japan,,,,,Excavator,,,HTML,https://www.hitachicm.com/global/en/sustainability/download0/,,2026-02-10T06:40:18Z
Battery,Hitachi,Japan,,,,,Excavator,,,HTML,https://www.hitachicm.com/global/en/corporate/procurement/,,2026-02-10T06:40:20Z
Battery,Hitachi,Japan,,,,,Excavator,,,HTML,https://www.hitachicm.com/global/en/,,2026-02-10T06:40:20Z
Battery,Hitachi,Japan,,,,,Excavator,,,HTML,https://www.hitachicm.com/global/en/sustainability/download/,,2026-02-10T06:40:22Z
Battery,Hitachi,Japan,,,,,Excavator,,,HTML,https://www.hitachicm.com/global/en/sustainability/message/,,2026-02-10T06:40:23Z
,Hitachi,Japan,,,,,Excavator,,,HTML,https://www.hitachicm.com/eu/en/,,2026-02-10T06:40:24Z
Battery,Hitachi,Japan,,,,,Excavator,,,HTML,https://www.hitachicm.com/global/en/innovations/innovations02/,,2026-02-10T06:40:26Z
Battery,Hitachi,Japan,,,,,Excavator,,,HTML,https://www.hitachicm.com/global/en/contact-us/,,2026-02-10T06:40:28Z
Hybrid,Hitachi,Japan,,,,,Excavator,,,HTML,https://www.hitachicm.com/global/en/news/,,2026-02-10T06:40:28Z
Battery,Hitachi,Japan,,,,,Excavator,,,HTML,https://www.hitachicm.com/global/en/solutions/solution-linkage/fleet-management-system/,,2026-02-10T06:40:31Z
Battery,Hitachi,Japan,,,,,Excavator,,,HTML,https://www.hitachicm.com/global/en/innovations/innovations04/,,2026-02-10T06:40:32Z
Battery,Hitachi,Japan,,,,,Excavator,,,HTML,https://www.hitachicm.com/global/en/products/mini-excavators/,,2026-02-10T06:40:33Z
Battery,Hitachi,Japan,,,,,Excavator,,,HTML,https://www.hitachicm.com/#a01,,2026-02-10T06:40:34Z
Hybrid,Hitachi,Japan,,,,,Excavator,,,HTML,https://www.hitachicm.com/global/en/sustainability/,,2026-02-10T06:40:35Z
Battery,Hitachi,Japan,,,,,Excavator,,,HTML,https://www.hitachicm.com/global/en/sitemap/,,2026-02-10T06:40:36Z
Battery,Hitachi,Japan,,,,,Excavator,,,HTML,https://www.hitachicm.com/global/en/ir/management-information/,,2026-02-10T06:40:37Z
Hybrid,Hitachi,Japan,,,,,Excavator,,,HTML,https://www.hitachicm.com/global/en/products/hydraulic-excavators/,,2026-02-10T06:40:40Z
Battery,Hitachi,Japan,,,,,Excavator,,,HTML,https://www.hitachicm.com/global/en/ir/financial/,,2026-02-10T06:40:41Z
Battery,Hitachi,Japan,,,,,Excavator,,,HTML,https://www.hitachicm.com/global/en/corporate/conduct/,,2026-02-10T06:40:44Z
,Liebherr,Germany,,,,,Wheel loader,,,html,https://www.liebherr.com/en-us/group/about-liebherr/services/services-3781937,,2026-02-10T06:40:48Z
,Liebherr,Germany,,,,,Wheel loader,,,html,https://www.liebherr.com/en-us/n/25-years-binkowski-new-ltm-1300-6-4-added-to-the-fleet-222721-3782185,,2026-02-10T06:40:50Z
,Liebherr,Germany,,,,,Wheel loader,,,html,https://www.liebherr.com/en-us/group/news/exhibitions-and-events/exhibitions-and-events-3782187,,2026-02-10T06:40:50Z
,Liebherr,Germany,,,,,Wheel loader,,,html,https://www.liebherr.com/en-us/group/magazine/wind-power-is-learning-to-swim-6834511,,2026-03-29T15:43:46Z
Hydrogen,Liebherr,Germany,,,,,Excavator,,,html,https://www.liebherr.com/en-us/components/home-page-4308319,,2026-02-10T06:40:52Z
Hybrid,Liebherr,Germany,,,,,Wheel loader,,,html,https://www.liebherr.com/en-us/n/what-remains-of-the-exhibition-motto-hands-on-the-future-after-bauma-222016-3782185,,2026-02-10T06:40:52Z
Battery,Liebherr,Germany,,,,,Wheel loader,,,html,https://www.liebherr.com/en-us/careers/we-as-an-employer/employee-experiences-4294698,,2026-08-09T15:41:38Z
,Liebherr,Germany,,,,,Excavator,,,html,https://www.liebherr.com/en-us/careers/young-professionals-4294668,,2026-02-10T06:40:54Z
,Liebherr,Germany,,,,,Wheel loader,,,html,https://www.liebherr.com/en-us/group/annual-reports/annual-report-2024/home-7339879,,2026-03-29T15:44:05Z
,Liebherr,Germany,,,,,Wheel loader,,,html,https://www.liebherr.com/en-us/n/liebherr-deepens-cooperation-with-röder-präzision-for-landing-gear-overhaul-221120-3782185,,2026-02-10T06:40:56Z
,Liebherr,Germany,,,,,Excavator,,,html,https://www.liebherr.com/en-us/group/beyond-state-lines/homepage-6813014,,2026-08-09T15:41:59Z
,Liebherr,Germany,,,,,Wheel loader,,,html,https://www.liebherr.com/en-us/group/about-liebherr/services/services-3781937,,2026-08-09T15:42:12Z
,Liebherr,Germany,,,,,Wheel loader,,,html,https://www.liebherr.com/en-us/n/25-years-binkowski-new-ltm-1300-6-4-added-to-the-fleet-222721-3782185,,2026-02-13T01:01:13Z
,Liebherr,Germany,,,,,Wheel loader,,,html,https://www.liebherr.com/en-us/group/news/exhibitions-and-events/exhibitions-and-events-3782187,,2026-08-09T15:42:11Z
Hybrid,Liebherr,Germany,,,,,Excavator,,,html,https://www.liebherr.com/en-us/components/home-page-4308319,,2026-08-09T15:42:08Z
Hybrid,Liebherr,Germany,,,,,Wheel loader,,,html,https://www.liebherr.com/en-us/n/what-remains-of-the-exhibition-motto-hands-on-the-future-after-bauma-222016-3782185,,2026-02-13T01:01:14Z
,Liebherr,Germany,,,,,Excavator,,,html,https://www.liebherr.com/en-us/careers/young-professionals-4294668,,2026-07-26T16:12:22Z
Battery,Liebherr,Germany,,,,,Excavator,,,html,https://www.liebherr.com/en-us/group/news/press-contact/press-contact-3782441#contact_company,,2026-07-19T16:06:25Z
Hybrid,Liebherr,Germany,,,,,Excavator,,,html,https://www.liebherr.com/en-us/group/news/social-media/social-media-3782439,,2026-07-12T16:08:42Z
,Liebherr,Germany,,,,,Excavator,,,html,https://www.liebherr.com/en-us/group/about-liebherr/history/1949-1960-3781815,,2026-08-09T15:42:19Z
,Liebherr,Germany,,,,,Wheel loader,,,html,https://www.liebherr.com/en-us/n/liebherr-cranes-enhance-material-handling-efficiency-at-viastein-in-hungary-221696-3782185,,2026-02-10T06:41:10Z
,John Deere,USA,,,,,Excavator,,,html,https://www.deere.com/en/privacy-and-data/,,2026-02-10T06:41:12Z
,John Deere,USA,,,,,Excavator,,,html,https://www.deere.com/en/parts-and-service/warranty-and-protection-plans/warranties/,,2026-02-10T06:41:12Z
Battery,John Deere,USA,,,,,Excavator,,,html,https://www.deere.com/en/parts-and-service/parts/,,2026-02-10T06:41:13Z
,John Deere,USA,,,,,Excavator,,,html,https://www.deere.com/en/finance/financing/landscaping-grounds-care/multi-use-account/,,2026-02-10T06:41:13Z
,John Deere,USA,,,,,Excavator,,,html,https://www.deere.com/en/gator-utility-vehicles/turf-gators/,,2026-02-10T06:41:14Z
,John Deere,USA,,,,,Excavator,,,html,https://www.deere.com/en/agriculture/,,2026-02-10T06:41:15Z
,John Deere,USA,,,,,Excavator,,,html,https://www.deere.com/,,2026-02-10T06:41:16Z
Hybrid,John Deere,USA,,,,,Excavator,,,html,https://www.deere.com/en/gator-utility-vehicles/,,2026-02-10T06:41:17Z
,John Deere,USA,,,,,Excavator,,,html,https://www.deere.com/en/finance/financing/lawn-garden/gator-utility-vehicles/,,2026-02-10T06:41:18Z
Hybrid,John Deere,USA,,,,,Excavator,,,html,https://www.deere.com/en/drivetrain-components/axles/,,2026-02-10T06:41:19Z
,John Deere,USA,,,,,Excavator,,,html,https://www.deere.com/en/tillage/,,2026-02-10T06:41:19Z
,John Deere,USA,,,,,Excavator,,,html,https://www.deere.com/en/finance/financing/digital-financing/myfinancialaccounts/,,2026-02-10T06:41:20Z
,John Deere,USA,,,,,Excavator,,,html,https://www.deere.com/en/publications/the-dirt/,,2026-02-10T06:41:20Z
,John Deere,USA,,,,,Excavator,,,html,https://www.deere.com/en/loaders/backhoes-for-compact-and-utility-tractors/,,2026-02-10T06:41:21Z
,John Deere,USA,,,,,Excavator,,,html,https://www.deere.com/en/finance/financing/construction/compact-construction-equipment/,,2026-02-10T06:41:21Z
Hybrid,John Deere,USA,,,,,Excavator,,,html,https://www.deere.com/en/mowers/triplex-mowers/,,2026-02-10T06:41:22Z
Battery,John Deere,USA,,,,,Excavator,,,html,https://www.deere.com/en/tractors/compact-tractors/,,2026-02-10T06:41:24Z
,John Deere,USA,,,,,Excavator,,,html,https://www.deere.com/en/tracked-harvesters/,,2026-02-10T06:41:26Z
,John Deere,USA,,,,,Excavator,,,html,https://www.deere.com/en/privacy-and-data/cookie-statement/,,2026-02-10T06:41:26Z
,John Deere,USA,,,,,Excavator,,,html,https://www.deere.com/en/equipment/,,2026-02-10T06:41:27Z
,John Deere,USA,,,,,Excavator,,,html,https://www.deere.com/en/finance/financing/lawn-garden/,,2026-06-21T16:54:30Z
,John Deere,USA,,,,,Excavator,,,html,https://www.deere.com/en/forestry-and-logging/used-forestry-equipment/,,2026-06-28T16:23:11Z
,John Deere,USA,,,,,Excavator,,,html,https://www.deere.com/en/finance/financing/faq/,,2026-05-03T15:59:56Z
Hybrid,John Deere,USA,,,,,Excavator,,,html,https://www.deere.com/en/drivetrain-components/electric-drivetrain-components/,,2026-06-21T16:54:18Z
,John Deere,USA,,,,,Excavator,,,html,https://www.deere.com/en/landscaping-grounds-care/,,2026-06-07T16:43:01Z
,John Deere,USA,,,,,Excavator,,,html,https://www.deere.com/en/privacy-and-data/,,2026-05-10T16:06:05Z
,John Deere,USA,,,,,Excavator,,,html,https://www.deere.com/en/parts-and-service/warranty-and-protection-plans/warranties/,,2026-05-10T16:06:01Z
,John Deere,USA,,,,,Excavator,,,html,https://www.deere.com/en/stories/featured/vet-story-bostic/,,2026-05-17T16:08:42Z
,John Deere,USA,,,,,Excavator,,,html,https://www.deere.com/en/our-company/digital-security/,,2026-05-03T15:59:45Z
Battery,John Deere,USA,,,,,Excavator,,,html,https://www.deere.com/en/parts-and-service/parts/,,2026-04-19T15:52:23Z
,John Deere,USA,,,,,Excavator,,,html,https://www.deere.com/en/finance/financing/landscaping-grounds-care/multi-use-account/,,2026-05-31T16:22:32Z
,John Deere,USA,,,,,Excavator,,,html,https://www.deere.com/en/gator-utility-vehicles/turf-gators/,,2026-06-14T16:46:21Z
,John Deere,USA,,,,,Excavator,,,html,https://www.deere.com/en/stories/featured/pbs-feature/,,2026-02-10T06:41:34Z
,John Deere,USA,,,,,Excavator,,,html,https://www.deere.com/en/agriculture/,,2026-05-24T16:12:40Z
,John Deere,USA,,,,,Excavator,,,html,https://www.deere.com/,,2026-05-24T16:12:53Z
Hybrid,John Deere,USA,,,,,Excavator,,,html,https://www.deere.com/en/gator-utility-vehicles/,,2026-05-03T15:59:48Z
,John Deere,USA,,,,,Excavator,,,html,https://www.deere.com/en/finance/financing/lawn-garden/gator-utility-vehicles/,,2026-05-03T15:59:56Z
Hybrid,John Deere,USA,,,,,Excavator,,,html,https://www.deere.com/en/drivetrain-components/axles/,,2026-04-26T15:54:34Z
,John Deere,USA,,,,,Excavator,,,html,https://www.deere.com/en/tillage/,,2026-04-05T15:47:19Z
,John Deere,USA,,,,,Excavator,,,html,https://www.deere.com/en/finance/financing/digital-financing/myfinancialaccounts/,,2026-05-31T16:22:26Z
,John Deere,USA,,,,,Excavator,,,html,https://www.deere.com/en/publications/the-dirt/,,2026-06-14T16:46:15Z
,John Deere,USA,,,,,Excavator,,,html,https://www.deere.com/en/loaders/backhoes-for-compact-and-utility-tractors/,,2026-05-03T15:59:50Z
,John Deere,USA,,,,,Excavator,,,html,https://www.deere.com/en/finance/financing/construction/compact-construction-equipment/,,2026-04-26T15:54:33Z
Hybrid,John Deere,USA,,,,,Excavator,,,html,https://www.deere.com/en/mowers/triplex-mowers/,,2026-06-28T16:23:13Z
Battery,John Deere,USA,,,,,Excavator,,,html,https://www.deere.com/en/tractors/compact-tractors/,,2026-06-21T16:54:24Z
,John Deere,USA,,,,,Excavator,,,html,https://www.deere.com/en/tracked-harvesters/,,2026-06-28T16:23:18Z
,John Deere,USA,,,,,Excavator,,,html,https://www.deere.com/en/privacy-and-data/cookie-statement/,,2026-06-28T16:23:25Z
,John Deere,USA,,,,,Excavator,,,html,https://www.deere.com/en/equipment/,,2026-06-14T16:46:13Z
Battery,Epiroc,Sweden,,,,,Excavator,,,html,https://www.epiroc.com/en-mn,,2026-08-02T16:11:32Z
Battery,Epiroc,Sweden,,,,,Excavator,,,html,https://www.epiroc.com/en-in/contact/bhutan,,2026-03-22T15:38:34Z
Battery,Epiroc,Sweden,,,,,Excavator,,,html,https://www.epiroc.com/en-al,,2026-07-05T16:17:36Z
Battery,Epiroc,Sweden,,,,,Excavator,,,html,https://www.epiroc.com/en-ro,,2026-07-26T16:12:47Z
Battery,Epiroc,Sweden,,,,,Excavator,,,html,https://www.epiroc.com/en-ml,,2026-04-19T15:52:35Z
Battery,Epiroc,Sweden,,,,,Excavator,,,html,https://www.epiroc.com/en/newsroom,,2026-07-19T16:06:43Z
Battery,Epiroc,Sweden,,,,,Excavator,,,html,https://www.epiroc.com/pt-br,,2026-08-09T15:42:32Z
Battery,Epiroc,Sweden,,,,,Excavator,,,html,https://www.epiroc.com/en-hk,,2026-07-19T16:06:42Z
Battery,Epiroc,Sweden,,,,,Excavator,,,html,https://www.epiroc.com/fr-ch,,2026-07-12T16:08:49Z
Battery,Epiroc,Sweden,,,,,Excavator,,,html,https://www.epiroc.com/en-ba,,2026-07-12T16:08:57Z
Battery,Epiroc,Sweden,,,,,Excavator,,,html,https://www.epiroc.com/de-at,,2026-08-09T15:42:33Z
Battery,Epiroc,Sweden,,,,,Excavator,,,html,https://www.epiroc.com/en-gr,,2026-07-19T16:06:43Z
Battery,Epiroc,Sweden,,,,,Excavator,,,html,https://www.epiroc.com/en-in/contact/sri-lanka,,2026-06-07T16:43:27Z
Battery,Epiroc,Sweden,,,,,Excavator,,,html,https://www.epiroc.com/en-lv,,2026-04-26T15:54:48Z
Battery,Epiroc,Sweden,,,,,Excavator,,,html,https://www.epiroc.com/en-xk,,2026-06-07T16:44:07Z
Battery,Epiroc,Sweden,,,,,Excavator,,,html,https://www.epiroc.com/ru-kz,,2026-08-02T16:11:26Z
Battery,Epiroc,Sweden,,,,,Excavator,,,html,https://www.epiroc.com/en-vn,,2026-08-09T15:42:28Z
Battery,Epiroc,Sweden,,,,,Excavator,,,html,https://www.epiroc.com/es-ec,,2026-07-12T16:08:52Z
Battery,Epiroc,Sweden,,,,,Excavator,,,html,https://www.epiroc.com/fr-dz,,2026-08-09T15:42:28Z
Battery,Epiroc,Sweden,,,,,Excavator,,,html,https://www.epiroc.com/en-tw,,2026-05-24T16:12:58Z
Battery,Epiroc,Sweden,,,,,Excavator,,,html,https://www.epiroc.com/en-zw,,2026-05-10T16:06:17Z
Battery,Epiroc,Sweden,,,,,Excavator,,,html,https://www.epiroc.com/en-az,,2026-06-21T16:54:42Z
Hydrogen,JCB,UK,,,,,Excavator,,,html,https://www.jcb.com/en-GB/explore/insight/our-story/,,2026-02-10T06:42:01Z
Hydrogen,JCB,UK,,,,,Excavator,,,html,https://www.jcb.com/en-GB/explore/insight/blogs/,,2026-02-10T06:42:02Z
Hydrogen,JCB,UK,,,,,Excavator,,,html,https://www.jcb.com/en-GB/explore/knowledge/bim-store/,,2026-02-10T06:42:02Z
Hydrogen,JCB,UK,,,,,Excavator,,,html,https://www.jcb.com/en-GB/industries/agriculture/skid-steer-loaders/,,2026-02-10T06:42:03Z
Hydrogen,JCB,UK,,,,,Excavator,,,html,https://www.jcb.com/en-GB/industries/electric-solutions/,,2026-02-10T06:42:03Z
Hydrogen,JCB,UK,,,,,Excavator,,,html,https://www.jcb.com/en-GB/industries/agriculture/dumpsters/,,2026-02-10T06:42:05Z
Hydrogen,JCB,UK,,,,,Excavator,,,html,https://www.jcb.com/en-GB/products/attachments/forks/,,2026-02-10T06:42:05Z
Hydrogen,JCB,UK,,,,,Excavator,,,html,https://www.jcb.com/en-GB/buy/finance-offers/jcb-teletruk-offer/,,2026-06-07T16:44:21Z
Hydrogen,JCB,UK,,,,,Excavator,,,html,https://www.jcb.com/en-GB/products/powertrain-for-oem/,,2026-02-10T06:42:07Z
Hydrogen,JCB,UK,,,,,Excavator,,,html,https://www.jcb.com/en-GB/products/attachments/specialist-attachments/,,2026-02-10T06:42:08Z
Hydrogen,JCB,UK,,,,,Excavator,,,html,https://www.jcb.com/en-GB/industries/municipalities/landscaping-ground-care-and-forestry/,,2026-02-10T06:42:09Z
Hydrogen,JCB,UK,,,,,Excavator,,,html,https://www.jcb.com/en-GB/industries/construction/rotating-telehandlers/,,2026-02-10T06:42:09Z
Hydrogen,JCB,UK,,,,,Excavator,,,html,https://www.jcb.com/en-GB/industries/construction/articulated-booms/,,2026-02-10T06:42:10Z
Hydrogen,JCB,UK,,,,,Excavator,,,html,https://www.jcb.com/en-GB/explore/engage/jcb-golf-and-country-club/,,2026-02-10T06:42:10Z
Hydrogen,JCB,UK,,,,,Excavator,,,html,https://www.jcb.com/en-GB/explore/insight/,,2026-02-10T06:42:11Z
Hydrogen,JCB,UK,,,,,Excavator,,,html,https://www.jcb.com/en-GB/explore/sustainability/hvo/,,2026-02-10T06:42:11Z
Hydrogen,JCB,UK,,,,,Excavator,,,html,https://www.jcb.com/en-GB/industries/construction/single-drum-soil-compactors/,,2026-02-10T06:42:12Z
Hydrogen,JCB,UK,,,,,Excavator,,,html,https://www.jcb.com/en-GB/industries/electric-solutions/mini-excavators/,,2026-02-10T06:42:13Z
Hydrogen,JCB,UK,,,,,Excavator,,,html,https://www.jcb.com/en-GB/explore/corporate/legal-notice/,,2026-02-10T06:42:13Z
Hydrogen,JCB,UK,,,,,Excavator,,,html,https://www.jcb.com/en-GB/industries/electric-solutions/electric-scissors/,,2026-02-10T06:42:14Z
Hydrogen,JCB,UK,,,,,Excavator,,,html,https://www.jcb.com/en-GB/explore/insight/technology/,,2026-02-10T06:42:14Z
Hydrogen,JCB,UK,,,,,Excavator,,,html,https://www.jcb.com/en-GB/products/,,2026-02-10T06:42:14Z
Hydrogen,JCB,UK,,,,,Excavator,,,html,https://www.jcb.com/en-GB/explore/engage/dancing-diggers/,,2026-02-10T06:42:15Z
Hydrogen,JCB,UK,,,,,Excavator,,,html,https://www.jcb.com/en-GB/products/machines/tracked-excavators/,,2026-02-10T06:42:15Z
Hydrogen,JCB,UK,,,,,Excavator,,,html,https://www.jcb.com/en-GB/industries/construction/electric-scissors/,,2026-02-10T06:42:16Z
Hydrogen,JCB,UK,,,,,Excavator,,,html,https://www.jcb.com/en-GB/explore/insight/our-story/,,2026-08-09T15:43:10Z
Hydrogen,JCB,UK,,,,,Excavator,,,html,https://www.jcb.com/en-GB/explore/insight/blogs/,,2026-08-09T15:43:27Z
Hydrogen,JCB,UK,,,,,Excavator,,,html,https://www.jcb.com/en-GB/explore/knowledge/bim-store/,,2026-07-26T16:13:26Z
Hydrogen,JCB,UK,,,,,Excavator,,,html,https://www.jcb.com/en-GB/industries/agriculture/skid-steer-loaders/,,2026-08-02T16:12:06Z
Hydrogen,JCB,UK,,,,,Excavator,,,html,https://www.jcb.com/en-GB/industries/electric-solutions/,,2026-06-28T16:24:04Z
Hydrogen,JCB,UK,,,,,Excavator,,,html,https://www.jcb.com/en-GB/industries/agriculture/dumpsters/,,2026-08-02T16:12:09Z
Hydrogen,JCB,UK,,,,,Excavator,,,html,https://www.jcb.com/en-GB/products/attachments/forks/,,2026-07-19T16:07:09Z
Hydrogen,JCB,UK,,,,,Excavator,,,html,https://www.jcb.com/en-GB/products/powertrain-for-oem/,,2026-07-12T16:09:33Z
Hydrogen,JCB,UK,,,,,Excavator,,,html,https://www.jcb.com/en-GB/products/attachments/specialist-attachments/,,2026-08-09T15:43:23Z
Hydrogen,JCB,UK,,,,,Excavator,,,html,https://www.jcb.com/en-GB/industries/municipalities/landscaping-ground-care-and-forestry/,,2026-06-28T16:24:11Z
Hydrogen,JCB,UK,,,,,Excavator,,,html,https://www.jcb.com/en-GB/industries/construction/rotating-telehandlers/,,2026-07-19T16:07:11Z
Hydrogen,JCB,UK,,,,,Excavator,,,html,https://www.jcb.com/en-GB/industries/construction/articulated-booms/,,2026-08-09T15:43:16Z
Hydrogen,JCB,UK,,,,,Excavator,,,html,https://www.jcb.com/en-GB/explore/engage/jcb-golf-and-country-club/,,2026-06-21T16:55:22Z
Hydrogen,JCB,UK,,,,,Excavator,,,html,https://www.jcb.com/en-GB/explore/insight/,,2026-08-02T16:12:19Z
Hydrogen,JCB,UK,,,,,Excavator,,,html,https://www.jcb.com/en-GB/explore/insight/news/?page=36,,2026-03-01T15:51:11Z
Hydrogen,JCB,UK,,,,,Excavator,,,html,https://www.jcb.com/en-GB/explore/sustainability/hvo/,,2026-07-19T16:07:25Z
Hydrogen,JCB,UK,,,,,Excavator,,,html,https://www.jcb.com/en-GB/industries/construction/single-drum-soil-compactors/,,2026-07-12T16:09:36Z
Hydrogen,JCB,UK,,,,,Excavator,,,html,https://www.jcb.com/en-GB/industries/electric-solutions/mini-excavators/,,2026-08-02T16:12:19Z
Hydrogen,JCB,UK,,,,,Excavator,,,html,https://www.jcb.com/en-GB/explore/corporate/legal-notice/,,2026-08-02T16:12:03Z
Hydrogen,JCB,UK,,,,,Excavator,,,html,https://www.jcb.com/en-GB/industries/electric-solutions/electric-scissors/,,2026-07-19T16:07:13Z
Hydrogen,JCB,UK,,,,,Excavator,,,html,https://www.jcb.com/en-GB/explore/insight/technology/,,2026-06-14T16:47:02Z
Hydrogen,JCB,UK,,,,,Excavator,,,html,https://www.jcb.com/en-GB/products/,,2026-07-12T16:09:31Z
Hydrogen,JCB,UK,,,,,Excavator,,,html,https://www.jcb.com/en-GB/explore/engage/dancing-diggers/,,2026-08-02T16:12:05Z
Hydrogen,JCB,UK,,,,,Excavator,,,html,https://www.jcb.com/en-GB/explore/insight/news/2026/01/partnership-calls-for-pothole-warranties-to-save-taxpayers-cash/,,2026-02-10T06:42:31Z
Hydrogen,JCB,UK,,,,,Excavator,,,html,https://www.jcb.com/en-GB/products/machines/tracked-excavators/,,2026-06-21T16:55:12Z
Hydrogen,JCB,UK,,,,,Excavator,,,html,https://www.jcb.com/en-GB/industries/construction/electric-scissors/,,2026-05-24T16:13:47Z
,Develon,South Korea,,,,,Excavator,,,html,https://eu.develon-ce.com/en/machines/quick-coupler-bucket-sets,,2026-07-26T16:14:13Z
,Develon,South Korea,,,,,Excavator,,,html,https://eu.develon-ce.com/en/machines/dl320-7,,2026-07-26T16:13:42Z
,Develon,South Korea,,,,,Excavator,,,html,https://eu.develon-ce.com/en/machines/skeleton-buckets,,2026-07-05T16:18:57Z
,Develon,South Korea,,,,,Excavator,,,html,https://eu.develon-ce.com/en/machines/dx300lc-7,,2026-06-28T16:25:00Z
Battery,Develon,South Korea,,,,,Excavator,,,html,https://eu.develon-ce.com/en/fairs-and-events,,2026-02-10T06:42:45Z
,Develon,South Korea,,,,,Excavator,,,html,https://eu.develon-ce.com/es/,,2026-07-05T16:18:36Z
,Develon,South Korea,,,,,Excavator,,,html,https://eu.develon-ce.com/en/machines/dx100w-7,,2026-07-19T16:07:41Z
,Develon,South Korea,,,,,Excavator,,,html,https://eu.develon-ce.com/en/machines/levelling-grading-buckets,,2026-08-02T16:13:01Z
,Develon,South Korea,,,,,Excavator,,,html,https://eu.develon-ce.com/en/machines/dl550-7,,2026-08-09T15:44:10Z
,Develon,South Korea,,,,,Excavator,,,html,https://eu.develon-ce.com/en/machines/dl65-7,,2026-02-10T06:42:55Z
,Develon,South Korea,,,,,Excavator,,,html,https://eu.develon-ce.com/en/parts-and-services/financial-solutions,,2026-02-10T06:42:57Z
,Develon,South Korea,,,,,Excavator,,,html,https://eu.develon-ce.com/en/machines/dx350lc-7,,2026-08-02T16:12:55Z
,Develon,South Korea,,,,,Excavator,,,html,https://eu.develon-ce.com/en/develon-9-series#virtualshowroom,,2026-02-10T06:43:01Z
,Develon,South Korea,,,,,Excavator,,,html,https://eu.develon-ce.com/en/machines/dl200-7,,2026-02-10T06:43:02Z
Battery,Develon,South Korea,,,,,Excavator,,,html,https://eu.develon-ce.com/en/machines/dx160we-7k,,2026-08-02T16:12:31Z
,Develon,South Korea,,,,,Excavator,,,html,https://eu.develon-ce.com/en/machines/dl420cvt-7,,2026-02-10T06:43:05Z
,Develon,South Korea,,,,,Excavator,,,html,https://eu.develon-ce.com/en/industries/quarry-and-mining,,2026-02-10T06:43:08Z
,Develon,South Korea,,,,,Excavator,,,html,https://eu.develon-ce.com/en/products/dozers,,2026-02-10T06:43:09Z
,Develon,South Korea,,,,,Excavator,,,html,https://eu.develon-ce.com/en/machines/h-class-buckets-heavy-duty,,2026-07-19T16:07:46Z
,Develon,South Korea,,,,,Excavator,,,html,https://eu.develon-ce.com/en/products/tunneling-machines,,2026-02-10T06:43:14Z
,Develon,South Korea,,,,,Excavator,,,html,https://eu.develon-ce.com/en/machines/dx420lc-7,,2026-06-21T16:55:54Z
,Develon,South Korea,,,,,Excavator,,,html,https://eu.develon-ce.com/de/,,2026-06-14T16:47:35Z
,Develon,South Korea,,,,,Excavator,,,html,https://eu.develon-ce.com/en/machines/dx245dm-7,,2026-07-19T16:07:51Z
,Develon,South Korea,,,,,Excavator,,,html,https://eu.develon-ce.com/en/machines/levelling-frames,,2026-05-10T16:07:52Z
,Develon,South Korea,,,,,Excavator,,,html,https://eu.develon-ce.com/en/machines/quick-couplers-and-control-kits,,2026-04-05T15:48:27Z
Battery,Develon,South Korea,,,,,Excavator,,,html,https://eu.develon-ce.com/en/fairs-and-events,,2026-08-09T15:45:11Z
,Develon,South Korea,,,,,Excavator,,,html,https://eu.develon-ce.com/en/machines/dl65-7,,2026-06-14T16:48:43Z
,Develon,South Korea,,,,,Excavator,,,html,https://eu.develon-ce.com/en/parts-and-services/financial-solutions,,2026-07-19T16:09:00Z
,Develon,South Korea,,,,,Excavator,,,html,https://eu.develon-ce.com/en/develon-9-series#virtualshowroom,,2026-08-09T15:44:59Z
,Develon,South Korea,,,,,Excavator,,,html,https://eu.develon-ce.com/en/machines/dl200-7,,2026-07-12T16:10:53Z
,Develon,South Korea,,,,,Excavator,,,html,https://eu.develon-ce.com/en/machines/dl420cvt-7,,2026-06-21T16:56:30Z
,Develon,South Korea,,,,,Excavator,,,html,https://eu.develon-ce.com/en/industries/quarry-and-mining,,2026-08-02T16:13:41Z
Battery,Develon,South Korea,,,,,Excavator,,,html,https://eu.develon-ce.com/en/news?page=2,,2026-08-02T16:14:14Z
,Develon,South Korea,,,,,Excavator,,,html,https://eu.develon-ce.com/en/products/dozers,,2026-08-02T16:13:59Z
,Develon,South Korea,,,,,Excavator,,,html,https://eu.develon-ce.com/en/products/tunneling-machines,,2026-08-02T16:13:29Z
Hybrid,Develon,South Korea,,,,,Excavator,,,html,https://eu.develon-ce.com/en/machines/da45-7,,2026-07-19T16:08:58Z
,Develon,South Korea,,,,,Excavator,,,html,https://eu.develon-ce.com/en/industries/material-handling,,2026-08-09T15:45:12Z
,Develon,South Korea,,,,,Excavator,,,html,https://eu.develon-ce.com/en/develon-protection-program,,2026-07-05T16:19:21Z
,Develon,South Korea,,,,,Excavator,,,html,https://eu.develon-ce.com/en/news/2025-09-30-Major-Performance-Upgrades-on-Develon-Wheel-Excavators,,2026-07-05T16:19:37Z
,Develon,South Korea,,,,,Excavator,,,html,https://eu.develon-ce.com/en/machines/dl80-7,,2026-08-09T15:45:08Z
Hybrid,Develon,South Korea,,,,,Excavator,,,html,https://eu.develon-ce.com/en/transparent-bucket-system,,2026-07-26T16:14:36Z
,Develon,South Korea,,,,,Excavator,,,html,https://eu.develon-ce.com/en/products/special-application-machines,,2026-08-09T15:44:32Z
,Develon,South Korea,,,,,Excavator,,,html,https://eu.develon-ce.com/en/fairs-and-events/nordbau-2025,,2026-07-26T16:14:35Z
,Develon,South Korea,,,,,Excavator,,,html,https://eu.develon-ce.com/en/industries/waste-and-recycling,,2026-07-05T16:19:52Z
,Develon,South Korea,,,,,Excavator,,,html,https://eu.develon-ce.com/en/machines/dl06v,,2026-07-12T16:10:35Z
,Develon,South Korea,,,,,Excavator,,,html,https://eu.develon-ce.com/en/machines/dl80tl-7,,2026-08-09T15:45:17Z
Battery,Develon,South Korea,,,,,Excavator,,,html,https://eu.develon-ce.com/en/news?page=32,,2026-03-22T15:41:09Z
,HD Hyundai CE,South Korea,,,,,Excavator,,,html,https://www.hyundai-ce.com/en/products/AD/list,,2026-07-26T16:15:15Z
,HD Hyundai CE,South Korea,,,,,Excavator,,,html,https://www.hyundai-ce.com/en/products/view?productsSeq=380,,2026-07-19T16:09:26Z
,HD Hyundai CE,South Korea,,,,,Excavator,,,html,https://www.hyundai-ce.com/en/total-search/list?q=STAGE V,,2026-08-09T15:45:45Z
,HD Hyundai CE,South Korea,,,,,Excavator,,,html,https://www.hyundai-ce.com/en/agency/overseas?type=part_agcy,,2026-08-09T15:45:42Z
Hydrogen,HD Hyundai CE,South Korea,,,,,Excavator,,,html,https://www.hyundai-ce.com/en/inov/sustainability/contents,,2026-08-09T15:45:37Z
,HD Hyundai CE,South Korea,,,,,Excavator,,,html,https://www.hyundai-ce.com/ko,,2026-08-09T15:45:28Z
,HD Hyundai CE,South Korea,,,,,Excavator,,,html,https://www.hyundai-ce.com/en/products/view?productsSeq=617,,2026-07-19T16:09:36Z
,HD Hyundai CE,South Korea,,,,,Excavator,,,html,https://www.hyundai-ce.com/en/products/MG/list,,2026-08-02T16:14:43Z
,HD Hyundai CE,South Korea,,,,,Excavator,,,html,https://www.hyundai-ce.com/en/products/EC/list,,2026-08-02T16:14:26Z
,HD Hyundai CE,South Korea,,,,,Excavator,,,html,https://www.hyundai-ce.com/en/gate/contents,,2026-08-09T15:45:25Z
Hydrogen,SANY,China,,,,,Excavator,,,html,https://www.sanyglobal.com/product/excavator/mini_excavator/,,2026-08-09T15:46:11Z
Hydrogen,SANY,China,,,,,Excavator,,,html,https://www.sanyglobal.com/product/crane/truck_crane/,,2026-07-26T16:15:40Z
Hydrogen,SANY,China,,,,,Excavator,,,html,https://www.sanyglobal.com/press_releases/4842/,,2026-03-22T15:41:46Z
Hydrogen,SANY,China,,,,,Excavator,,,html,https://www.sanyglobal.com/press_releases/4850/,,2026-03-15T15:44:53Z
Hydrogen,SANY,China,,,,,Excavator,,,html,https://www.sanyglobal.com/solution/,,2026-08-02T16:14:55Z
Hydrogen,SANY,China,,,,,Excavator,,,html,https://www.sanyglobal.com/product/excavator/small_excavator/110/,,2026-07-12T16:11:47Z
Hydrogen,SANY,China,,,,,Excavator,,,html,https://www.sanyglobal.com/product/photovoltaics/solarcells2/,,2026-07-19T16:09:43Z
Hydrogen,SANY,China,,,,,Excavator,,,html,https://www.sanyglobal.com/product/concrete_machinery/truck-mounted_concrete_pump/,,2026-07-26T16:15:42Z
Battery,XCMG,China,,,,,Wheel loader,,,html,https://www.xcmg.com/product/pro-list.htm?catId=1707&erCatId=0&sanCatId=0,,2026-05-24T16:17:10Z
Battery,XCMG,China,,,,,Wheel loader,,,html,https://www.xcmg.com/order/,,2026-07-12T16:12:11Z
Battery,XCMG,China,,,,,Wheel loader,,,html,https://www.xcmg.com/product/pro-detail-121076.htm,,2026-07-12T16:12:09Z
Battery,XCMG,China,,,,,Wheel loader,,,html,https://www.xcmg.com/site/search.htm?keywords=大吨位XCA350L8起重机,,2026-07-12T16:12:13Z
,XCMG,China,,,,,Wheel loader,,,html,https://www.xcmg.com/product/pro-detail-138352.htm,,2026-02-10T06:45:20Z
Battery,XCMG,China,,,,,Wheel loader,,,html,https://www.xcmg.com/service/distributor.html,,2026-07-26T16:16:44Z
Battery,XCMG,China,,,,,Wheel loader,,,html,https://www.xcmg.com/product/pro-list.htm?catId=1875,,2026-07-12T16:12:26Z
Battery,XCMG,China,,,,,Wheel loader,,,html,https://www.xcmg.com/product/pro-list.htm?catId=1002000025,,2026-08-09T15:46:22Z
Battery,XCMG,China,,,,,Wheel loader,,,html,https://www.xcmg.com/solution/wind-power-installation.htm,,2026-06-07T16:47:30Z
Battery,XCMG,China,,,,,Wheel loader,,,html,https://www.xcmg.com/event/pro_evaluation.htm,,2026-08-02T16:15:50Z
,XCMG,China,,,,,Wheel loader,,,html,https://www.xcmg.com/product/pro-detail-138357.htm,,2026-02-10T06:45:32Z
Battery,XCMG,China,,,,,Wheel loader,,,html,https://www.xcmg.com/aboutus/media.htm,,2026-07-19T16:10:08Z
,XCMG,China,,,,,Wheel loader,,,html,https://www.xcmg.com/product/pro-detail-138355.htm,,2026-02-10T06:45:37Z
Battery,XCMG,China,,,,,Wheel loader,,,html,https://www.xcmg.com/product/m_proCenter.htm,,2026-07-19T16:10:36Z
Battery,XCMG,China,,,,,Wheel loader,,,html,https://www.xcmg.com/solution/safety-rescue.htm,,2026-07-05T16:20:46Z
Battery,XCMG,China,,,,,Wheel loader,,,html,https://www.xcmg.com/info/xin-xi-gong-shi.htm,,2026-08-09T15:46:18Z
Battery,XCMG,China,,,,,Wheel loader,,,html,https://www.xcmg.com/product/pro-list.htm?catId=1001000452&erCatId=0&sanCatId=0,,2026-07-26T16:16:20Z
,XCMG,China,,,,,Wheel loader,,,html,https://www.xcmg.com/product/pro-detail-138362.htm,,2026-02-22T15:59:59Z
Battery,XCMG,China,,,,,Wheel loader,,,html,https://www.xcmg.com/solution/bridge-construction.htm,,2026-06-14T16:49:31Z
Battery,XCMG,China,,,,,Wheel loader,,,html,https://www.xcmg.com/solution/sanitation.htm,,2026-06-21T16:58:00Z
Battery,XCMG,China,,,,,Wheel loader,,,html,https://www.xcmg.com/part/part-list.htm,,2026-07-19T16:10:27Z
,XCMG,China,,,,,Wheel loader,,,html,https://www.xcmg.com/product/pro-detail-138356.htm,,2026-02-13T01:05:59Z
Battery,Terex,Global,,,,,Dump truck,,,html,http://www.terex.com/fr/home,,2026-03-08T15:41:28Z
Battery,Terex,Global,,,,,Dump truck,,,html,https://www.terex.com/find-a-dealer,,2026-08-09T15:47:45Z
Battery,Terex,Global,,,,,Dump truck,,,html,http://www.terex.com/pt-br/home,,2026-03-29T15:49:58Z
Hybrid,Terex,Global,,,,,Dump truck,,,html,https://www.terex.com/en/footer/sustainability,,2026-08-09T15:47:40Z
Battery,Terex,Global,,,,,Dump truck,,,html,https://www.terex.com/en/footer/sustainability/modern-slavery,,2026-08-09T15:47:43Z
Battery,Terex,Global,,,,,Dump truck,,,html,https://www.terex.com/en/footer/company/intellectual-property-patents,,2026-08-02T16:16:29Z
Battery,Terex,Global,,,,,Dump truck,,,html,https://www.terex.com/en/company/purpose-mission-values,,2026-07-19T16:11:32Z
Battery,Terex,Global,,,,,Dump truck,,,html,https://www.terex.com/en/footer/company,,2026-07-26T16:17:41Z
Battery,Terex,Global,,,,,Dump truck,,,html,https://www.terex.com/en/equipment-old,,2026-08-02T16:16:34Z
,Terex,Global,,,,,Dump truck,,,html,https://www.terex.com/en/footer/careers/view-job-openings,,2026-07-26T16:17:41Z
Battery,Terex,Global,,,,,Dump truck,,,html,http://www.terex.com/es/inicio,,2026-03-29T15:49:56Z
,XEMC,China,,,,,Dump truck,,,html,http://www.xemc.com.cn/product/index/service.html,,2026-08-09T15:49:37Z
,CRRC,China,,,,,Mining,,,html,https://www.crrcgc.cc/en,,2026-07-05T16:25:32Z
,Yutong,China,,,,,Excavator,,,html,https://en.yutong.com/contact/,,2026-08-09T15:55:12Z
Battery,Yutong,China,,,,,Excavator,,,html,https://en.yutong.com/pressmedia/news/yutong-news/2026/2020689930304491520.shtml,,2026-02-10T06:54:04Z
,Yutong,China,,,,,Excavator,,,html,https://en.yutong.com/about/our-market/yutong-in-africa/,,2026-08-02T16:22:04Z
,Yutong,China,,,,,Excavator,,,html,https://en.yutong.com/about/,,2026-08-09T15:54:23Z
,Yutong,China,,,,,Excavator,,,html,https://en.yutong.com/products/T14.shtml,,2026-08-02T16:22:25Z
Hybrid,Yutong,China,,,,,Excavator,,,html,https://en.yutong.com/products/T15E.shtml,,2026-08-09T15:54:44Z
,Yutong,China,,,,,Excavator,,,html,https://en.yutong.com/service/service-network/service-station/,,2026-08-09T15:55:01Z
,Yutong,China,,,,,Excavator,,,html,https://en.yutong.com/products/AB14.shtml,,2026-08-09T15:54:29Z
Hybrid,Yutong,China,,,,,Excavator,,,html,https://en.yutong.com/products/e-coach/,,2026-08-09T15:54:38Z
Hybrid,Yutong,China,,,,,Excavator,,,html,https://en.yutong.com/products/U12.shtml,,2026-08-09T15:54:51Z
,Yutong,China,,,,,Excavator,,,html,https://en.yutong.com/about/honor/,,2026-07-19T16:14:10Z
Battery,Yutong,China,,,,,Excavator,,,html,https://en.yutong.com/products/AB14E2025528.shtml,,2026-04-05T15:57:47Z
Battery,Yutong,China,,,,,Excavator,,,html,https://en.yutong.com/af/,,2026-08-09T15:54:32Z
Hybrid,Yutong,China,,,,,Excavator,,,html,https://en.yutong.com/products/coach/,,2026-08-09T15:54:35Z
Hydrogen,Doosan,Korea,,,,,Excavator,,,html,https://www.doosan.com/en/intro/leadership/?menu=ceo,,2026-02-10T06:57:00Z
Hydrogen,Doosan,Korea,,,,,Excavator,,,html,https://www.doosan.com/en/intro/leadership/?menu=ceo,,2026-08-09T15:56:10Z
Hydrogen,Doosan,Korea,,,,,Excavator,,,html,https://www.doosan.com/en/contact-us/?menu=doosan-Companies,,2026-08-09T15:56:11Z
Hydrogen,Doosan,Korea,,,,,Wheel loader,,,html,https://www.doosan.com/en/intro/business-highlights/,,2026-08-09T15:55:59Z
,BEML,India,,,,,Excavator,,,html,https://www.bemlindia.in/vision-mission,,2026-02-10T06:57:44Z
,BEML,India,,,,,Excavator,,,html,https://www.bemlindia.in/make-in-india-2,,2026-02-10T06:57:50Z
,BEML,India,,,,,Excavator,,,html,https://www.bemlindia.in/investors/,,2026-02-10T06:57:53Z
,BEML,India,,,,,Excavator,,,html,https://www.bemlindia.in/beml-overview/csr/,,2026-07-19T16:19:47Z
,BEML,India,,,,,Excavator,,,html,https://www.bemlindia.in/beml-partners-with-iisc-bengaluru-and-fsid-to-advance-next-generation-research/,,2026-04-05T16:01:49Z
,BEML,India,,,,,Excavator,,,html,https://www.bemlindia.in/beml-in-news,,2026-02-10T06:58:11Z
,BEML,India,,,,,Excavator,,,html,https://www.bemlindia.in/#Facilities,,2026-08-02T16:26:16Z
,BEML,India,,,,,Excavator,,,html,https://www.bemlindia.in/defence-and-aerospace,,2026-02-10T06:58:20Z
,BEML,India,,,,,Excavator,,,html,https://www.bemlindia.in/beml-ksoe-and-hshi-forge-strategic-partnership-to-build-next-generation-maritime-port-crane-ecosystem-in-india/,,2026-03-29T15:59:28Z
,BEML,India,,,,,Excavator,,,html,https://www.bemlindia.in/screen-reader/,,2026-08-09T15:58:24Z
,BEML,India,,,,,Excavator,,,html,https://www.bemlindia.in/beml-limited-secures-%e2%82%b9157-crore-order-for-15-sets-of-switch-rail-grinding-machines/,,2026-04-19T16:06:02Z
,BEML,India,,,,,Excavator,,,html,https://www.bemlindia.in/vision-mission,,2026-07-19T16:20:41Z
,BEML,India,,,,,Excavator,,,html,https://www.bemlindia.in/make-in-india-2,,2026-08-09T15:58:06Z
,BEML,India,,,,,Excavator,,,html,https://www.bemlindia.in/investors/,,2026-08-09T15:57:53Z
,BEML,India,,,,,Excavator,,,html,https://www.bemlindia.in/share-holding-pattern/,,2026-08-02T16:26:54Z
,BEML,India,,,,,Excavator,,,html,https://www.bemlindia.in/certificate-under-reg-745-of-sebidp-act-2018/,,2026-07-26T16:29:47Z
,BEML,India,,,,,Excavator,,,html,https://www.bemlindia.in/beml-in-news,,2026-08-02T16:28:02Z
,BEML,India,,,,,Excavator,,,html,https://www.bemlindia.in/annual-reports/,,2026-08-09T15:59:09Z
,BEML,India,,,,,Excavator,,,html,https://www.bemlindia.in/codes-policies/,,2026-08-09T15:58:43Z
,BEML,India,,,,,Excavator,,,html,https://www.bemlindia.in/credit-rating/,,2026-05-31T16:38:23Z
,BEML,India,,,,,Excavator,,,html,https://www.bemlindia.in/secretarial-compliance-report/,,2026-08-09T15:58:17Z
,BEML,India,,,,,Excavator,,,html,https://www.bemlindia.in/defence-and-aerospace,,2026-08-02T16:26:21Z
,BEML,India,,,,,Excavator,,,html,https://www.bemlindia.in/disclosures-under-regulation-62/,,2026-06-28T16:39:37Z
,BEML,India,,,,,Excavator,,,html,https://www.bemlindia.in/reconciliation-of-share-capital-audit/,,2026-07-12T16:21:52Z
,BEML,India,,,,,Excavator,,,html,https://www.bemlindia.in/compliance-certificates/,,2026-08-09T15:59:56Z
Hybrid,Komatsu,Japan,,,,,Excavator,,,HTML,https://www.komatsu.com/content/komatsu/websites/na/en-us/newsroom,,2026-03-15T15:39:18Z
Hybrid,Komatsu,Japan,,,,,Excavator,,,HTML,https://www.komatsu.com/en-us/technology/smart-mining/modular,,2026-08-09T15:40:22Z
Hybrid,Komatsu,Japan,,,,,Excavator,,,HTML,https://www.komatsu.com/content/komatsu/websites/na/en-us/competitive-comparison,,2026-02-22T15:54:08Z
Hybrid,Komatsu,Japan,,,,,Excavator,,,HTML,https://www.komatsu.com/en-us/products/equipment/room-and-pillar,,2026-08-02T16:09:26Z
Hybrid,Komatsu,Japan,,,,,Excavator,,,HTML,https://www.komatsu.com/en-us/technology/smart-construction/field,,2026-07-19T16:04:47Z
Hybrid,Komatsu,Japan,,,,,Excavator,,,HTML,https://www.komatsu.com/en-us/technology/smart-construction/design,,2026-08-09T15:40:33Z
Hybrid,Komatsu,Japan,,,,,Excavator,,,HTML,https://www.komatsu.com/en-us/newsroom/2026/komatsu-announces-plans-to-acquire-assets-of-src-of-lexington,,2026-02-15T15:52:23Z
Hybrid,Komatsu,Japan,,,,,Excavator,,,HTML,https://www.komatsu.com/content/komatsu/websites/na/en-us/california-voluntary-carbon-market-disclosures-act,,2026-03-01T15:48:06Z
Hybrid,Komatsu,Japan,,,,,Excavator,,,HTML,https://www.komatsu.com/content/komatsu/websites/na/en-us/careers,,2026-02-13T01:00:20Z
Hybrid,Komatsu,Japan,,,,,Excavator,,,HTML,https://www.komatsu.com/en-us/blog/2026/komatsu-crushing-industrial-minerals,,2026-03-01T15:48:16Z
Hybrid,Komatsu,Japan,,,,,Excavator,,,HTML,https://www.komatsu.com/content/komatsu/websites/na/en-us/privacy-notice-for-california-residents,,2026-03-08T15:34:33Z
Hybrid,Komatsu,Japan,,,,,Excavator,,,HTML,https://www.komatsu.com/en-us/contact-us,,2026-08-02T16:09:21Z
Hybrid,Komatsu,Japan,,,,,Excavator,,,HTML,https://www.komatsu.com/en-us/technology/smart-mining/asset-management,,2026-08-02T16:09:26Z
Battery,Liebherr,Germany,,,,,Wheel loader,,,html,https://www.liebherr.com/en-us/gear-technology-and-automation-systems/gear-technology-and-automation-systems-4389248,,2026-02-13T01:01:10Z
Hydrogen,Liebherr,Germany,,,,,Excavator,,,html,https://www.liebherr.com/en-us/group/solutions/drive-technologies-7528024,,2026-08-09T15:41:54Z
,Liebherr,Germany,,,,,Wheel loader,,,html,https://www.liebherr.com/en-us/n/poland’s-first-ltm-1750-9-1-boosts-błażej-roman’s-wind-power-projects-222976-3782185,,2026-02-15T15:53:23Z
,Liebherr,Germany,,,,,Wheel loader,,,html,https://www.liebherr.com/en-us/aerospace-and-transportation-systems/liebherr-aerospace-transportation-7173790,,2026-02-13T01:01:15Z
,Liebherr,Germany,,,,,Wheel loader,,,html,https://www.liebherr.com/en-us/concrete-technology/concrete-technology-4360212,,2026-02-13T01:01:16Z
,Liebherr,Germany,,,,,Excavator,,,html,https://www.liebherr.com/en-us/n/delson-contracts-expands-liebherr-fleet-with-pr-716-g8-crawler-dozer-223808-3782185,,2026-02-15T15:53:12Z
,Liebherr,Germany,,,,,Excavator,,,html,https://www.liebherr.com/en/usa/usa.html#main-content,,2026-08-09T15:41:55Z
Battery,Liebherr,Germany,,,,,Excavator,,,html,https://www.liebherr.com/en-us/group/news/press-contact/press-contact-3782441,,2026-07-19T16:06:22Z
Battery,Liebherr,Germany,,,,,Wheel loader,,,html,https://www.liebherr.com/en-us/gear-technology-and-automation-systems/gear-technology-and-automation-systems-4389248,,2026-08-02T16:11:17Z
,Liebherr,Germany,,,,,Wheel loader,,,html,https://www.liebherr.com/en-us/concrete-technology/concrete-technology-4360212,,2026-07-26T16:12:26Z
,Liebherr,Germany,,,,,Wheel loader,,,html,https://www.liebherr.com/en-us/aerospace-and-transportation-systems/liebherr-aerospace-transportation-7173790,,2026-08-02T16:11:18Z
,Liebherr,Germany,,,,,Wheel loader,,,html,https://www.liebherr.com/en-us/group/news/news-3782182,,2026-07-19T16:06:26Z
Hybrid,Liebherr,Germany,,,,,Excavator,,,html,https://www.liebherr.com/en/usa/latest-news/latest-news.html#main-content,,2026-07-26T16:12:33Z
,John Deere,USA,,,,,Excavator,,,html,https://www.deere.com/en/skidders/,,2026-02-13T01:01:43Z
,John Deere,USA,,,,,Excavator,,,html,https://www.deere.com/en/rental-sales/,,2026-02-13T01:01:44Z
,John Deere,USA,,,,,Excavator,,,html,https://www.deere.com/en/agriculture/used-equipment/,,2026-02-13T01:01:45Z
,John Deere,USA,,,,,Excavator,,,html,https://www.deere.com/en/technology-products/,,2026-02-13T01:01:46Z
Hybrid,John Deere,USA,,,,,Excavator,,,html,https://www.deere.com/en/stories/power-connect/,,2026-02-13T01:01:46Z
,John Deere,USA,,,,,Excavator,,,html,https://www.deere.com/en/parts-and-service/safety/,,2026-02-13T01:01:47Z
,John Deere,USA,,,,,Excavator,,,html,https://www.deere.com/en/drivetrain-components/pump-drives/,,2026-02-13T01:01:48Z
Battery,John Deere,USA,,,,,Excavator,,,html,https://www.deere.com/en/parts-and-service/parts/ag-parts/,,2026-02-13T01:01:49Z
,John Deere,USA,,,,,Excavator,,,html,https://www.deere.com/en/forwarders/,,2026-02-13T01:01:50Z
Battery,John Deere,USA,,,,,Excavator,,,html,https://www.deere.com/en/mowers/lawn-tractors/,,2026-02-13T01:01:52Z
,John Deere,USA,,,,,Excavator,,,html,https://www.deere.com/en/knuckleboom-loaders/,,2026-02-13T01:01:52Z
,John Deere,USA,,,,,Excavator,,,html,https://www.deere.com/en/publications/the-furrow/,,2026-02-13T01:01:53Z
,John Deere,USA,,,,,Excavator,,,html,https://www.deere.com/en/tractors/specialty-tractors/,,2026-02-13T01:01:54Z
Hybrid,John Deere,USA,,,,,Excavator,,,html,https://www.deere.com/en/stories/featured/two-new-us-facilities/,,2026-03-29T15:44:38Z
Battery,John Deere,USA,,,,,Excavator,,,html,https://www.deere.com/en/parts-and-service/parts/maintenance/,,2026-02-13T01:01:56Z
,John Deere,USA,,,,,Excavator,,,html,https://www.deere.com/en/parts-and-service/manuals-and-training/simulators/,,2026-02-13T01:01:57Z
,John Deere,USA,,,,,Excavator,,,html,https://www.deere.com/en/drivetrain-components/transmissions/,,2026-02-13T01:01:59Z
,John Deere,USA,,,,,Excavator,,,html,https://www.deere.com/en/loaders/backhoes/,,2026-02-13T01:02:00Z
,John Deere,USA,,,,,Excavator,,,html,https://www.deere.com/en/finance/financing/ag-turf/farm-equipment/,,2026-06-14T16:46:14Z
,John Deere,USA,,,,,Excavator,,,html,https://www.deere.com/en/skidders/,,2026-06-28T16:23:14Z
,John Deere,USA,,,,,Excavator,,,html,https://www.deere.com/en/rental-sales/,,2026-06-21T16:54:16Z
,John Deere,USA,,,,,Excavator,,,html,https://www.deere.com/en/agriculture/used-equipment/,,2026-06-21T16:54:26Z
,John Deere,USA,,,,,Excavator,,,html,https://www.deere.com/en/technology-products/,,2026-06-14T16:46:11Z
Hybrid,John Deere,USA,,,,,Excavator,,,html,https://www.deere.com/en/stories/power-connect/,,2026-06-07T16:43:13Z
,John Deere,USA,,,,,Excavator,,,html,https://www.deere.com/en/parts-and-service/safety/,,2026-06-07T16:43:22Z
,John Deere,USA,,,,,Excavator,,,html,https://www.deere.com/en/drivetrain-components/pump-drives/,,2026-04-19T15:52:11Z
Battery,John Deere,USA,,,,,Excavator,,,html,https://www.deere.com/en/parts-and-service/parts/ag-parts/,,2026-05-10T16:06:07Z
,John Deere,USA,,,,,Excavator,,,html,https://www.deere.com/en/forwarders/,,2026-06-28T16:23:16Z
Battery,John Deere,USA,,,,,Excavator,,,html,https://www.deere.com/en/mowers/lawn-tractors/,,2026-05-10T16:05:54Z
,John Deere,USA,,,,,Excavator,,,html,https://www.deere.com/en/knuckleboom-loaders/,,2026-06-07T16:43:00Z
,John Deere,USA,,,,,Excavator,,,html,https://www.deere.com/en/publications/the-furrow/,,2026-06-07T16:43:04Z
,John Deere,USA,,,,,Excavator,,,html,https://www.deere.com/en/tractors/specialty-tractors/,,2026-05-17T16:08:53Z
,John Deere,USA,,,,,Excavator,,,html,https://www.deere.com/en/stories/featured/waterloo-employee-callbacks/,,2026-02-13T01:02:14Z
Battery,John Deere,USA,,,,,Excavator,,,html,https://www.deere.com/en/parts-and-service/parts/maintenance/,,2026-05-24T16:12:39Z
,John Deere,USA,,,,,Excavator,,,html,https://www.deere.com/en/parts-and-service/manuals-and-training/simulators/,,2026-06-28T16:23:19Z
,John Deere,USA,,,,,Excavator,,,html,https://www.deere.com/en/drivetrain-components/transmissions/,,2026-06-28T16:23:16Z
,John Deere,USA,,,,,Excavator,,,html,https://www.deere.com/en/loaders/backhoes/,,2026-06-14T16:46:20Z
Battery,Epiroc,Sweden,,,,,Excavator,,,html,https://www.epiroc.com/en-au,,2026-07-12T16:08:48Z
Battery,Epiroc,Sweden,,,,,Excavator,,,html,https://www.epiroc.com/tr-tr,,2026-07-19T16:06:46Z
Battery,Epiroc,Sweden,,,,,Dump truck,,,html,https://www.epiroc.com/#main-content,,2026-07-05T16:17:43Z
Battery,Epiroc,Sweden,,,,,Excavator,,,html,https://www.epiroc.com/en-eg,,2026-08-09T15:42:35Z
Battery,Epiroc,Sweden,,,,,Excavator,,,html,https://www.epiroc.com/en-no,,2026-05-31T16:22:46Z
Battery,Epiroc,Sweden,,,,,Excavator,,,html,https://www.epiroc.com/ru-uz,,2026-07-05T16:17:40Z
Battery,Epiroc,Sweden,,,,,Dump truck,,,html,https://www.epiroc.com/sys/splash,,2026-08-02T16:11:28Z
Battery,Epiroc,Sweden,,,,,Excavator,,,html,https://www.epiroc.com/en-id,,2026-08-09T15:42:36Z
Battery,Epiroc,Sweden,,,,,Excavator,,,html,https://www.epiroc.com/en-pl,,2026-08-09T15:42:29Z
Battery,Epiroc,Sweden,,,,,Excavator,,,html,https://www.epiroc.com/de-de,,2026-08-09T15:42:30Z
Battery,Epiroc,Sweden,,,,,Excavator,,,html,https://www.epiroc.com/fr-ca,,2026-08-02T16:11:35Z
Hydrogen,JCB,UK,,,,,Excavator,,,html,https://www.jcb.com/en-GB/parts-and-service/service/tyre-response/,,2026-02-13T01:02:39Z
Hydrogen,JCB,UK,,,,,Excavator,,,html,https://www.jcb.com/en-GB/campaigns/carethree/,,2026-02-13T01:02:39Z
Hydrogen,JCB,UK,,,,,Excavator,,,html,https://www.jcb.com/en-GB/products/machines/,,2026-02-13T01:02:40Z
Hydrogen,JCB,UK,,,,,Excavator,,,html,https://www.jcb.com/en-GB/parts-and-service/parts/service-fluids/,,2026-02-13T01:02:41Z
Hydrogen,JCB,UK,,,,,Excavator,,,html,https://www.jcb.com/en-GB/parts-and-service/service/machine-health-check/,,2026-02-13T01:02:42Z
Hydrogen,JCB,UK,,,,,Excavator,,,html,https://www.jcb.com/en-GB/parts-and-service/parts/cab-and-body-parts/,,2026-02-13T01:02:43Z
Hydrogen,JCB,UK,,,,,Excavator,,,html,https://www.jcb.com/en-GB/industries/logistics/industrial-forklifts/,,2026-02-13T01:02:43Z
Hydrogen,JCB,UK,,,,,Excavator,,,html,https://www.jcb.com/en-GB/products/powertrain-for-oem/axles/,,2026-02-13T01:02:44Z
Hydrogen,JCB,UK,,,,,Excavator,,,html,https://www.jcb.com/en-GB/industries/construction/rough-terrain-forklifts/,,2026-02-13T01:02:45Z
Hydrogen,JCB,UK,,,,,Excavator,,,html,https://www.jcb.com/en-GB/products/attachments/access-attachments/,,2026-02-13T01:02:45Z
Hydrogen,JCB,UK,,,,,Excavator,,,html,https://www.jcb.com/en-GB/explore/engage/sponsorship-and-partnerships/,,2026-02-13T01:02:47Z
Hydrogen,JCB,UK,,,,,Excavator,,,html,https://www.jcb.com/en-GB/products/powertrain-for-oem/engines/,,2026-02-13T01:02:47Z
Hydrogen,JCB,UK,,,,,Excavator,,,html,https://www.jcb.com/en-GB/industries/powertrain-for-oem/government-and-municipalities/,,2026-02-13T01:02:48Z
Hydrogen,JCB,UK,,,,,Excavator,,,html,https://www.jcb.com/en-GB/campaigns/jcb-loadall-always-by-your-side/,,2026-05-31T16:23:18Z
Hydrogen,JCB,UK,,,,,Excavator,,,html,https://www.jcb.com/en-GB/buy/,,2026-02-13T01:02:49Z
Hydrogen,JCB,UK,,,,,Excavator,,,html,https://www.jcb.com/en-GB/explore/engage/careers/,,2026-02-13T01:02:52Z
Hydrogen,JCB,UK,,,,,Excavator,,,html,https://www.jcb.com/en-GB/industries/powertrain-for-oem/,,2026-02-13T01:02:52Z
Hydrogen,JCB,UK,,,,,Excavator,,,html,https://www.jcb.com/en-GB/products/attachments/snow/,,2026-02-13T01:02:53Z
Hydrogen,JCB,UK,,,,,Excavator,,,html,https://www.jcb.com/en-GB/explore/insight/news/2026/01/rocket-rentals-accelerates-expansion-with-jcb-fleet-deal/,,2026-02-13T01:02:56Z
Hydrogen,JCB,UK,,,,,Excavator,,,html,https://www.jcb.com/en-GB/parts-and-service/service/tyre-response/,,2026-03-01T15:51:00Z
Hydrogen,JCB,UK,,,,,Excavator,,,html,https://www.jcb.com/en-GB/products/machines/,,2026-08-02T16:12:16Z
Hydrogen,JCB,UK,,,,,Excavator,,,html,https://www.jcb.com/en-GB/parts-and-service/parts/service-fluids/,,2026-07-26T16:13:28Z
Hydrogen,JCB,UK,,,,,Excavator,,,html,https://www.jcb.com/en-GB/parts-and-service/service/machine-health-check/,,2026-07-12T16:09:38Z
Hydrogen,JCB,UK,,,,,Excavator,,,html,https://www.jcb.com/en-GB/parts-and-service/parts/cab-and-body-parts/,,2026-07-12T16:09:37Z
Hydrogen,JCB,UK,,,,,Excavator,,,html,https://www.jcb.com/en-GB/industries/logistics/industrial-forklifts/,,2026-07-19T16:07:15Z
Hydrogen,JCB,UK,,,,,Excavator,,,html,https://www.jcb.com/en-GB/products/powertrain-for-oem/axles/,,2026-08-09T15:43:22Z
Hydrogen,JCB,UK,,,,,Excavator,,,html,https://www.jcb.com/en-GB/industries/construction/rough-terrain-forklifts/,,2026-08-02T16:12:11Z
Hydrogen,JCB,UK,,,,,Excavator,,,html,https://www.jcb.com/en-GB/products/attachments/access-attachments/,,2026-06-07T16:44:36Z
Hydrogen,JCB,UK,,,,,Excavator,,,html,https://www.jcb.com/en-GB/explore/engage/sponsorship-and-partnerships/,,2026-04-19T15:53:14Z
Hydrogen,JCB,UK,,,,,Excavator,,,html,https://www.jcb.com/en-GB/products/powertrain-for-oem/engines/,,2026-04-19T15:53:12Z
Hydrogen,JCB,UK,,,,,Excavator,,,html,https://www.jcb.com/en-GB/industries/powertrain-for-oem/government-and-municipalities/,,2026-08-02T16:12:15Z
Hydrogen,JCB,UK,,,,,Excavator,,,html,https://www.jcb.com/en-GB/buy/,,2026-03-22T15:39:17Z
Hydrogen,JCB,UK,,,,,Excavator,,,html,https://www.jcb.com/en-GB/explore/engage/careers/,,2026-05-10T16:06:54Z
Hydrogen,JCB,UK,,,,,Excavator,,,html,https://www.jcb.com/en-GB/industries/powertrain-for-oem/,,2026-06-28T16:24:06Z
Hydrogen,JCB,UK,,,,,Excavator,,,html,https://www.jcb.com/en-GB/products/attachments/snow/,,2026-06-21T16:55:17Z
,Develon,South Korea,,,,,Excavator,,,html,https://eu.develon-ce.com/en/machines/dx235lcr-7,,2026-02-13T01:03:17Z
,Develon,South Korea,,,,,Excavator,,,html,https://eu.develon-ce.com/en/machines/dl250-7,,2026-06-21T16:55:34Z
,Develon,South Korea,,,,,Excavator,,,html,https://eu.develon-ce.com/fr/,,2026-07-12T16:10:02Z
,Develon,South Korea,,,,,Excavator,,,html,https://eu.develon-ce.com/en/machines/dl280-7,,2026-07-26T16:13:38Z
Battery,Develon,South Korea,,,,,Excavator,,,html,https://eu.develon-ce.com/it/,,2026-08-02T16:13:10Z
,Develon,South Korea,,,,,Excavator,,,html,https://eu.develon-ce.com/en/machines/dx350wmh-7,,2026-07-05T16:18:56Z
,Develon,South Korea,,,,,Excavator,,,html,https://eu.develon-ce.com/en/machines/dx165wr-7k,,2026-08-09T15:44:06Z
Battery,Develon,South Korea,,,,,Excavator,,,html,https://eu.develon-ce.com/en/machines/dx20ze,,2026-07-26T16:13:56Z
,Develon,South Korea,,,,,Excavator,,,html,https://eu.develon-ce.com/en/machines/dl480-7,,2026-07-26T16:13:59Z
,Develon,South Korea,,,,,Excavator,,,html,https://eu.develon-ce.com/en/products/demolition-machines,,2026-02-13T01:03:39Z
,Develon,South Korea,,,,,Excavator,,,html,https://eu.develon-ce.com/en/products/mini-excavators,,2026-02-13T01:03:40Z
,Develon,South Korea,,,,,Excavator,,,html,https://eu.develon-ce.com/en/products/compact-wheel-loaders,,2026-02-13T01:03:44Z
,Develon,South Korea,,,,,Excavator,,,html,https://eu.develon-ce.com/en/machines/bale-clamps,,2026-07-26T16:14:20Z
,Develon,South Korea,,,,,Excavator,,,html,https://eu.develon-ce.com/en/machines/4-in-1-bucket,,2026-06-28T16:25:02Z
Hybrid,Develon,South Korea,,,,,Excavator,,,html,https://eu.develon-ce.com/en/machines/da45,,2026-02-13T01:03:49Z
,Develon,South Korea,,,,,Excavator,,,html,https://eu.develon-ce.com/en/industries/earthmoving,,2026-02-13T01:03:52Z
,Develon,South Korea,,,,,Excavator,,,html,https://eu.develon-ce.com/en/machines/dx160w-7k,,2026-08-09T15:43:44Z
,Develon,South Korea,,,,,Excavator,,,html,https://eu.develon-ce.com/en/machines/dx35z,,2026-05-17T16:10:34Z
,Develon,South Korea,,,,,Excavator,,,html,https://eu.develon-ce.com/en/machines/dx210nlc-7,,2026-08-09T15:44:00Z
,Develon,South Korea,,,,,Excavator,,,html,https://eu.develon-ce.com/en/machines/dx235lcr-7,,2026-07-19T16:08:30Z
,Develon,South Korea,,,,,Excavator,,,html,https://eu.develon-ce.com/en/news/2025-12-04-All-rounder-in-demolition,,2026-03-01T15:52:27Z
,Develon,South Korea,,,,,Excavator,,,html,https://eu.develon-ce.com/en/news/2025-12-23-Develon-Heavy-Machines-Driving-Estonias-Oil-Shale-Mining,,2026-03-29T15:46:59Z
,Develon,South Korea,,,,,Excavator,,,html,https://eu.develon-ce.com/en/products/demolition-machines,,2026-07-19T16:08:34Z
,Develon,South Korea,,,,,Excavator,,,html,https://eu.develon-ce.com/en/products/mini-excavators,,2026-07-12T16:10:44Z
,Develon,South Korea,,,,,Excavator,,,html,https://eu.develon-ce.com/en/products/compact-wheel-loaders,,2026-07-19T16:08:44Z
Hybrid,Develon,South Korea,,,,,Excavator,,,html,https://eu.develon-ce.com/en/machines/da45,,2026-07-12T16:10:59Z
,Develon,South Korea,,,,,Excavator,,,html,https://eu.develon-ce.com/en/industries/earthmoving,,2026-07-12T16:10:50Z
,Develon,South Korea,,,,,Excavator,,,html,https://eu.develon-ce.com/en/parts-and-services/parts-and-products,,2026-08-09T15:45:04Z
,Develon,South Korea,,,,,Excavator,,,html,https://eu.develon-ce.com/en/products/heavy-excavators-attachments,,2026-06-21T16:56:20Z
,Develon,South Korea,,,,,Excavator,,,html,https://eu.develon-ce.com/en/news/2025-11-04-Develon-Power-Days-at-Eberle-Hald,,2026-02-22T15:58:19Z
,Develon,South Korea,,,,,Excavator,,,html,https://eu.develon-ce.com/en/news/2024-11-01-Rebranded-Develon-Merchandise-Webshop-is-Now-Live,,2026-07-19T16:08:35Z
,Develon,South Korea,,,,,Excavator,,,html,https://eu.develon-ce.com/en/news/2025-12-04-Develon-at-VDBUM,,2026-02-22T15:58:24Z
,Develon,South Korea,,,,,Excavator,,,html,https://eu.develon-ce.com/en/machines/dx10z-7,,2026-07-26T16:14:48Z
,Develon,South Korea,,,,,Excavator,,,html,https://eu.develon-ce.com/en/machines/dl85-7,,2026-07-19T16:08:45Z
,Develon,South Korea,,,,,Excavator,,,html,https://eu.develon-ce.com/en/products/wheel-loaders,,2026-08-02T16:13:58Z
,Develon,South Korea,,,,,Excavator,,,html,https://eu.develon-ce.com/en/news/2025-12-04-HD-Hyundai-Infracore-Achieves-Industrys-First-Platinum-Rating-for-Zero-Waste-to-Landfill-Certification,,2026-04-05T15:49:54Z
,Develon,South Korea,,,,,Excavator,,,html,https://eu.develon-ce.com/en/xitecloud,,2026-07-05T16:19:40Z
,Develon,South Korea,,,,,Excavator,,,html,https://eu.develon-ce.com/en/privacy-policy,,2026-08-09T15:44:57Z
Battery,Develon,South Korea,,,,,Excavator,,,html,https://eu.develon-ce.com/en/industries/agriculture,,2026-08-02T16:13:45Z
,HD Hyundai CE,South Korea,,,,,Excavator,,,html,https://www.hyundai-ce.com/en/online/inquiry,,2026-08-09T15:45:37Z
,HD Hyundai CE,South Korea,,,,,Excavator,,,html,https://www.hyundai-ce.com/en/products/view?productsSeq=376,,2026-08-02T16:14:34Z
,HD Hyundai CE,South Korea,,,,,Excavator,,,html,https://www.hyundai-ce.com/en/agency/domestic?type=maintenance,,2026-08-09T15:45:45Z
Battery,XCMG,China,,,,,Wheel loader,,,html,https://www.xcmg.com/product/pro-list.htm?catId=1658,,2026-07-05T16:20:49Z
Battery,XCMG,China,,,,,Wheel loader,,,html,https://www.xcmg.com/solution/new-energy.htm,,2026-06-07T16:47:47Z
Battery,XCMG,China,,,,,Wheel loader,,,html,https://www.xcmg.com/site/search.htm?keywords=XCT968-EV装载机,,2026-05-31T16:26:51Z
Battery,XCMG,China,,,,,Wheel loader,,,html,https://www.xcmg.com/product/pro-list.htm?catId=1714,,2026-08-02T16:15:24Z
Battery,XCMG,China,,,,,Wheel loader,,,html,https://www.xcmg.com/aftermarket/find-dealers.htm,,2026-08-02T16:15:45Z
Battery,XCMG,China,,,,,Wheel loader,,,html,https://www.xcmg.com/product/pro-list.htm?catId=32204&erCatId=0&sanCatId=0,,2026-08-02T16:15:22Z
,XCMG,China,,,,,Wheel loader,,,html,https://www.xcmg.com//aboutus/previewnews-detail-1128663.htm,,2026-02-13T01:06:12Z
Battery,XCMG,China,,,,,Wheel loader,,,html,https://www.xcmg.com/site/legal-notices.htm,,2026-08-02T16:15:38Z
Battery,XCMG,China,,,,,Wheel loader,,,html,https://www.xcmg.com/product/pro-list.htm?catId=1866,,2026-08-09T15:46:49Z
Battery,XCMG,China,,,,,Wheel loader,,,html,https://www.xcmg.com/solution/opencast-mining.htm,,2026-07-26T16:16:33Z
Battery,XCMG,China,,,,,Wheel loader,,,html,https://www.xcmg.com/aboutus/about.htm,,2026-07-19T16:10:33Z
Battery,XCMG,China,,,,,Wheel loader,,,html,https://www.xcmg.com/order/?pid=119739,,2026-08-09T15:46:28Z
Battery,Terex,Global,,,,,Dump truck,,,html,https://www.terex.com/en/footer/sustainability/social-sustainability,,2026-08-02T16:16:37Z
Battery,Terex,Global,,,,,Dump truck,,,html,http://www.terex.com/zh/home,,2026-03-08T15:41:23Z
Hybrid,Terex,Global,,,,,Dump truck,,,HTML,https://www.terex.com/en/investors,,2026-07-12T16:13:36Z
Battery,Terex,Global,,,,,Dump truck,,,html,https://www.terex.com/en/careers,,2026-08-09T15:47:44Z
Battery,Terex,Global,,,,,Dump truck,,,html,https://www.terex.com/en/footer/company/news,,2026-08-09T15:47:46Z
Battery,Terex,Global,,,,,Dump truck,,,html,https://www.terex.com/en/footer/products-solutions,,2026-08-09T15:47:45Z
Hybrid,Terex,Global,,,,,Dump truck,,,html,https://www.terex.com/en/products-solutions/equipment#environmentalsolutions,,2026-08-09T15:47:38Z
Battery,Terex,Global,,,,,Dump truck,,,html,https://www.terex.com/en/footer/products-solutions/merchandise,,2026-08-09T15:47:44Z
Hybrid,Terex,Global,,,,,Dump truck,,,html,https://www.terex.com/en/footer/products-solutions/equipment,,2026-08-09T15:47:47Z
Hybrid,Terex,Global,,,,,Dump truck,,,html,https://www.terex.com/en/company/sustainability,,2026-08-02T16:16:33Z
Hybrid,Terex,Global,,,,,Dump truck,,,html,https://www.terex.com/en/footer/products-solutions/services,,2026-07-05T16:22:07Z
Battery,Terex,Global,,,,,Dump truck,,,html,https://www.terex.com/en/footer/sustainability/environmental-sustainability,,2026-08-09T15:47:35Z
,XEMC,China,,,,,Dump truck,,,html,http://www.xemc.com.cn/company.html,,2026-08-09T15:49:34Z
,Yutong,China,,,,,Excavator,,,html,https://en.yutong.com/about/about-yutong/,,2026-07-19T16:15:10Z
,Yutong,China,,,,,Excavator,,,html,https://en.yutong.com/products/T12.shtml,,2026-06-28T16:34:28Z
Hybrid,Yutong,China,,,,,Excavator,,,html,https://en.yutong.com/technology/industry-insights/products/2026/2017115739336609792.shtml,,2026-03-01T16:02:10Z
Hybrid,Yutong,China,,,,,Excavator,,,html,https://en.yutong.com/products/H10.shtml,,2026-08-02T16:22:12Z
,Yutong,China,,,,,Excavator,,,html,https://en.yutong.com/technology/industry-insights/products/2026/2020749946373935104.shtml,,2026-03-08T15:45:59Z
,Yutong,China,,,,,Excavator,,,html,https://en.yutong.com/products/C11.shtml,,2026-03-08T15:47:55Z
Battery,Yutong,China,,,,,Excavator,,,html,https://en.yutong.com/products/E11PRO.shtml,,2026-04-12T16:02:09Z
Battery,Yutong,China,,,,,Excavator,,,html,https://en.yutong.com/pressmedia/news/,,2026-07-26T16:23:25Z
Battery,Yutong,China,,,,,Excavator,,,html,https://en.yutong.com/about/sustainability/,,2026-02-22T16:07:08Z
,Yutong,China,,,,,Excavator,,,html,https://en.yutong.com/products/special-vehicles/,,2026-08-09T15:54:33Z
Hydrogen,Doosan,Korea,,,,,Excavator,,,html,https://www.doosan.com/en#HEADER,,2026-05-31T16:34:38Z
Hydrogen,Doosan,Korea,,,,,Excavator,,,html,https://www.doosan.com/en/media-center/press-release_view?id=20172761,,2026-02-15T16:08:00Z
Hydrogen,Doosan,Korea,,,,,Excavator,,,html,https://www.doosan.com/en/media-center/press-release_view?id=20172764,,2026-03-08T15:48:33Z
,BEML,India,,,,,Excavator,,,html,https://www.bemlindia.in/beml-overview/csr,,2026-02-13T01:16:19Z
,BEML,India,,,,,Excavator,,,html,https://www.bemlindia.in/vigilance,,2026-02-13T01:16:28Z
,BEML,India,,,,,Excavator,,,html,https://www.bemlindia.in/mining-and-construction/,,2026-02-13T01:16:33Z
,BEML,India,,,,,Excavator,,,html,https://www.bemlindia.in/cookies-policy/,,2026-02-13T01:16:35Z
,BEML,India,,,,,Excavator,,,html,https://www.bemlindia.in/contact/,,2026-02-13T01:16:37Z
,BEML,India,,,,,Excavator,,,html,https://www.bemlindia.in/marketing-network,,2026-02-13T01:16:48Z
,BEML,India,,,,,Excavator,,,html,https://www.bemlindia.in/tenders,,2026-02-13T01:17:01Z
,BEML,India,,,,,Excavator,,,html,https://www.bemlindia.in/indigenisation/,,2026-07-19T16:21:16Z
Battery,BEML,India,,,,,Excavator,,,html,https://www.bemlindia.in/manufacturing-plants/,,2026-08-09T15:58:31Z
,BEML,India,,,,,Excavator,,,html,https://www.bemlindia.in/beml-overview/csr,,2026-08-09T15:59:42Z
,BEML,India,,,,,Excavator,,,html,https://www.bemlindia.in/duplicate-share-certificates/,,2026-07-26T16:29:40Z
,BEML,India,,,,,Excavator,,,html,https://www.bemlindia.in/vigilance,,2026-08-02T16:26:32Z
,BEML,India,,,,,Excavator,,,html,https://www.bemlindia.in/mining-and-construction/,,2026-08-09T15:59:19Z
,BEML,India,,,,,Excavator,,,html,https://www.bemlindia.in/cookies-policy/,,2026-06-14T16:57:39Z
,BEML,India,,,,,Excavator,,,html,https://www.bemlindia.in/contact/,,2026-08-09T15:58:39Z
,BEML,India,,,,,Excavator,,,html,https://www.bemlindia.in/marketing-network,,2026-08-02T16:26:58Z
,BEML,India,,,,,Excavator,,,html,https://www.bemlindia.in/corporate-governance-report/,,2026-08-02T16:28:15Z
,BEML,India,,,,,Excavator,,,html,https://www.bemlindia.in/tenders,,2026-07-12T16:21:38Z
,Chetra,Russia,,,,,Excavator,,,html,https://chetra.ru/,,2026-08-09T16:01:43Z
,Chetra,Russia,,,,,Excavator,,,html,https://chetra.ru/#subscribe,,2026-07-12T16:24:40Z
Battery,Chetra,Russia,,,,,Excavator,,,html,https://chetra.ru/catalog/excavator/chetra-e220-nc/,,2026-08-09T16:01:28Z
,Chetra,Russia,,,,,Excavator,,,html,https://chetra.ru/catalog/wheels/chetra-pk12/,,2026-08-09T16:02:01Z
,Chetra,Russia,,,,,Excavator,,,html,https://chetra.ru/catalog/kommunal/mini-pogruzchik-chetra-mkcm-800m-1-premium/,,2026-07-19T16:23:59Z
,Chetra,Russia,,,,,Excavator,,,html,https://chetra.ru/press-center/media/,,2026-08-09T16:01:57Z
,Chetra,Russia,,,,,Excavator,,,html,https://chetra.ru/press-center/offers/tekhnika-chetra-teper-dostupna-po-programme-lgotnogo-lizinga-dom-rf/,,2026-08-02T16:30:55Z
,Chetra,Russia,,,,,Excavator,,,html,https://chetra.ru/press-center/media/kak-dobyvayut-zoloto-na-buldozere-chetra-t35/,,2026-07-12T16:24:47Z
,Chetra,Russia,,,,,Excavator,,,html,https://chetra.ru/press-center/offers/,,2026-08-02T16:30:11Z
,Chetra,Russia,,,,,Excavator,,,html,https://chetra.ru/press-center/media/demontazh-montazh-kabiny-krana-truboukladchika-chetra-tg-511ya/,,2026-08-02T16:30:17Z
,Chetra,Russia,,,,,Excavator,,,html,https://chetra.ru/press-center/news/chetra-pk3-obzor-na-novuyu-tekhniku/,,2026-02-13T01:20:21Z
,Chetra,Russia,,,,,Excavator,,,html,https://chetra.ru/spares/unique/,,2026-08-09T16:02:11Z
,Chetra,Russia,,,,,Excavator,,,html,https://chetra.ru/spares/warehouse/,,2026-08-09T16:02:24Z
,Chetra,Russia,,,,,Excavator,,,html,https://chetra.ru/catalog/pipelayers/chetra-tg511/,,2026-08-02T16:30:51Z
,Chetra,Russia,,,,,Excavator,,,html,https://chetra.ru/press-center/news/chetra-zapuskaet-novoe-napravlenie-gorodskoy-tekhniki/,,2026-05-17T16:28:37Z
,Chetra,Russia,,,,,Excavator,,,html,https://chetra.ru/personal/,,2026-08-09T16:01:38Z
,Chetra,Russia,,,,,Excavator,,,html,https://chetra.ru/catalog/buldozers/chetra-t15/,,2026-07-12T16:24:37Z
,Chetra,Russia,,,,,Excavator,,,html,https://chetra.ru/catalog/buldozers/chetra-t45/,,2026-06-28T16:41:37Z
,Chetra,Russia,,,,,Excavator,,,html,https://chetra.ru/press-center/offers/firmennoe-to-chetra-vygodno/,,2026-05-10T16:23:19Z
Battery,Chetra,Russia,,,,,Excavator,,,html,https://chetra.ru/catalog/excavator/chetra-e270/,,2026-06-28T16:41:22Z
,Chetra,Russia,,,,,Excavator,,,html,https://chetra.ru/press-center/offers/aktsiya-dvoynaya-vygoda-ekonomte-vdvoyne-pri-pokupke-spetstekhniki/,,2026-07-12T16:24:32Z
,Chetra,Russia,,,,,Excavator,,,html,https://chetra.ru/catalog/navesnoe/,,2026-08-02T16:31:04Z
,Chetra,Russia,,,,,Excavator,,,html,https://chetra.ru/press-center/projects/,,2026-08-09T16:01:49Z
,Chetra,Russia,,,,,Excavator,,,html,https://chetra.ru/catalog/,,2026-08-09T16:02:09Z
,Chetra,Russia,,,,,Excavator,,,html,https://chetra.ru/catalog/kommunal/mini-pogruzchik-chetra-mksm-1600m/,,2026-08-02T16:30:49Z
,Chetra,Russia,,,,,Excavator,,,html,https://chetra.ru/catalog/wheels/chetra-pk3/,,2026-07-19T16:23:54Z
,Chetra,Russia,,,,,Excavator,,,html,https://chetra.ru/press-center/media/i-vserossiyskiy-chempionat-operatorov-tekhniki-chetra/,,2026-08-09T16:02:31Z
,Chetra,Russia,,,,,Excavator,,,html,https://chetra.ru/spares/,,2026-07-19T16:23:34Z
,Chetra,Russia,,,,,Excavator,,,html,https://chetra.ru/catalog/kommunal/mini-pogruzchik-chetra-mksm-1200m-1-premium/,,2026-07-19T16:24:04Z
,Chetra,Russia,,,,,Excavator,,,html,https://chetra.ru/catalog/pipelayers/chetra-tg302/,,2026-08-09T16:02:20Z
,Chetra,Russia,,,,,Excavator,,,html,https://chetra.ru/press-center/offers/ekskavatory-chetra-so-skidkoy-do-15-/,,2026-08-09T16:01:35Z
Hybrid,Komatsu,Japan,,,,,Excavator,,,HTML,https://www.komatsu.com/en-us/newsroom/2025/komatsu-introduces-new-pc220lc-12-and-pc220lci-12-excavators,,2026-03-01T15:48:12Z
Hybrid,Komatsu,Japan,,,,,Excavator,,,HTML,https://www.komatsu.com/en-us/komatsu-locator,,2026-08-09T15:40:27Z
Hybrid,Komatsu,Japan,,,,,Excavator,,,HTML,https://www.komatsu.com/content/komatsu/websites/na/en-us/industries,,2026-03-15T15:39:19Z
Hybrid,Komatsu,Japan,,,,,Excavator,,,HTML,https://www.komatsu.com/en-us/technology/smart-construction/office,,2026-07-19T16:04:44Z
Hybrid,Komatsu,Japan,,,,,Excavator,,,HTML,https://www.komatsu.com/content/komatsu/websites/na/en-us/our-commitment,,2026-03-08T15:34:29Z
Hybrid,Komatsu,Japan,,,,,Excavator,,,HTML,https://www.komatsu.com/en-us/products/equipment/dozers,,2026-08-02T16:09:21Z
Battery,Liebherr,Germany,,,,,Wheel loader,,,html,https://www.liebherr.com/en-us/n/liebherr-expands-its-undercounter-appliance-portfolio-222400-3782185,,2026-02-15T15:53:17Z
Battery,Liebherr,Germany,,,,,Wheel loader,,,html,https://www.liebherr.com/en-us/refrigerators-freezers/appliances-3033359,,2026-02-15T15:53:23Z
,Liebherr,Germany,,,,,Wheel loader,,,html,https://www.liebherr.com/en-us/n/liebherr-brings-hands-on-the-future-to-conexpo-222272-3782185,,2026-02-15T15:53:27Z
,Liebherr,Germany,,,,,Wheel loader,,,html,https://www.liebherr.com/en-us/n/liebherr-participates-in-the-evtol-show-europe-2026-223872-3782185,,2026-02-15T15:53:27Z
Battery,Liebherr,Germany,,,,,Wheel loader,,,html,https://www.liebherr.com/en-us/group/magazine/ultra-precise-teamwork/ultra-precise-teamwork-7647617,,2026-03-01T15:49:22Z
,Liebherr,Germany,,,,,Dump truck,,,html,https://www.liebherr.com/en-us/n/five-reasons-you-will-love-the-ta-230-222336-3782185,,2026-02-15T15:53:34Z
Battery,Liebherr,Germany,,,,,Wheel loader,,,html,https://www.liebherr.com/en-us/n/liebherr-expands-its-undercounter-appliance-portfolio-222400-3782185,,2026-02-15T15:53:36Z
Battery,Liebherr,Germany,,,,,Wheel loader,,,html,https://www.liebherr.com/en-us/refrigerators-freezers/appliances-3033359,,2026-08-02T16:11:09Z
,Liebherr,Germany,,,,,Wheel loader,,,html,https://www.liebherr.com/en-us/n/liebherr-participates-in-the-evtol-show-europe-2026-223872-3782185,,2026-02-15T15:53:42Z
,Liebherr,Germany,,,,,Dump truck,,,html,https://www.liebherr.com/en-us/n/five-reasons-you-will-love-the-ta-230-222336-3782185,,2026-02-15T15:53:44Z
,Liebherr,Germany,,,,,Wheel loader,,,html,https://www.liebherr.com/en-us/n/three-liebherr-800-tonne-cranes-at-a-wind-farm-224704-3782185,,2026-02-15T15:53:48Z
,John Deere,USA,,,,,Excavator,,,html,https://www.deere.com/en/motor-graders/,,2026-02-15T15:53:50Z
,John Deere,USA,,,,,Excavator,,,html,https://www.deere.com/en/drivetrain-components/planetary-gear-drives/,,2026-02-15T15:53:51Z
Hybrid,John Deere,USA,,,,,Excavator,,,html,https://www.deere.com/en/loaders/,,2026-02-15T15:53:52Z
,John Deere,USA,,,,,Excavator,,,html,https://www.deere.com/en/compact-equipment/?cid=HOME_IMGPANEL_2,,2026-02-15T15:53:52Z
Battery,John Deere,USA,,,,,Excavator,,,html,https://www.deere.com/en/mowers/zero-turn-mowers/,,2026-02-15T15:53:53Z
,John Deere,USA,,,,,Excavator,,,html,https://www.deere.com/en/attachments-accessories-and-implements/riding-mower-attachments/,,2026-02-15T15:53:54Z
,John Deere,USA,,,,,Excavator,,,html,https://www.deere.com/en/loaders/front-end-loaders-for-tractors/,,2026-02-15T15:53:55Z
Hybrid,John Deere,USA,,,,,Excavator,,,html,https://www.deere.com/en/loaders/wheel-loaders/,,2026-02-15T15:53:57Z
,John Deere,USA,,,,,Excavator,,,html,https://www.deere.com/en/stellarsupport/,,2026-02-15T15:53:58Z
,John Deere,USA,,,,,Excavator,,,html,https://www.deere.com/en/attachments-accessories-and-implements/utility-tractors-attachments-accessories/,,2026-02-15T15:53:59Z
,John Deere,USA,,,,,Excavator,,,html,https://www.deere.com/en/loaders/wheel-loaders/compact-wheel-loaders/,,2026-02-15T15:54:00Z
,John Deere,USA,,,,,Excavator,,,html,https://www.deere.com/en/finance/financing/golf-sports-turf/,,2026-02-15T15:54:01Z
,John Deere,USA,,,,,Excavator,,,html,https://www.deere.com/en/mowers/rough-trim-surround-mowers/,,2026-02-15T15:54:01Z
,John Deere,USA,,,,,Excavator,,,html,https://www.deere.com/en/technology-products/precision-construction-technology/,,2026-02-15T15:54:02Z
,John Deere,USA,,,,,Excavator,,,html,https://www.deere.com/en/parts-and-service/manuals-and-training/,,2026-02-15T15:54:02Z
,John Deere,USA,,,,,Excavator,,,html,https://www.deere.com/en/construction/used-equipment/,,2026-02-15T15:54:03Z
,John Deere,USA,,,,,Excavator,,,html,https://www.deere.com/en/electronics/,,2026-02-15T15:54:04Z
,John Deere,USA,,,,,Excavator,,,html,https://www.deere.com/en/aeration-equipment/,,2026-02-15T15:54:04Z
,John Deere,USA,,,,,Excavator,,,html,https://www.deere.com/en/parts-and-service/warranty-and-protection-plans/,,2026-02-15T15:54:06Z
,John Deere,USA,,,,,Excavator,,,html,https://www.deere.com/en/industrial-engines/,,2026-02-15T15:54:09Z
,John Deere,USA,,,,,Excavator,,,html,https://www.deere.com/en/generator-drive-engines/,,2026-06-21T16:54:32Z
,John Deere,USA,,,,,Excavator,,,html,https://www.deere.com/en/motor-graders/,,2026-05-17T16:08:54Z
,John Deere,USA,,,,,Excavator,,,html,https://www.deere.com/en/drivetrain-components/planetary-gear-drives/,,2026-02-15T15:54:14Z
Hybrid,John Deere,USA,,,,,Excavator,,,html,https://www.deere.com/en/loaders/,,2026-05-03T15:59:58Z
Battery,John Deere,USA,,,,,Excavator,,,html,https://www.deere.com/en/mowers/zero-turn-mowers/,,2026-06-28T16:23:23Z
,John Deere,USA,,,,,Excavator,,,html,https://www.deere.com/en/attachments-accessories-and-implements/riding-mower-attachments/,,2026-04-05T15:47:15Z
,John Deere,USA,,,,,Excavator,,,html,https://www.deere.com/en/loaders/front-end-loaders-for-tractors/,,2026-04-19T15:52:12Z
Hybrid,John Deere,USA,,,,,Excavator,,,html,https://www.deere.com/en/loaders/wheel-loaders/,,2026-04-26T15:54:28Z
,John Deere,USA,,,,,Excavator,,,html,https://www.deere.com/en/stellarsupport/,,2026-05-24T16:12:50Z
,John Deere,USA,,,,,Excavator,,,html,https://www.deere.com/en/attachments-accessories-and-implements/utility-tractors-attachments-accessories/,,2026-06-21T16:54:23Z
,John Deere,USA,,,,,Excavator,,,html,https://www.deere.com/en/loaders/wheel-loaders/compact-wheel-loaders/,,2026-05-17T16:08:55Z
,John Deere,USA,,,,,Excavator,,,html,https://www.deere.com/en/finance/financing/golf-sports-turf/,,2026-05-31T16:22:30Z
,John Deere,USA,,,,,Excavator,,,html,https://www.deere.com/en/mowers/rough-trim-surround-mowers/,,2026-04-19T15:52:05Z
,John Deere,USA,,,,,Excavator,,,html,https://www.deere.com/en/technology-products/precision-construction-technology/,,2026-05-03T15:59:54Z
,John Deere,USA,,,,,Excavator,,,html,https://www.deere.com/en/parts-and-service/manuals-and-training/,,2026-06-28T16:23:22Z
,John Deere,USA,,,,,Excavator,,,html,https://www.deere.com/en/construction/used-equipment/,,2026-06-28T16:23:10Z
,John Deere,USA,,,,,Excavator,,,html,https://www.deere.com/en/electronics/,,2026-04-19T15:52:10Z
,John Deere,USA,,,,,Excavator,,,html,https://www.deere.com/en/aeration-equipment/,,2026-06-07T16:43:15Z
Hybrid,John Deere,USA,,,,,Excavator,,,html,https://www.deere.com/en/news/all-news/fy26-q1-announcement/,,2026-02-15T15:54:26Z
,John Deere,USA,,,,,Excavator,,,html,https://www.deere.com/en/parts-and-service/warranty-and-protection-plans/,,2026-05-31T16:22:35Z
,John Deere,USA,,,,,Excavator,,,html,https://www.deere.com/en/industrial-engines/,,2026-06-07T16:43:22Z
Battery,Epiroc,Sweden,,,,,Excavator,,,html,https://www.epiroc.com/en-bf,,2026-08-02T16:11:30Z
Battery,Epiroc,Sweden,,,,,Excavator,,,html,https://www.epiroc.com/en/epiroc-careers,,2026-07-05T16:17:43Z
Battery,Epiroc,Sweden,,,,,Dump truck,,,html,https://www.epiroc.com/sys,,2026-08-09T15:42:31Z
Battery,Epiroc,Sweden,,,,,Excavator,,,html,https://www.epiroc.com/fr-ci,,2026-06-07T16:43:25Z
Battery,Epiroc,Sweden,,,,,Excavator,,,html,https://www.epiroc.com/en/sys/safetydatasheets,,2026-08-09T15:42:25Z
Battery,Epiroc,Sweden,,,,,Excavator,,,html,https://www.epiroc.com/en-mz,,2026-08-09T15:42:38Z
Battery,Epiroc,Sweden,,,,,Excavator,,,html,https://www.epiroc.com/en-iq,,2026-07-12T16:08:46Z
Hybrid,Epiroc,Sweden,,,,,Excavator,,,html,https://www.epiroc.com/en-us,,2026-06-28T16:23:30Z
Battery,Epiroc,Sweden,,,,,Excavator,,,html,https://www.epiroc.com/es-cl,,2026-08-09T15:42:36Z
Battery,Epiroc,Sweden,,,,,Excavator,,,html,https://www.epiroc.com/en-ye,,2026-08-09T15:42:32Z
Battery,Epiroc,Sweden,,,,,Excavator,,,html,https://www.epiroc.com/fr-mu,,2026-08-02T16:11:25Z
Battery,Epiroc,Sweden,,,,,Excavator,,,html,https://www.epiroc.com/it-it,,2026-07-26T16:12:41Z
Battery,Epiroc,Sweden,,,,,Excavator,,,html,https://www.epiroc.com/es-ar,,2026-06-07T16:43:25Z
Battery,Epiroc,Sweden,,,,,Excavator,,,html,https://www.epiroc.com/fr-bf,,2026-07-26T16:12:40Z
Battery,Epiroc,Sweden,,,,,Excavator,,,html,https://www.epiroc.com/en-gh,,2026-08-09T15:42:27Z
Battery,Epiroc,Sweden,,,,,Excavator,,,html,https://www.epiroc.com/fr-mg,,2026-08-02T16:11:33Z
Hydrogen,JCB,UK,,,,,Excavator,,,html,https://www.jcb.com/en-GB/industries/agriculture/agricultural-tractors/,,2026-02-15T15:54:45Z
Hydrogen,JCB,UK,,,,,Excavator,,,html,https://www.jcb.com/en-GB/campaigns/jcb-flexilease/,,2026-02-22T15:56:23Z
Hydrogen,JCB,UK,,,,,Excavator,,,html,https://www.jcb.com/en-GB/industries/agriculture/compact-track-loaders/,,2026-02-15T15:54:48Z
Hydrogen,JCB,UK,,,,,Excavator,,,html,https://www.jcb.com/en-GB/industries/agriculture/telescopic-loaders/,,2026-02-15T15:54:49Z
Hydrogen,JCB,UK,,,,,Excavator,,,html,https://www.jcb.com/en-GB/industries/logistics/,,2026-02-15T15:54:49Z
Hydrogen,JCB,UK,,,,,Excavator,,,html,https://www.jcb.com/en-GB/explore/engage/events/,,2026-02-15T15:54:50Z
Hydrogen,JCB,UK,,,,,Excavator,,,html,https://www.jcb.com/en-GB/campaigns/80-years-of-innovation/,,2026-05-10T16:06:43Z
Hydrogen,JCB,UK,,,,,Excavator,,,html,https://www.jcb.com/en-GB/explore/knowledge/,,2026-02-15T15:54:52Z
Hydrogen,JCB,UK,,,,,Excavator,,,html,https://www.jcb.com/en-GB/buy/finance-offers/jcb-403-agri-wheel-loader/,,2026-05-31T16:23:13Z
Hydrogen,JCB,UK,,,,,Excavator,,,html,https://www.jcb.com/en-GB/products/machines/industrial-forklifts/,,2026-02-15T15:54:54Z
Hydrogen,JCB,UK,,,,,Excavator,,,html,https://www.jcb.com/en-GB/industries/waste-and-recycling/telescopic-handlers/,,2026-02-15T15:54:54Z
Hydrogen,JCB,UK,,,,,Excavator,,,html,https://www.jcb.com/en-GB/products/machines/site-dumpers/,,2026-02-15T15:54:55Z
Hydrogen,JCB,UK,,,,,Excavator,,,html,https://www.jcb.com/en-GB/,,2026-02-15T15:54:56Z
Hydrogen,JCB,UK,,,,,Excavator,,,html,https://www.jcb.com/en-GB/industries/agriculture/generators/,,2026-02-15T15:54:56Z
Hydrogen,JCB,UK,,,,,Excavator,,,html,https://www.jcb.com/en-GB/industries/agriculture/wheel-loaders/,,2026-02-15T15:54:57Z
Hydrogen,JCB,UK,,,,,Excavator,,,html,https://www.jcb.com/en-GB/explore/sustainability/,,2026-02-15T15:54:58Z
Hydrogen,JCB,UK,,,,,Excavator,,,html,https://www.jcb.com/en-GB/industries/construction/telescopic-loaders/,,2026-02-15T15:54:59Z
Hydrogen,JCB,UK,,,,,Excavator,,,html,https://www.jcb.com/en-GB/products/attachments/sweepers/,,2026-02-15T15:55:00Z
Hydrogen,JCB,UK,,,,,Excavator,,,html,https://www.jcb.com/en-GB/industries/agriculture/agricultural-tractors/,,2026-04-05T15:48:17Z
Hydrogen,JCB,UK,,,,,Excavator,,,html,https://www.jcb.com/en-GB/industries/agriculture/compact-track-loaders/,,2026-06-07T16:44:37Z
Hydrogen,JCB,UK,,,,,Excavator,,,html,https://www.jcb.com/en-GB/industries/agriculture/telescopic-loaders/,,2026-07-05T16:18:21Z
Hydrogen,JCB,UK,,,,,Excavator,,,html,https://www.jcb.com/en-GB/industries/logistics/,,2026-07-19T16:07:17Z
Hydrogen,JCB,UK,,,,,Excavator,,,html,https://www.jcb.com/en-GB/explore/engage/events/,,2026-05-31T16:23:42Z
Hydrogen,JCB,UK,,,,,Excavator,,,html,https://www.jcb.com/en-GB/explore/knowledge/,,2026-06-14T16:47:04Z
Hydrogen,JCB,UK,,,,,Excavator,,,html,https://www.jcb.com/en-GB/products/machines/industrial-forklifts/,,2026-08-09T15:43:26Z
Hydrogen,JCB,UK,,,,,Excavator,,,html,https://www.jcb.com/en-GB/industries/waste-and-recycling/telescopic-handlers/,,2026-08-02T16:12:04Z
Hydrogen,JCB,UK,,,,,Excavator,,,html,https://www.jcb.com/en-GB/products/machines/site-dumpers/,,2026-08-09T15:43:21Z
Hydrogen,JCB,UK,,,,,Excavator,,,html,https://www.jcb.com/en-GB/,,2026-06-07T16:44:49Z
Hydrogen,JCB,UK,,,,,Excavator,,,html,https://www.jcb.com/en-GB/industries/agriculture/generators/,,2026-06-14T16:47:08Z
Hydrogen,JCB,UK,,,,,Excavator,,,html,https://www.jcb.com/en-GB/industries/agriculture/wheel-loaders/,,2026-06-21T16:55:09Z
Hydrogen,JCB,UK,,,,,Excavator,,,html,https://www.jcb.com/en-GB/explore/sustainability/,,2026-08-09T15:43:12Z
Hydrogen,JCB,UK,,,,,Excavator,,,html,https://www.jcb.com/en-GB/industries/construction/telescopic-loaders/,,2026-08-09T15:43:17Z
Hydrogen,JCB,UK,,,,,Excavator,,,html,https://www.jcb.com/en-GB/products/attachments/sweepers/,,2026-05-31T16:23:26Z
Hydrogen,JCB,UK,,,,,Excavator,,,html,https://www.jcb.com/en-GB/industries/municipalities/winter-maintenance/,,2026-06-07T16:44:48Z
Hydrogen,JCB,UK,,,,,Excavator,,,html,https://www.jcb.com/en-GB/parts-and-service/,,2026-07-19T16:07:18Z
Hydrogen,JCB,UK,,,,,Excavator,,,html,https://www.jcb.com/en-GB/products/machines/skid-steer-loaders/,,2026-07-12T16:09:21Z
,Develon,South Korea,,,,,Excavator,,,html,https://eu.develon-ce.com/en/industries,,2026-02-15T15:55:22Z
,Develon,South Korea,,,,,Excavator,,,html,https://eu.develon-ce.com/en/machines/dx1000lc-7,,2026-06-07T16:45:18Z
Hybrid,Develon,South Korea,,,,,Excavator,,,html,https://eu.develon-ce.com/en/fairs-and-events/bauma-2025,,2026-02-15T15:55:27Z
,Develon,South Korea,,,,,Excavator,,,html,https://eu.develon-ce.com/en/machines/dx190w-7k,,2026-05-24T16:14:34Z
,Develon,South Korea,,,,,Excavator,,,html,https://eu.develon-ce.com/en/machines/dx63-7,,2026-07-12T16:09:56Z
,Develon,South Korea,,,,,Excavator,,,html,https://eu.develon-ce.com/en/machines/dx300lc-7-slr,,2026-08-02T16:12:33Z
,Develon,South Korea,,,,,Excavator,,,html,https://eu.develon-ce.com/en/machines/hb-breakers,,2026-03-29T15:46:40Z
,Develon,South Korea,,,,,Excavator,,,html,https://eu.develon-ce.com/en/news/2023-06-29-DEVELON-Inversion-en-una-nueva-planta-alemana,,2026-02-22T15:57:04Z
,Develon,South Korea,,,,,Excavator,,,html,https://eu.develon-ce.com/en/contact-us,,2026-02-15T15:55:53Z
,Develon,South Korea,,,,,Excavator,,,html,https://eu.develon-ce.com/en/machines/dx140lc-7,,2026-08-09T15:43:40Z
,Develon,South Korea,,,,,Excavator,,,html,https://eu.develon-ce.com/en/innovation,,2026-02-15T15:55:56Z
,Develon,South Korea,,,,,Excavator,,,html,https://eu.develon-ce.com/en/request-a-quote,,2026-02-15T15:55:59Z
,Develon,South Korea,,,,,Excavator,,,html,https://eu.develon-ce.com/en/machines/dl220-7,,2026-07-26T16:14:07Z
,Develon,South Korea,,,,,Excavator,,,html,https://eu.develon-ce.com/en/industries,,2026-08-02T16:13:27Z
Hybrid,Develon,South Korea,,,,,Excavator,,,html,https://eu.develon-ce.com/en/fairs-and-events/bauma-2025,,2026-08-09T15:44:35Z
,Develon,South Korea,,,,,Excavator,,,html,https://eu.develon-ce.com/en/news/2025-12-04-Develon-Hands-on-Training-in-Italy,,2026-02-15T15:56:17Z
,Develon,South Korea,,,,,Excavator,,,html,https://eu.develon-ce.com/en/contact-us,,2026-07-19T16:09:07Z
,Develon,South Korea,,,,,Excavator,,,html,https://eu.develon-ce.com/en/innovation,,2026-08-02T16:14:07Z
,Develon,South Korea,,,,,Excavator,,,html,https://eu.develon-ce.com/en/request-a-quote,,2026-07-26T16:14:28Z
,Develon,South Korea,,,,,Excavator,,,html,https://eu.develon-ce.com/en/machines/dx210w-7k,,2026-07-12T16:11:02Z
,Develon,South Korea,,,,,Excavator,,,html,https://eu.develon-ce.com/en/industries/landscaping,,2026-07-05T16:19:59Z
Battery,Develon,South Korea,,,,,Excavator,,,html,https://eu.develon-ce.com/en/industries/infrastructure-and-urban-applications,,2026-06-14T16:48:24Z
,Develon,South Korea,,,,,Excavator,,,html,https://eu.develon-ce.com/en/products/crawler-excavators,,2026-05-03T16:02:10Z
,HD Hyundai CE,South Korea,,,,,Excavator,,,html,https://www.hyundai-ce.com/en/inov/productivity/contents,,2026-08-09T15:45:33Z
Hydrogen,SANY,China,,,,,Excavator,,,html,https://www.sanyglobal.com/product/lithiumenergy/container_energy_storage/,,2026-05-31T16:25:52Z
Battery,XCMG,China,,,,,Wheel loader,,,html,https://www.xcmg.com/product/pro-list.htm?catId=1002000026&erCatId=0&sanCatId=0,,2026-08-09T15:46:29Z
Battery,XCMG,China,,,,,Wheel loader,,,html,https://www.xcmg.com/site/search.htm?keywords=XGS28ACK-LI 高空作业平台,,2026-08-09T15:46:54Z
Battery,XCMG,China,,,,,Wheel loader,,,html,https://www.xcmg.com/product/pro-list.htm?catId=1001000414,,2026-08-09T15:46:17Z
Battery,XCMG,China,,,,,Wheel loader,,,html,https://www.xcmg.com/product/pro-list.htm?catId=1001034534,,2026-08-02T16:15:37Z
Battery,XCMG,China,,,,,Wheel loader,,,html,https://www.xcmg.com/service/maintenance-service.htm,,2026-08-09T15:46:43Z
Battery,XCMG,China,,,,,Wheel loader,,,html,https://www.xcmg.com/product/pro-list.htm,,2026-07-12T16:12:53Z
Battery,XCMG,China,,,,,Wheel loader,,,html,https://www.xcmg.com/investor/investor.htm,,2026-06-28T16:26:52Z
Battery,XCMG,China,,,,,Wheel loader,,,html,https://www.xcmg.com/site/exponent.htm,,2026-07-05T16:20:58Z
Battery,XCMG,China,,,,,Wheel loader,,,html,https://www.xcmg.com/product/pro-list.htm?catId=1714&erCatId=0&sanCatId=0,,2026-08-02T16:15:42Z
,XCMG,China,,,,,Wheel loader,,,html,https://www.xcmg.com/product/pro-detail-138354.htm,,2026-02-15T15:58:35Z
Battery,Terex,Global,,,,,Dump truck,,,html,https://www.terex.com/en/search?indexCatalogue=core-index&searchQuery=Sustainability,,2026-07-12T16:13:41Z
Battery,Terex,Global,,,,,Dump truck,,,html,https://www.terex.com/en/company,,2026-08-09T15:47:35Z
Battery,Terex,Global,,,,,Dump truck,,,html,https://www.terex.com/Sitefinity/SignOut?sts_signout=true&redirect_uri=https://www.terex.com,,2026-08-09T15:47:42Z
Battery,Terex,Global,,,,,Dump truck,,,html,https://www.terex.com/en/company/gaap-to-non-gaap-analysis,,2026-07-26T16:17:45Z
Battery,Terex,Global,,,,,Dump truck,,,html,https://www.terex.com/en/terms-and-privacy/terms-of-use,,2026-08-09T15:47:44Z
Battery,Terex,Global,,,,,Dump truck,,,html,https://www.terex.com/en/company/culture-inclusion,,2026-08-09T15:47:36Z
Battery,Terex,Global,,,,,Dump truck,,,html,https://www.terex.com/en/find-a-dealer,,2026-07-19T16:11:32Z
Battery,Yutong,China,,,,,Excavator,,,html,https://en.yutong.com/z/championship2025/,,2026-03-15T15:53:19Z
Battery,Yutong,China,,,,,Excavator,,,html,https://en.yutong.com/products/T12E.shtml,,2026-08-09T15:54:49Z
,Yutong,China,,,,,Excavator,,,html,https://en.yutong.com/about/hgjy/,,2026-08-02T16:22:23Z
,Yutong,China,,,,,Excavator,,,html,https://en.yutong.com/service/repository/,,2026-08-02T16:23:16Z
Battery,Yutong,China,,,,,Excavator,,,html,https://en.yutong.com/pressmedia/news/yutong-news/2026/2016076611690041344.shtml,,2026-02-22T16:07:54Z
,BEML,India,,,,,Excavator,,,html,https://www.bemlindia.in/accessibility-statement/,,2026-02-15T16:08:38Z
,BEML,India,,,,,Excavator,,,html,https://www.bemlindia.in/rail-and-metro,,2026-02-15T16:08:41Z
,BEML,India,,,,,Excavator,,,html,https://www.bemlindia.in/leadership/,,2026-02-15T16:09:07Z
,BEML,India,,,,,Excavator,,,html,https://www.bemlindia.in/#MEDIA_ROOM,,2026-07-19T16:19:32Z
,BEML,India,,,,,Excavator,,,html,https://www.bemlindia.in/media-releases,,2026-02-15T16:09:27Z
,BEML,India,,,,,Excavator,,,html,https://www.bemlindia.in/defence-and-aerospace/,,2026-02-15T16:09:37Z
,BEML,India,,,,,Excavator,,,html,https://www.bemlindia.in/careers,,2026-08-02T16:26:03Z
,BEML,India,,,,,Excavator,,,html,https://www.bemlindia.in/accessibility-statement/,,2026-07-19T16:20:52Z
,BEML,India,,,,,Excavator,,,html,https://www.bemlindia.in/rail-and-metro,,2026-08-09T15:58:21Z
,BEML,India,,,,,Excavator,,,html,https://www.bemlindia.in/general-announcements/,,2026-07-05T16:33:12Z
,BEML,India,,,,,Excavator,,,html,https://www.bemlindia.in/beml-land-assets-limited/,,2026-08-09T15:58:35Z
,BEML,India,,,,,Excavator,,,html,https://www.bemlindia.in/leadership/,,2026-07-26T16:28:39Z
,BEML,India,,,,,Excavator,,,html,https://www.bemlindia.in/media-releases,,2026-08-02T16:27:36Z
,BEML,India,,,,,Excavator,,,html,https://www.bemlindia.in/defence-and-aerospace/,,2026-08-09T15:58:53Z
,Chetra,Russia,,,,,Excavator,,,html,https://chetra.ru/press-center/,,2026-08-09T16:01:51Z
,Chetra,Russia,,,,,Excavator,,,html,https://chetra.ru/company/service/,,2026-08-09T16:02:29Z
,Chetra,Russia,,,,,Excavator,,,html,https://chetra.ru/catalog/wheels/chetra-pk5/,,2026-08-09T16:01:30Z
,Chetra,Russia,,,,,Excavator,,,html,https://chetra.ru/catalog/kommunal/mini-pogruzchik-chetra-mksm-1200m-1/,,2026-08-09T16:02:04Z
,Chetra,Russia,,,,,Excavator,,,html,https://chetra.ru/contacts/,,2026-02-15T16:12:23Z
,Chetra,Russia,,,,,Excavator,,,html,https://chetra.ru/catalog/wheels/,,2026-08-02T16:30:28Z
,Chetra,Russia,,,,,Excavator,,,html,https://chetra.ru/personal-data/,,2026-07-12T16:24:28Z
,Chetra,Russia,,,,,Excavator,,,html,https://chetra.ru/press-center/offers/buldozery-chetra-so-skidkoy-do-35/,,2026-04-26T16:11:45Z
,Chetra,Russia,,,,,Excavator,,,html,https://chetra.ru/catalog/kommunal/mini-pogruzchik-chetra-mkcm-800m/,,2026-08-02T16:30:59Z
,Chetra,Russia,,,,,Excavator,,,html,https://chetra.ru/press-center/journal/,,2026-03-01T16:08:17Z
,Chetra,Russia,,,,,Excavator,,,html,https://chetra.ru/press-center/offers/truboukladchik-chetra-teper-so-skidkoy/,,2026-08-02T16:30:13Z
,Chetra,Russia,,,,,Excavator,,,html,https://chetra.ru/catalog/buldozers/chetra-t11/,,2026-08-09T16:02:27Z
,Chetra,Russia,,,,,Excavator,,,html,https://chetra.ru/catalog/pipelayers/chetra-tg122/,,2026-08-09T16:01:55Z
,Chetra,Russia,,,,,Excavator,,,html,https://chetra.ru/#reestr,,2026-07-19T16:23:24Z
,Chetra,Russia,,,,,Excavator,,,html,https://chetra.ru/press-center/offers/vygodnoe-reshenie-ekskavatory-chetra-e330-i-e210-v-nalichii/,,2026-07-19T16:23:20Z
,Chetra,Russia,,,,,Excavator,,,html,https://chetra.ru/company/history/,,2026-08-09T16:01:45Z
,Chetra,Russia,,,,,Excavator,,,html,https://chetra.ru/company/protivodeystvie-korruptsii/,,2026-08-09T16:02:02Z
,Chetra,Russia,,,,,Excavator,,,html,https://chetra.ru/contacts/dealers/,,2026-08-09T16:01:47Z
,Chetra,Russia,,,,,Excavator,,,html,https://chetra.ru/shop/accessories/,,2026-04-19T16:09:45Z
,Chetra,Russia,,,,,Excavator,,,html,https://chetra.ru/catalog/kommunal/chetra-mksm-1600t/,,2026-08-09T16:02:14Z
,Chetra,Russia,,,,,Excavator,,,html,https://chetra.ru/catalog/buldozers/chetra-t35/,,2026-08-02T16:30:36Z
,Chetra,Russia,,,,,Excavator,,,html,https://chetra.ru/company/legal/,,2026-06-28T16:41:42Z
,Chetra,Russia,,,,,Excavator,,,html,https://chetra.ru/catalog/kommunal/,,2026-08-02T16:30:42Z
Hybrid,Komatsu,Japan,,,,,Excavator,,,HTML,https://www.komatsu.com/content/komatsu/websites/na/en-us/merchandise,,2026-02-22T15:53:55Z
Hybrid,Komatsu,Japan,,,,,Excavator,,,HTML,https://www.komatsu.com/en-us/products/equipment/draglines,,2026-08-09T15:40:32Z
Hybrid,Komatsu,Japan,,,,,Excavator,,,HTML,https://www.komatsu.com/content/komatsu/websites/na/en-us/sitemap,,2026-03-15T15:39:17Z
Hybrid,Komatsu,Japan,,,,,Excavator,,,HTML,https://www.komatsu.com/en-us/technology/smart-construction/remote,,2026-08-09T15:40:22Z
Hybrid,Komatsu,Japan,,,,,Excavator,,,HTML,https://www.komatsu.com/content/komatsu/websites/na/en-us/social-media-channels,,2026-03-15T15:39:19Z
Hybrid,Liebherr,Germany,,,,,Wheel loader,,,html,https://www.liebherr.com/en-us/n/liebherr-delivers-ryan-mining-inc-its-first-hs-8300-2-dragline-227072-3782185,,2026-02-22T15:54:57Z
Battery,Liebherr,Germany,,,,,Wheel loader,,,html,https://www.liebherr.com/en-us/n/liebherr-at-rema-2026-convention-expo-226368-3782185,,2026-02-22T15:54:58Z
,Liebherr,Germany,,,,,Wheel loader,,,html,https://www.liebherr.com/en-us/n/crane-package-for-imetame-four-liebherr-mobile-cranes-for-major-project-in-the-pulp-industry-226176-3782185,,2026-02-22T15:55:01Z
,Liebherr,Germany,,,,,Wheel loader,,,html,https://www.liebherr.com/en-us/n/liebherr-completes-crane-raise-at-the-port-of-grangemouth-228609-3782185,,2026-02-22T15:55:03Z
Battery,Liebherr,Germany,,,,,Wheel loader,,,html,https://www.liebherr.com/en-us/n/liebherr-drives-forward-sustainable-energy-and-infrastructure-solutions-for-construction-sites-225088-3782185,,2026-02-22T15:55:08Z
,Liebherr,Germany,,,,,Wheel loader,,,html,https://www.liebherr.com/en-us/n/liebherr-awarded-bos-45000-heavy-lift-offshore-crane-project-in-south-korea-225473-3782185,,2026-02-22T15:55:11Z
,Liebherr,Germany,,,,,Wheel loader,,,html,https://www.liebherr.com/en-us/n/foundation-stone-laid-for-liebherr-production-facility-in-saudi-arabia-228545-3782185,,2026-02-22T15:55:12Z
,Liebherr,Germany,,,,,Wheel loader,,,html,https://www.liebherr.com/en-us/n/liebherr-supports-construction-of-the-cascata-d`otro-mountain-lodge-225408-3782185,,2026-02-22T15:55:14Z
Hybrid,Liebherr,Germany,,,,,Wheel loader,,,html,https://www.liebherr.com/en-us/n/liebherr-delivers-ryan-mining-inc-its-first-hs-8300-2-dragline-227072-3782185,,2026-02-22T15:55:16Z
,Liebherr,Germany,,,,,Wheel loader,,,html,https://www.liebherr.com/en-us/n/liebherr-completes-crane-raise-at-the-port-of-grangemouth-228609-3782185,,2026-02-22T15:55:19Z
,Liebherr,Germany,,,,,Wheel loader,,,html,https://www.liebherr.com/en-us/n/foundation-stone-laid-for-liebherr-production-facility-in-saudi-arabia-228545-3782185,,2026-03-01T15:49:09Z
,Liebherr,Germany,,,,,Wheel loader,,,html,https://www.liebherr.com/en-us/n/liebherr-supports-construction-of-the-cascata-d`otro-mountain-lodge-225408-3782185,,2026-02-22T15:55:24Z
,John Deere,USA,,,,,Excavator,,,html,https://www.deere.com/en/attachments-accessories-and-implements/gator-uv-attachments/,,2026-02-22T15:55:34Z
,John Deere,USA,,,,,Excavator,,,html,https://www.deere.com/en/construction/,,2026-02-22T15:55:35Z
,John Deere,USA,,,,,Excavator,,,html,https://www.deere.com/en/technology-products/precision-ag-technology/,,2026-02-22T15:55:38Z
Hybrid,John Deere,USA,,,,,Excavator,,,html,https://www.deere.com/en/parts-and-service/parts/golf-and-sports-turf-parts/,,2026-02-22T15:55:38Z
,John Deere,USA,,,,,Excavator,,,html,https://www.deere.com/en/publications/the-landing/,,2026-02-22T15:55:40Z
,John Deere,USA,,,,,Excavator,,,html,https://www.deere.com/en/parts-and-service/parts/all-makes-parts/,,2026-02-22T15:55:40Z
,John Deere,USA,,,,,Excavator,,,html,https://www.deere.com/en/tracked-feller-bunchers/,,2026-02-22T15:55:41Z
,John Deere,USA,,,,,Excavator,,,html,https://www.deere.com/en/cutters-shredders/,,2026-02-22T15:55:41Z
,John Deere,USA,,,,,Excavator,,,html,https://www.deere.com/en/parts-and-service/manuals-and-training/quick-reference-guides/,,2026-02-22T15:55:42Z
,John Deere,USA,,,,,Excavator,,,html,https://www.deere.com/en/parts-and-service/parts/remanufactured/,,2026-02-22T15:55:43Z
,John Deere,USA,,,,,Excavator,,,html,https://www.deere.com/en/finance/offers-discounts/shared/riding-lawn-equipment/?cid=HOME_IMGPANEL_1,,2026-02-22T15:55:43Z
Battery,John Deere,USA,,,,,Excavator,,,html,https://www.deere.com/en/parts-and-service/parts/maintenance/oil-filters-grease-coolants/,,2026-02-22T15:55:44Z
,John Deere,USA,,,,,Excavator,,,html,https://www.deere.com/en/tractors/utility-tractors/,,2026-02-22T15:55:44Z
,John Deere,USA,,,,,Excavator,,,html,https://www.deere.com/en/attachments-accessories-and-implements/gator-uv-attachments/,,2026-05-31T16:22:29Z
,John Deere,USA,,,,,Excavator,,,html,https://www.deere.com/en/construction/,,2026-06-21T16:54:21Z
,John Deere,USA,,,,,Excavator,,,html,https://www.deere.com/en/technology-products/precision-ag-technology/,,2026-06-07T16:43:19Z
Hybrid,John Deere,USA,,,,,Excavator,,,html,https://www.deere.com/en/parts-and-service/parts/golf-and-sports-turf-parts/,,2026-06-28T16:23:21Z
,John Deere,USA,,,,,Excavator,,,html,https://www.deere.com/en/publications/the-landing/,,2026-03-15T15:41:17Z
,John Deere,USA,,,,,Excavator,,,html,https://www.deere.com/en/parts-and-service/parts/all-makes-parts/,,2026-05-24T16:12:39Z
,John Deere,USA,,,,,Excavator,,,html,https://www.deere.com/en/tracked-feller-bunchers/,,2026-04-19T15:52:09Z
,John Deere,USA,,,,,Excavator,,,html,https://www.deere.com/en/cutters-shredders/,,2026-06-14T16:46:16Z
,John Deere,USA,,,,,Excavator,,,html,https://www.deere.com/en/parts-and-service/manuals-and-training/quick-reference-guides/,,2026-06-07T16:43:03Z
,John Deere,USA,,,,,Excavator,,,html,https://www.deere.com/en/parts-and-service/parts/remanufactured/,,2026-05-10T16:05:50Z
Battery,John Deere,USA,,,,,Excavator,,,html,https://www.deere.com/en/parts-and-service/parts/maintenance/oil-filters-grease-coolants/,,2026-05-31T16:22:37Z
,John Deere,USA,,,,,Excavator,,,html,https://www.deere.com/en/tractors/utility-tractors/,,2026-05-31T16:22:29Z
Battery,Epiroc,Sweden,,,,,Excavator,,,html,https://www.epiroc.com/ru-ua,,2026-08-09T15:42:25Z
Battery,Epiroc,Sweden,,,,,Excavator,,,html,https://www.epiroc.com/fr-fr,,2026-06-14T16:46:27Z
Battery,Epiroc,Sweden,,,,,Excavator,,,html,https://www.epiroc.com/de-ch,,2026-08-09T15:42:34Z
Battery,Epiroc,Sweden,,,,,Excavator,,,html,https://www.epiroc.com/en-zm,,2026-07-26T16:12:45Z
Battery,Epiroc,Sweden,,,,,Excavator,,,html,https://www.epiroc.com/en-be,,2026-06-28T16:23:31Z
Battery,Epiroc,Sweden,,,,,Excavator,,,html,https://www.epiroc.com/fr-ma,,2026-07-26T16:12:37Z
Battery,Epiroc,Sweden,,,,,Excavator,,,html,https://www.epiroc.com/en-uk/sys/safetydatasheets,,2026-08-02T16:11:34Z
Battery,Epiroc,Sweden,,,,,Excavator,,,html,https://www.epiroc.com/es-bo,,2026-07-19T16:06:38Z
Battery,Epiroc,Sweden,,,,,Excavator,,,html,https://www.epiroc.com/en-ee,,2026-08-09T15:42:26Z
Battery,Epiroc,Sweden,,,,,Excavator,,,html,https://www.epiroc.com/en-bh,,2026-07-12T16:08:50Z
Battery,Epiroc,Sweden,,,,,Excavator,,,html,https://www.epiroc.com/en-cy,,2026-07-19T16:06:41Z
Hydrogen,JCB,UK,,,,,Excavator,,,html,https://www.jcb.com/en-GB/products/machines/rough-terrain-forklifts/,,2026-02-22T15:56:16Z
Hydrogen,JCB,UK,,,,,Excavator,,,html,https://www.jcb.com/en-GB/products/machines/dumpsters/,,2026-02-22T15:56:18Z
Hydrogen,JCB,UK,,,,,Excavator,,,html,https://www.jcb.com/en-GB/industries/agriculture/,,2026-02-22T15:56:19Z
Hydrogen,JCB,UK,,,,,Excavator,,,html,https://www.jcb.com/en-GB/products/attachments/buckets/,,2026-02-22T15:56:19Z
Hydrogen,JCB,UK,,,,,Excavator,,,html,https://www.jcb.com/en-GB/products/attachments/grabs-and-grapples/,,2026-02-22T15:56:20Z
Hydrogen,JCB,UK,,,,,Excavator,,,html,https://www.jcb.com/en-GB/industries/electric-solutions/industrial-forklifts/,,2026-02-22T15:56:20Z
Hydrogen,JCB,UK,,,,,Excavator,,,html,https://www.jcb.com/en-GB/industries/powertrain-for-oem/ground-support-equipment/,,2026-02-22T15:56:21Z
Hydrogen,JCB,UK,,,,,Excavator,,,html,https://www.jcb.com/en-GB/products/machines/pothole-pro/,,2026-02-22T15:56:21Z
Hydrogen,JCB,UK,,,,,Excavator,,,html,https://www.jcb.com/en-GB/industries/waste-and-recycling/wheel-loaders/,,2026-02-22T15:56:22Z
Hydrogen,JCB,UK,,,,,Excavator,,,html,https://www.jcb.com/en-GB/products/machines/backhoe-loaders/,,2026-02-22T15:56:24Z
Hydrogen,JCB,UK,,,,,Excavator,,,html,https://www.jcb.com/en-GB/products/attachments/breakers/,,2026-02-22T15:56:24Z
Hydrogen,JCB,UK,,,,,Excavator,,,html,https://www.jcb.com/en-GB/industries/construction/telescopic-handlers/,,2026-02-22T15:56:25Z
Hydrogen,JCB,UK,,,,,Excavator,,,html,https://www.jcb.com/en-GB/products/attachments/,,2026-02-22T15:56:28Z
Hydrogen,JCB,UK,,,,,Excavator,,,html,https://www.jcb.com/en-GB/industries/construction/backhoe-loaders/,,2026-02-22T15:56:29Z
Hydrogen,JCB,UK,,,,,Excavator,,,html,https://www.jcb.com/en-GB/industries/powertrain-for-oem/construction/,,2026-02-22T15:56:30Z
Hydrogen,JCB,UK,,,,,Excavator,,,html,https://www.jcb.com/en-GB/buy/finance-offers/jcb-telescopic-handlers/,,2026-06-07T16:44:11Z
Hydrogen,JCB,UK,,,,,Excavator,,,html,https://www.jcb.com/en-GB/products/machines/rough-terrain-forklifts/,,2026-08-09T15:43:12Z
Hydrogen,JCB,UK,,,,,Excavator,,,html,https://www.jcb.com/en-GB/products/machines/dumpsters/,,2026-05-17T16:09:44Z
Hydrogen,JCB,UK,,,,,Excavator,,,html,https://www.jcb.com/en-GB/industries/agriculture/,,2026-08-02T16:12:09Z
Hydrogen,JCB,UK,,,,,Excavator,,,html,https://www.jcb.com/en-GB/products/attachments/buckets/,,2026-07-12T16:09:27Z
Hydrogen,JCB,UK,,,,,Excavator,,,html,https://www.jcb.com/en-GB/products/attachments/grabs-and-grapples/,,2026-07-19T16:07:19Z
Hydrogen,JCB,UK,,,,,Excavator,,,html,https://www.jcb.com/en-GB/industries/electric-solutions/industrial-forklifts/,,2026-08-09T15:43:27Z
Hydrogen,JCB,UK,,,,,Excavator,,,html,https://www.jcb.com/en-GB/industries/powertrain-for-oem/ground-support-equipment/,,2026-06-28T16:24:01Z
Hydrogen,JCB,UK,,,,,Excavator,,,html,https://www.jcb.com/en-GB/products/machines/pothole-pro/,,2026-07-19T16:07:17Z
Hydrogen,JCB,UK,,,,,Excavator,,,html,https://www.jcb.com/en-GB/industries/waste-and-recycling/wheel-loaders/,,2026-07-12T16:09:23Z
Hydrogen,JCB,UK,,,,,Excavator,,,html,https://www.jcb.com/en-GB/products/machines/backhoe-loaders/,,2026-05-10T16:07:01Z
Hydrogen,JCB,UK,,,,,Excavator,,,html,https://www.jcb.com/en-GB/products/attachments/breakers/,,2026-08-02T16:12:14Z
Hydrogen,JCB,UK,,,,,Excavator,,,html,https://www.jcb.com/en-GB/industries/construction/telescopic-handlers/,,2026-06-07T16:44:54Z
Hydrogen,JCB,UK,,,,,Excavator,,,html,https://www.jcb.com/en-GB/products/attachments/,,2026-07-19T16:07:12Z
Hydrogen,JCB,UK,,,,,Excavator,,,html,https://www.jcb.com/en-GB/industries/construction/backhoe-loaders/,,2026-08-02T16:12:12Z
Hydrogen,JCB,UK,,,,,Excavator,,,html,https://www.jcb.com/en-GB/industries/powertrain-for-oem/construction/,,2026-07-26T16:13:15Z
,Develon,South Korea,,,,,Excavator,,,html,https://eu.develon-ce.com/en/machines/dx210lc-7,,2026-08-09T15:44:08Z
,Develon,South Korea,,,,,Excavator,,,html,https://eu.develon-ce.com/en/career,,2026-02-22T15:57:09Z
,Develon,South Korea,,,,,Excavator,,,html,https://eu.develon-ce.com/en/machines/dx55r,,2026-07-12T16:09:46Z
,Develon,South Korea,,,,,Excavator,,,html,https://eu.develon-ce.com/en/products/mini-excavators-attachments,,2026-02-22T15:57:17Z
,Develon,South Korea,,,,,Excavator,,,html,https://eu.develon-ce.com/en/machines/dx260lc-9,,2026-02-22T15:57:25Z
,Develon,South Korea,,,,,Excavator,,,html,https://eu.develon-ce.com/en/machines/DX20Z,,2026-06-07T16:45:14Z
,Develon,South Korea,,,,,Excavator,,,html,https://eu.develon-ce.com/en/machines/dx57w-7,,2026-08-09T15:43:45Z
,Develon,South Korea,,,,,Excavator,,,html,https://eu.develon-ce.com/en/career,,2026-07-26T16:14:24Z
,Develon,South Korea,,,,,Excavator,,,html,https://eu.develon-ce.com/en/products/mini-excavators-attachments,,2026-07-26T16:14:49Z
,Develon,South Korea,,,,,Excavator,,,html,https://eu.develon-ce.com/en/machines/dx260lc-9,,2026-08-09T15:45:06Z
,Develon,South Korea,,,,,Excavator,,,html,https://eu.develon-ce.com/en/machines/dx170w-7k,,2026-08-09T15:44:50Z
,Develon,South Korea,,,,,Excavator,,,html,https://eu.develon-ce.com/en/uptime-center,,2026-08-09T15:44:43Z
,Develon,South Korea,,,,,Excavator,,,html,https://eu.develon-ce.com/en/products/articulated-dump-trucks,,2026-08-02T16:13:38Z
,Develon,South Korea,,,,,Excavator,,,html,https://eu.develon-ce.com/en/news/2025-05-06-Develon-Opens-New-Parts-Distribution-Center-in-Belgium-to-Strengthen-Customer-Centric-Services-in-Europe,,2026-06-28T16:25:46Z
,Develon,South Korea,,,,,Excavator,,,html,https://eu.develon-ce.com/en/products/material-handlers,,2026-07-12T16:10:45Z
,XCMG,China,,,,,Wheel loader,,,html,https://www.xcmg.com/product/pro-detail-138359.htm,,2026-02-22T15:59:25Z
Battery,XCMG,China,,,,,Wheel loader,,,html,https://www.xcmg.com/aftermarket/finance.htm,,2026-08-09T15:46:19Z
Battery,XCMG,China,,,,,Wheel loader,,,html,https://www.xcmg.com/solution/logistics-transportation.htm,,2026-06-21T16:57:33Z
Battery,XCMG,China,,,,,Wheel loader,,,html,https://www.xcmg.com/product/pro-list.htm?catId=1870&erCatId=0&sanCatId=0,,2026-07-26T16:16:40Z
,XCMG,China,,,,,Wheel loader,,,html,https://www.xcmg.com/aboutus/news-detail-1128666.htm,,2026-02-22T15:59:55Z
,XCMG,China,,,,,Wheel loader,,,html,https://www.xcmg.com/solution/shaft-mining.htm,,2026-06-21T16:57:57Z
,XCMG,China,,,,,Wheel loader,,,html,https://www.xcmg.com/product/pro-detail-138353.htm,,2026-02-22T15:59:57Z
Battery,XCMG,China,,,,,Wheel loader,,,html,https://www.xcmg.com/product/pro-list.htm?catId=34865,,2026-06-14T16:50:05Z
Battery,Terex,Global,,,,,Dump truck,,,html,https://www.terex.com/en/terms-and-privacy/accessibility-statement,,2026-08-02T16:16:32Z
Battery,Yutong,China,,,,,Excavator,,,html,https://en.yutong.com/technology/new-energy-buses/,,2026-07-26T16:24:09Z
Battery,Yutong,China,,,,,Excavator,,,html,https://en.yutong.com/about/our-market/yutong-in-europe/,,2026-08-09T15:55:03Z
,BEML,India,,,,,Excavator,,,html,https://www.bemlindia.in/beml-in-news/,,2026-02-22T16:09:28Z
,BEML,India,,,,,Excavator,,,html,https://www.bemlindia.in/#aboutus,,2026-08-02T16:24:55Z
,BEML,India,,,,,Excavator,,,html,https://www.bemlindia.in,,2026-02-22T16:10:15Z
,BEML,India,,,,,Excavator,,,html,https://www.bemlindia.in/cmd-interviews,,2026-02-22T16:10:36Z
,BEML,India,,,,,Excavator,,,html,https://www.bemlindia.in/international-business-division/,,2026-02-22T16:10:38Z
,BEML,India,,,,,Excavator,,,html,https://www.bemlindia.in/vignyan-industries-limited/,,2026-07-26T16:29:09Z
,BEML,India,,,,,Excavator,,,html,https://www.bemlindia.in/beml-in-news/,,2026-08-02T16:28:21Z
,BEML,India,,,,,Excavator,,,html,https://www.bemlindia.in/commercial-paper/,,2026-04-19T16:07:35Z
,BEML,India,,,,,Excavator,,,html,https://www.bemlindia.in/debt-securities/,,2026-06-28T16:39:43Z
,BEML,India,,,,,Excavator,,,html,https://www.bemlindia.in,,2026-08-09T15:59:16Z
,BEML,India,,,,,Excavator,,,html,https://www.bemlindia.in/tenders/,,2026-08-02T16:27:29Z
,BEML,India,,,,,Excavator,,,html,https://www.bemlindia.in/cmd-interviews,,2026-08-02T16:28:09Z
,BEML,India,,,,,Excavator,,,html,https://www.bemlindia.in/board-committees/,,2026-08-02T16:27:26Z
,BEML,India,,,,,Excavator,,,html,https://www.bemlindia.in/international-business-division/,,2026-08-09T15:59:45Z
,Chetra,Russia,,,,,Excavator,,,html,https://chetra.ru/company/,,2026-07-12T16:24:48Z
,Chetra,Russia,,,,,Excavator,,,html,https://chetra.ru/catalog/backhoe/chetra-city-3c/,,2026-08-02T16:31:06Z
,Chetra,Russia,,,,,Excavator,,,html,https://chetra.ru/catalog/wheels/chetra-tk-25/,,2026-07-12T16:24:20Z
,Chetra,Russia,,,,,Excavator,,,html,https://chetra.ru/spares/2d-katalog/,,2026-07-19T16:23:49Z
,Chetra,Russia,,,,,Excavator,,,html,https://chetra.ru/leasing/,,2026-07-19T16:23:32Z
,Chetra,Russia,,,,,Excavator,,,html,https://chetra.ru/catalog/municipal/,,2026-08-02T16:30:38Z
,Chetra,Russia,,,,,Excavator,,,html,https://chetra.ru/press-center/news/,,2026-08-09T16:02:12Z
,Chetra,Russia,,,,,Excavator,,,html,https://chetra.ru/contacts/structure/,,2026-08-09T16:01:59Z
,Chetra,Russia,,,,,Excavator,,,html,https://chetra.ru/press-center/media/buldozer-chetra-t11-pomogaet-podgotovitsya-k-zime/,,2026-07-19T16:23:46Z
,Chetra,Russia,,,,,Excavator,,,html,https://chetra.ru/catalog/municipal/km-901/,,2026-06-28T16:41:31Z
,Chetra,Russia,,,,,Excavator,,,html,https://chetra.ru/catalog/kommunal/mini-pogruzchik-chetra-mksm-1000m-1-premium/,,2026-08-02T16:30:24Z
,Chetra,Russia,,,,,Excavator,,,html,https://chetra.ru/catalog/backhoe/,,2026-05-17T16:28:55Z
,Chetra,Russia,,,,,Excavator,,,html,https://chetra.ru/disclaimer/,,2026-05-17T16:28:19Z
Battery,Chetra,Russia,,,,,Excavator,,,html,https://chetra.ru/catalog/excavator/chetra-e220/,,2026-08-02T16:30:57Z
,Chetra,Russia,,,,,Excavator,,,html,https://chetra.ru/press-center/media/skolko-dlitsya-komandirovka-servisnogo-spetsialista-chetra/,,2026-07-12T16:24:12Z
Battery,Chetra,Russia,,,,,Excavator,,,html,https://chetra.ru/spares/3d-new/,,2026-07-19T16:23:51Z
Hybrid,Komatsu,Japan,,,,,Excavator,,,HTML,https://www.komatsu.com/en-us/products/equipment/trucks,,2026-08-02T16:09:22Z
Hybrid,Komatsu,Japan,,,,,Excavator,,,HTML,https://www.komatsu.com/en-us/products/equipment/underground-hard-rock-bolters,,2026-08-09T15:40:25Z
,Liebherr,Germany,,,,,Wheel loader,,,html,https://www.liebherr.com/en-us/n/liebherr-and-juffali-mark-milestone-with-strategic-memorandum-of-understanding-228608-3782185,,2026-03-01T15:49:06Z
,Liebherr,Germany,,,,,Wheel loader,,,html,https://www.liebherr.com/en-us/n/maximum-lifting-capacity-for-a-sustainable-industrial-project-liebherr-cranes-in-operation-at-aurubis-in-hamburg-230977-3782185,,2026-03-01T15:49:14Z
,Liebherr,Germany,,,,,Wheel loader,,,html,https://www.liebherr.com/en-us/n/hartman-seatrade-strengthens-its-fleet-with-two-liebherr-ls-250-ship-cranes-230336-3782185,,2026-03-01T15:49:18Z
,Liebherr,Germany,,,,,Wheel loader,,,html,https://www.liebherr.com/en-us/n/precision-operations-in-the-port-of-casablanca-somalev-dismantles-two-container-cranes-228416-3782185,,2026-03-01T15:49:19Z
,Liebherr,Germany,,,,,Dump truck,,,html,https://www.liebherr.com/en-us/n/conexpo-three-facts-about-liebherr-in-the-united-states-231872-3782185,,2026-03-01T15:49:23Z
,Liebherr,Germany,,,,,Wheel loader,,,html,https://www.liebherr.com/en-us/n/liebherr-and-juffali-mark-milestone-with-strategic-memorandum-of-understanding-228608-3782185,,2026-03-01T15:49:28Z
,Liebherr,Germany,,,,,Wheel loader,,,html,https://www.liebherr.com/en-us/n/maximum-lifting-capacity-for-a-sustainable-industrial-project-liebherr-cranes-in-operation-at-aurubis-in-hamburg-230977-3782185,,2026-03-01T15:49:31Z
,Liebherr,Germany,,,,,Wheel loader,,,html,https://www.liebherr.com/en-us/n/hartman-seatrade-strengthens-its-fleet-with-two-liebherr-ls-250-ship-cranes-230336-3782185,,2026-03-01T15:49:32Z
,Liebherr,Germany,,,,,Dump truck,,,html,https://www.liebherr.com/en-us/n/conexpo-three-facts-about-liebherr-in-the-united-states-231872-3782185,,2026-03-01T15:49:35Z
,Liebherr,Germany,,,,,Wheel loader,,,html,https://www.liebherr.com/en-us/n/liebherr-at-conexpo-construction-stories-from-the-usa-230912-3782185,,2026-03-01T15:49:40Z
,John Deere,USA,,,,,Excavator,,,html,https://www.deere.com/en/our-company/contact-us/,,2026-03-01T15:49:43Z
Battery,John Deere,USA,,,,,Excavator,,,html,https://www.deere.com/en/parts-and-service/run-it-your-way/?cid=HOME_IMGPANEL_3,,2026-03-08T15:36:14Z
,John Deere,USA,,,,,Excavator,,,html,https://www.deere.com/en/connect-with-john-deere/john-deere-kids/,,2026-03-01T15:49:48Z
,John Deere,USA,,,,,Excavator,,,html,https://www.deere.com/en/tractors/row-crop-tractors/,,2026-03-01T15:49:51Z
,John Deere,USA,,,,,Excavator,,,html,https://www.deere.com/en/finance/financing/powerplan-account/,,2026-03-01T15:49:55Z
Hybrid,John Deere,USA,,,,,Excavator,,,html,https://www.deere.com/en/sprayers/,,2026-03-01T15:49:55Z
,John Deere,USA,,,,,Excavator,,,html,https://www.deere.com/en/attachments-accessories-and-implements/commercial-mower-attachments/,,2026-03-01T15:49:57Z
,John Deere,USA,,,,,Excavator,,,html,https://www.deere.com/en/tractors/,,2026-03-01T15:50:01Z
,John Deere,USA,,,,,Excavator,,,html,https://www.deere.com/en/attachments-accessories-and-implements/forestry-attachments/,,2026-06-14T16:46:05Z
Hybrid,John Deere,USA,,,,,Excavator,,,html,https://www.deere.com/en/mowers/walk-greens-mowers/,,2026-06-14T16:46:11Z
,John Deere,USA,,,,,Excavator,,,html,https://www.deere.com/en/excavators/,,2026-06-28T16:23:26Z
,John Deere,USA,,,,,Excavator,,,html,https://www.deere.com/en/our-company/contact-us/,,2026-06-14T16:46:19Z
,John Deere,USA,,,,,Excavator,,,html,https://www.deere.com/en/connect-with-john-deere/john-deere-kids/,,2026-05-31T16:22:26Z
Hybrid,John Deere,USA,,,,,Excavator,,,html,https://www.deere.com/en/stories/featured/ffa-century-farms/,,2026-03-01T15:50:09Z
,John Deere,USA,,,,,Excavator,,,html,https://www.deere.com/en/tractors/row-crop-tractors/,,2026-05-31T16:22:33Z
,John Deere,USA,,,,,Excavator,,,html,https://www.deere.com/en/finance/financing/powerplan-account/,,2026-06-21T16:54:30Z
Hybrid,John Deere,USA,,,,,Excavator,,,html,https://www.deere.com/en/sprayers/,,2026-06-21T16:54:30Z
,John Deere,USA,,,,,Excavator,,,html,https://www.deere.com/en/attachments-accessories-and-implements/commercial-mower-attachments/,,2026-06-14T16:46:10Z
Hybrid,John Deere,USA,,,,,Excavator,,,html,https://www.deere.com/en/news/all-news/2026-startup-collaborator/,,2026-03-22T15:38:23Z
,John Deere,USA,,,,,Excavator,,,html,https://www.deere.com/en/tractors/,,2026-05-24T16:12:38Z
Battery,Epiroc,Sweden,,,,,Excavator,,,html,https://www.epiroc.com/en/applications,,2026-07-26T16:12:42Z
Battery,Epiroc,Sweden,,,,,Excavator,,,html,https://www.epiroc.com/en-ke,,2026-07-19T16:06:40Z
Battery,Epiroc,Sweden,,,,,Excavator,,,html,https://www.epiroc.com/en-in/contact/nepal,,2026-07-12T16:08:53Z
Battery,Epiroc,Sweden,,,,,Excavator,,,html,https://www.epiroc.com/en-na,,2026-07-26T16:12:43Z
Battery,Epiroc,Sweden,,,,,Excavator,,,html,https://www.epiroc.com/en/services,,2026-08-02T16:11:38Z
Battery,Epiroc,Sweden,,,,,Excavator,,,html,https://www.epiroc.com/en/digital-solutions,,2026-08-02T16:11:30Z
Battery,Epiroc,Sweden,,,,,Excavator,,,html,https://www.epiroc.com/en-ca,,2026-07-26T16:12:39Z
Battery,Epiroc,Sweden,,,,,Excavator,,,html,https://www.epiroc.com/pt-mz,,2026-08-02T16:11:27Z
Battery,Epiroc,Sweden,,,,,Excavator,,,html,https://www.epiroc.com/en-er,,2026-07-19T16:06:32Z
Hydrogen,JCB,UK,,,,,Excavator,,,html,https://www.jcb.com/en-GB/buy/finance-offers/jcb-access-platforms-offer/,,2026-04-05T15:47:57Z
Hydrogen,JCB,UK,,,,,Excavator,,,html,https://www.jcb.com/en-GB/industries/logistics/electric-scissors/,,2026-03-01T15:50:40Z
Hydrogen,JCB,UK,,,,,Excavator,,,html,https://www.jcb.com/en-GB/industries/powertrain-for-oem/power-generation-and-pumps/,,2026-03-01T15:50:40Z
Hydrogen,JCB,UK,,,,,Excavator,,,html,https://www.jcb.com/en-GB/explore/sustainability/road-to-zero/,,2026-03-01T15:50:42Z
Hydrogen,JCB,UK,,,,,Excavator,,,html,https://www.jcb.com/en-GB/products/machines/agricultural-tractors/,,2026-03-01T15:50:45Z
Hydrogen,JCB,UK,,,,,Excavator,,,html,https://www.jcb.com/en-GB/buy/finance-offers/jcb-htd-5-offer/,,2026-04-12T15:51:48Z
Hydrogen,JCB,UK,,,,,Excavator,,,html,https://www.jcb.com/en-GB/explore/sustainability/diesel/,,2026-03-01T15:50:47Z
Hydrogen,JCB,UK,,,,,Excavator,,,html,https://www.jcb.com/en-GB/parts-and-service/parts/ground-engaging-tools/,,2026-03-01T15:50:49Z
Hydrogen,JCB,UK,,,,,Excavator,,,html,https://www.jcb.com/en-GB/parts-and-service/service/,,2026-03-01T15:50:51Z
Hydrogen,JCB,UK,,,,,Excavator,,,html,https://www.jcb.com/en-GB/products/attachments/lifting-equipment/,,2026-03-01T15:50:52Z
Hydrogen,JCB,UK,,,,,Excavator,,,html,https://www.jcb.com/en-GB/explore/insight/news/2026/02/jcb-unveils-best-of-both-worlds-technology-at-conexpo/,,2026-03-01T15:50:59Z
Hydrogen,JCB,UK,,,,,Excavator,,,html,https://www.jcb.com/en-GB/industries/logistics/electric-scissors/,,2026-06-28T16:24:04Z
Hydrogen,JCB,UK,,,,,Excavator,,,html,https://www.jcb.com/en-GB/industries/powertrain-for-oem/power-generation-and-pumps/,,2026-06-21T16:55:15Z
Hydrogen,JCB,UK,,,,,Excavator,,,html,https://www.jcb.com/en-GB/explore/sustainability/road-to-zero/,,2026-08-09T15:43:18Z
Hydrogen,JCB,UK,,,,,Excavator,,,html,https://www.jcb.com/en-GB/explore/insight/news/2026/02/love-at-first-dig-giant-jcb-display-stops-londoners-in-tracks/,,2026-03-01T15:51:03Z
Hydrogen,JCB,UK,,,,,Excavator,,,html,https://www.jcb.com/en-GB/products/machines/agricultural-tractors/,,2026-05-31T16:23:30Z
Hydrogen,JCB,UK,,,,,Excavator,,,html,https://www.jcb.com/en-GB/explore/sustainability/diesel/,,2026-07-05T16:18:24Z
Hydrogen,JCB,UK,,,,,Excavator,,,html,https://www.jcb.com/en-GB/parts-and-service/parts/ground-engaging-tools/,,2026-08-09T15:43:24Z
Hydrogen,JCB,UK,,,,,Excavator,,,html,https://www.jcb.com/en-GB/parts-and-service/service/,,2026-06-21T16:55:24Z
Hydrogen,JCB,UK,,,,,Excavator,,,html,https://www.jcb.com/en-GB/products/attachments/lifting-equipment/,,2026-08-09T15:43:15Z
,Develon,South Korea,,,,,Excavator,,,html,https://eu.develon-ce.com/en/machines/dx225lc-7,,2026-08-02T16:12:27Z
,Develon,South Korea,,,,,Excavator,,,html,https://eu.develon-ce.com/en/industries/construction,,2026-03-01T15:51:25Z
,Develon,South Korea,,,,,Excavator,,,html,https://eu.develon-ce.com/en/how-to-choose-the-right-new-develon-machine-for-your-application,,2026-03-01T15:51:28Z
,Develon,South Korea,,,,,Excavator,,,html,https://eu.develon-ce.com/en/news/2026-02-27-First-Develon-Dozer-Full-Rail-Conversion-Completed-and-Delivered,,2026-03-01T15:51:47Z
,Develon,South Korea,,,,,Excavator,,,html,https://eu.develon-ce.com/en/company,,2026-03-01T15:51:48Z
,Develon,South Korea,,,,,Excavator,,,html,https://eu.develon-ce.com/en/machines/s-class-buckets-severe-rock-duty,,2026-08-09T15:43:49Z
,Develon,South Korea,,,,,Excavator,,,html,https://eu.develon-ce.com/en/parts-and-services/warranty,,2026-03-01T15:51:56Z
,Develon,South Korea,,,,,Excavator,,,html,https://eu.develon-ce.com/en/industries/construction,,2026-07-05T16:19:45Z
,Develon,South Korea,,,,,Excavator,,,html,https://eu.develon-ce.com/en/how-to-choose-the-right-new-develon-machine-for-your-application,,2026-08-09T15:44:27Z
,Develon,South Korea,,,,,Excavator,,,html,https://eu.develon-ce.com/en/news/2026-02-27-First-Develon-Dozer-Full-Rail-Conversion-Completed-and-Delivered,,2026-06-21T16:56:44Z
,Develon,South Korea,,,,,Excavator,,,html,https://eu.develon-ce.com/en/company,,2026-08-02T16:13:34Z
,Develon,South Korea,,,,,Excavator,,,html,https://eu.develon-ce.com/en/parts-and-services/warranty,,2026-07-26T16:14:46Z
,Develon,South Korea,,,,,Excavator,,,html,https://eu.develon-ce.com/en/parts-and-services,,2026-08-02T16:13:49Z
Hydrogen,SANY,China,,,,,Excavator,,,html,https://www.sanyglobal.com/press_releases/4853/,,2026-04-19T15:55:36Z
Battery,XCMG,China,,,,,Wheel loader,,,html,https://www.xcmg.com/product/pro-list.htm?catId=1002000025&erCatId=0&sanCatId=0,,2026-07-05T16:21:03Z
Battery,XCMG,China,,,,,Wheel loader,,,html,https://www.xcmg.com/product/pro-list.htm?catId=1001001868&erCatId=0&sanCatId=0,,2026-08-09T15:46:42Z
,XCMG,China,,,,,Wheel loader,,,html,https://www.xcmg.com/aboutus/news-detail-1128686.htm,,2026-03-08T15:40:12Z
Battery,XCMG,China,,,,,Wheel loader,,,html,https://www.xcmg.com/site/manyi_survey.htm,,2026-07-26T16:16:22Z
,XCMG,China,,,,,Wheel loader,,,html,https://www.xcmg.com//aboutus/previewnews-detail-1128670.htm,,2026-03-01T15:54:06Z
,XCMG,China,,,,,Wheel loader,,,html,https://www.xcmg.com/product/pro-detail-138368.htm,,2026-03-01T15:54:08Z
Battery,XCMG,China,,,,,Wheel loader,,,html,https://www.xcmg.com/product/pro-detail-138369.htm,,2026-03-01T15:54:20Z
Battery,XCMG,China,,,,,Wheel loader,,,html,https://www.xcmg.com/site/search.htm?keywords=XS225HSIV压路机,,2026-07-05T16:21:09Z
Battery,XCMG,China,,,,,Wheel loader,,,html,https://www.xcmg.com/product/pro-list.htm?catId=1001000471,,2026-07-19T16:10:20Z
,XCMG,China,,,,,Wheel loader,,,html,https://www.xcmg.com/aboutus/news-detail-1128690.htm,,2026-03-22T15:42:20Z
Battery,Terex,Global,,,,,Dump truck,,,html,http://www.terex.com/en-in/home,,2026-03-01T15:55:18Z
Hydrogen,Doosan,Korea,,,,,Excavator,,,html,https://www.doosan.com/en/media-center/press-release_view?id=20172769,,2026-03-08T15:48:38Z
,BEML,India,,,,,Excavator,,,html,https://www.bemlindia.in/eprocurement,,2026-03-01T16:04:47Z
,BEML,India,,,,,Excavator,,,html,https://www.bemlindia.in/rail-and-metro/,,2026-08-09T15:59:22Z
,BEML,India,,,,,Excavator,,,html,https://www.bemlindia.in/eprocurement,,2026-07-26T16:29:28Z
,BEML,India,,,,,Excavator,,,html,https://www.bemlindia.in/iepf/,,2026-07-26T16:29:14Z
,Chetra,Russia,,,,,Excavator,,,html,https://chetra.ru/shop/odezhda/,,2026-08-09T16:02:17Z
,Chetra,Russia,,,,,Excavator,,,html,https://chetra.ru/press-center/media/chto-dumayut-potrebiteli-ob-ekskavatore-chetra-e330-chetra-geoprom/,,2026-08-02T16:30:44Z
,Chetra,Russia,,,,,Excavator,,,html,https://chetra.ru/catalog/buldozers/chetra-t20/,,2026-05-10T16:23:10Z
,Chetra,Russia,,,,,Excavator,,,html,https://chetra.ru/catalog/pipelayers/,,2026-06-28T16:41:17Z
Battery,Chetra,Russia,,,,,Excavator,,,html,https://chetra.ru/catalog/buldozers/chetra-t40/,,2026-06-28T16:41:45Z
,Chetra,Russia,,,,,Excavator,,,html,https://chetra.ru/catalog/buldozers/chetra-t25/,,2026-07-19T16:23:44Z
,Chetra,Russia,,,,,Excavator,,,html,https://chetra.ru/catalog/buldozers/chetra-t30/,,2026-03-01T16:08:37Z
,Chetra,Russia,,,,,Excavator,,,html,https://chetra.ru/press-center/news/luchshikh-mashinistov-ekskavatora-i-buldozera-nagradili-v-kremle/,,2026-04-26T16:11:42Z
Hybrid,Komatsu,Japan,,,,,Excavator,,,HTML,https://www.komatsu.com/content/komatsu/websites/na/en-us/modular-mining-legal-notices,,2026-03-08T15:34:34Z
Hybrid,Komatsu,Japan,,,,,Excavator,,,HTML,https://www.komatsu.com/en-us/technology/smart-construction/drone,,2026-08-09T15:40:27Z
Hybrid,Komatsu,Japan,,,,,Excavator,,,HTML,https://www.komatsu.com/en-us/newsroom/2026/smart-quarry-autonomous-finalist-for-industry-award--expands-quarry-specific-digital-offerings,,2026-03-08T15:34:39Z
Hybrid,Komatsu,Japan,,,,,Excavator,,,HTML,https://www.komatsu.com/en-us/products/equipment/electric-rope-shovels,,2026-07-05T16:16:05Z
Hybrid,Komatsu,Japan,,,,,Excavator,,,HTML,https://www.komatsu.com/en-us/services-and-support,,2026-07-12T16:07:14Z
Battery,Liebherr,Germany,,,,,Wheel loader,,,html,https://www.liebherr.com/en-us/n/maxim-crane-works-takes-delivery-of-a-liebherr-lr-1400-1-sx-crawler-crane-at-conexpo-2026-235265-3782185,,2026-03-08T15:35:28Z
,Liebherr,Germany,,,,,Excavator,,,html,https://www.liebherr.com/en-us/group/magazine/crossing-calendars-and-cultures-8807193,,2026-05-03T15:58:35Z
,Liebherr,Germany,,,,,Wheel loader,,,html,https://www.liebherr.com/en-us/n/american-pile-and-foundation-llc-receives-a-liebherr-lrb-19-piling-and-drilling-rig-at-conexpo-2026-235521-3782185,,2026-03-08T15:35:39Z
Hybrid,Liebherr,Germany,,,,,Wheel loader,,,html,https://www.liebherr.com/en-us/n/wagstaff-crane-service-receives-a-liebherr-mk-140-5-1-mobile-construction-crane-at-conexpo-2026-231040-3782185,,2026-03-08T15:35:41Z
,Liebherr,Germany,,,,,Wheel loader,,,html,https://www.liebherr.com/en-us/n/northwest-crane-service-receives-liebherr-ltm-1300-6-4-mobile-crane-at-conexpo-2026-235456-3782185,,2026-03-08T15:35:44Z
,Liebherr,Germany,,,,,Wheel loader,,,html,https://www.liebherr.com/en-us/n/facts-and-figures-our-luffing-jib-cranes-at-a-glance-234560-3782185,,2026-03-08T15:35:47Z
,Liebherr,Germany,,,,,Wheel loader,,,html,https://www.liebherr.com/en-us/n/liebherr-delivers-an-lrb-19-piling-and-drilling-rig-to-veit-company-at-conexpo-2026-235776-3782185,,2026-03-08T15:35:49Z
,Liebherr,Germany,,,,,Wheel loader,,,html,https://www.liebherr.com/en-us/n/american-pile-and-foundation-llc-receives-a-liebherr-lrb-19-piling-and-drilling-rig-at-conexpo-2026-235521-3782185,,2026-03-08T15:35:59Z
,Liebherr,Germany,,,,,Wheel loader,,,html,https://www.liebherr.com/en-us/n/northwest-crane-service-receives-liebherr-ltm-1300-6-4-mobile-crane-at-conexpo-2026-235456-3782185,,2026-03-08T15:36:03Z
,Liebherr,Germany,,,,,Wheel loader,,,html,https://www.liebherr.com/en-us/n/liebherr-delivers-an-lrb-19-piling-and-drilling-rig-to-veit-company-at-conexpo-2026-235776-3782185,,2026-03-08T15:36:04Z
,John Deere,USA,,,,,Excavator,,,html,https://www.deere.com/en/rewards/,,2026-03-08T15:36:10Z
,John Deere,USA,,,,,Excavator,,,html,https://www.deere.com/en/technology-products/forestry-and-logging-technology/,,2026-03-08T15:36:11Z
Hybrid,John Deere,USA,,,,,Excavator,,,html,https://www.deere.com/en/mowers/fairway-mowers/,,2026-03-08T15:36:12Z
Battery,John Deere,USA,,,,,Excavator,,,html,https://www.deere.com/en/parts-and-service/run-it-your-way/,,2026-03-08T15:36:12Z
,John Deere,USA,,,,,Excavator,,,html,https://www.deere.com/en/excavators/compact-excavators/,,2026-03-08T15:36:12Z
Battery,John Deere,USA,,,,,Excavator,,,html,https://www.deere.com/en/parts-and-service/parts/lawn-mower-parts/,,2026-03-08T15:36:13Z
Battery,John Deere,USA,,,,,Excavator,,,html,https://www.deere.com/en/engines-and-drivetrain/,,2026-03-08T15:36:14Z
,John Deere,USA,,,,,Excavator,,,html,https://www.deere.com/en/marine-engines/,,2026-03-08T15:36:16Z
,John Deere,USA,,,,,Excavator,,,html,https://www.deere.com/en/government-and-military-sales/state-and-local-purchasing/,,2026-03-08T15:36:17Z
,John Deere,USA,,,,,Excavator,,,html,https://www.deere.com/en/parts-and-service/manuals-and-training/videos/,,2026-03-08T15:36:19Z
,John Deere,USA,,,,,Excavator,,,html,https://www.deere.com/en/rewards/,,2026-06-07T16:43:01Z
,John Deere,USA,,,,,Excavator,,,html,https://www.deere.com/en/technology-products/forestry-and-logging-technology/,,2026-04-05T15:47:02Z
Hybrid,John Deere,USA,,,,,Excavator,,,html,https://www.deere.com/en/mowers/fairway-mowers/,,2026-04-12T15:51:03Z
,John Deere,USA,,,,,Excavator,,,html,https://www.deere.com/en/parts-and-service/run-it-your-way/,,2026-06-14T16:46:09Z
,John Deere,USA,,,,,Excavator,,,html,https://www.deere.com/en/excavators/compact-excavators/,,2026-04-26T15:54:32Z
Battery,John Deere,USA,,,,,Excavator,,,html,https://www.deere.com/en/parts-and-service/parts/lawn-mower-parts/,,2026-03-29T15:44:46Z
Battery,John Deere,USA,,,,,Excavator,,,html,https://www.deere.com/en/engines-and-drivetrain/,,2026-04-05T15:47:05Z
,John Deere,USA,,,,,Excavator,,,html,https://www.deere.com/en/marine-engines/,,2026-06-28T16:23:25Z
,John Deere,USA,,,,,Excavator,,,html,https://www.deere.com/en/government-and-military-sales/state-and-local-purchasing/,,2026-06-14T16:46:17Z
,John Deere,USA,,,,,Excavator,,,html,https://www.deere.com/en/stories/featured/starfire-award/,,2026-03-08T15:36:29Z
,John Deere,USA,,,,,Excavator,,,html,https://www.deere.com/en/parts-and-service/manuals-and-training/videos/,,2026-06-28T16:23:19Z
Battery,Epiroc,Sweden,,,,,Excavator,,,html,https://www.epiroc.com/en-il,,2026-06-14T16:46:25Z
Battery,Epiroc,Sweden,,,,,Excavator,,,html,https://www.epiroc.com/en-in,,2026-08-02T16:11:36Z
Battery,Epiroc,Sweden,,,,,Excavator,,,html,https://www.epiroc.com/en-tz,,2026-05-17T16:09:13Z
Battery,Epiroc,Sweden,,,,,Excavator,,,html,https://www.epiroc.com/en-ua,,2026-08-02T16:11:38Z
Battery,Epiroc,Sweden,,,,,Excavator,,,html,https://www.epiroc.com/en-mk,,2026-07-26T16:12:45Z
Battery,Epiroc,Sweden,,,,,Excavator,,,html,https://www.epiroc.com/en-ae,,2026-07-19T16:06:44Z
Hydrogen,JCB,UK,,,,,Excavator,,,html,https://www.jcb.com/en-GB/industries/construction/pothole-pro/,,2026-03-08T15:36:49Z
Hydrogen,JCB,UK,,,,,Excavator,,,html,https://www.jcb.com/en-GB/industries/municipalities/utilities/,,2026-03-08T15:36:50Z
Hydrogen,JCB,UK,,,,,Excavator,,,html,https://www.jcb.com/en-GB/explore/corporate/cookie-and-privacy-policy/,,2026-03-08T15:36:53Z
Hydrogen,JCB,UK,,,,,Excavator,,,html,https://www.jcb.com/en-GB/industries/construction/wheel-loaders/,,2026-03-08T15:36:55Z
Hydrogen,JCB,UK,,,,,Excavator,,,html,https://www.jcb.com/en-GB/buy/finance-offers/jcb-telescopic-wheel-loader/,,2026-05-03T16:00:33Z
Hydrogen,JCB,UK,,,,,Excavator,,,html,https://www.jcb.com/en-GB/industries/powertrain-for-oem/material-handling/,,2026-03-08T15:36:58Z
Hydrogen,JCB,UK,,,,,Excavator,,,html,https://www.jcb.com/en-GB/explore/insight/blogs/2026/03/how-to-choose-the-right-mini-excavator-for-you/,,2026-05-31T16:23:18Z
Hydrogen,JCB,UK,,,,,Excavator,,,html,https://www.jcb.com/en-GB/industries/electric-solutions/articulated-booms/,,2026-03-08T15:36:59Z
Hydrogen,JCB,UK,,,,,Excavator,,,html,https://www.jcb.com/en-GB/explore/corporate/corporate-statements-and-certification/,,2026-03-08T15:37:01Z
Hydrogen,JCB,UK,,,,,Excavator,,,html,https://www.jcb.com/en-GB/dealer-search/,,2026-03-08T15:37:08Z
Hydrogen,JCB,UK,,,,,Excavator,,,html,https://www.jcb.com/en-GB/products/attachments/shovels/,,2026-03-08T15:37:08Z
Hydrogen,JCB,UK,,,,,Excavator,,,html,https://www.jcb.com/en-GB/industries/construction/pothole-pro/,,2026-05-03T16:00:50Z
Hydrogen,JCB,UK,,,,,Excavator,,,html,https://www.jcb.com/en-GB/industries/municipalities/utilities/,,2026-08-09T15:43:13Z
Hydrogen,JCB,UK,,,,,Excavator,,,html,https://www.jcb.com/en-GB/explore/corporate/cookie-and-privacy-policy/,,2026-07-05T16:18:15Z
Hydrogen,JCB,UK,,,,,Excavator,,,html,https://www.jcb.com/en-GB/industries/construction/wheel-loaders/,,2026-08-02T16:12:04Z
Hydrogen,JCB,UK,,,,,Excavator,,,html,https://www.jcb.com/en-GB/industries/powertrain-for-oem/material-handling/,,2026-07-26T16:13:20Z
Hydrogen,JCB,UK,,,,,Excavator,,,html,https://www.jcb.com/en-GB/industries/electric-solutions/articulated-booms/,,2026-08-02T16:12:08Z
Hydrogen,JCB,UK,,,,,Excavator,,,html,https://www.jcb.com/en-GB/explore/corporate/corporate-statements-and-certification/,,2026-07-12T16:09:30Z
Hydrogen,JCB,UK,,,,,Excavator,,,html,https://www.jcb.com/en-GB/explore/insight/news/2026/01/jcb-helps-young-footballers-kick-off-the-year-in-style/,,2026-03-08T15:37:25Z
Hydrogen,JCB,UK,,,,,Excavator,,,html,https://www.jcb.com/en-GB/dealer-search/,,2026-06-14T16:47:12Z
Hydrogen,JCB,UK,,,,,Excavator,,,html,https://www.jcb.com/en-gb/news#main,,2026-06-21T16:55:20Z
Hydrogen,JCB,UK,,,,,Excavator,,,html,https://www.jcb.com/en-GB/products/attachments/shovels/,,2026-05-31T16:23:31Z
,Develon,South Korea,,,,,Excavator,,,html,https://eu.develon-ce.com/en/machines/dd100,,2026-03-08T15:37:43Z
Battery,Develon,South Korea,,,,,Excavator,,,html,https://eu.develon-ce.com/en/news/2026-02-27-Develon-Launches-New-DX23E-7-Electric-Mini-Excavator,,2026-03-08T15:37:47Z
,Develon,South Korea,,,,,Excavator,,,html,https://eu.develon-ce.com/en/machines/dl380-7,,2026-08-09T15:43:51Z
,Develon,South Korea,,,,,Excavator,,,html,https://eu.develon-ce.com/en/cookie-policy,,2026-03-08T15:38:01Z
,Develon,South Korea,,,,,Excavator,,,html,https://eu.develon-ce.com/en/premium-extended-warranty,,2026-03-08T15:38:03Z
,Develon,South Korea,,,,,Excavator,,,html,https://eu.develon-ce.com/en/products,,2026-03-08T15:38:08Z
,Develon,South Korea,,,,,Excavator,,,html,https://eu.develon-ce.com/en/machines/dx17z-7,,2026-03-08T15:38:23Z
,Develon,South Korea,,,,,Excavator,,,html,https://eu.develon-ce.com/en/machines/manure-forks-with-grapple,,2026-07-19T16:07:44Z
,Develon,South Korea,,,,,Excavator,,,html,https://eu.develon-ce.com/en/terms-of-use,,2026-03-08T15:38:29Z
,Develon,South Korea,,,,,Excavator,,,html,https://eu.develon-ce.com/en/machines/dd100,,2026-08-09T15:44:45Z
Battery,Develon,South Korea,,,,,Excavator,,,html,https://eu.develon-ce.com/en/news/2026-02-27-Develon-Launches-New-DX23E-7-Electric-Mini-Excavator,,2026-05-24T16:15:35Z
,Develon,South Korea,,,,,Excavator,,,html,https://eu.develon-ce.com/en/cookie-policy,,2026-06-21T16:56:28Z
,Develon,South Korea,,,,,Excavator,,,html,https://eu.develon-ce.com/en/premium-extended-warranty,,2026-07-26T16:14:40Z
,Develon,South Korea,,,,,Excavator,,,html,https://eu.develon-ce.com/en/products,,2026-08-02T16:13:31Z
,Develon,South Korea,,,,,Excavator,,,html,https://eu.develon-ce.com/en/machines/dx17z-7,,2026-08-09T15:44:37Z
,Develon,South Korea,,,,,Excavator,,,html,https://eu.develon-ce.com/en/terms-of-use,,2026-07-19T16:08:37Z
,Develon,South Korea,,,,,Excavator,,,html,https://eu.develon-ce.com/en/news/2025-05-05-Centrocar-A-Well-Oiled-Company,,2026-08-09T15:44:30Z
,Develon,South Korea,,,,,Excavator,,,html,https://eu.develon-ce.com/en/concept-x2,,2026-08-09T15:45:15Z
Hydrogen,SANY,China,,,,,Excavator,,,html,https://www.sanyglobal.com/press_releases/4852/,,2026-04-12T15:54:37Z
Hydrogen,SANY,China,,,,,Excavator,,,html,https://www.sanyglobal.com/press_releases/4854/,,2026-04-19T15:55:35Z
Battery,XCMG,China,,,,,Wheel loader,,,html,https://www.xcmg.com/service/service-support.htm,,2026-07-26T16:16:18Z
Battery,XCMG,China,,,,,Wheel loader,,,html,https://www.xcmg.com/financial/financial-calculator.htm,,2026-07-05T16:21:21Z
Battery,XCMG,China,,,,,Wheel loader,,,html,https://www.xcmg.com/product/pro-list.htm?catId=1866&erCatId=0&sanCatId=0,,2026-08-02T16:15:41Z
Battery,XCMG,China,,,,,Wheel loader,,,html,https://www.xcmg.com/product/pro-list.htm?catId=1707,,2026-08-02T16:15:25Z
,XCMG,China,,,,,Wheel loader,,,html,https://www.xcmg.com/aboutus/news-detail-1128692.htm,,2026-03-15T15:45:41Z
,XCMG,China,,,,,Wheel loader,,,html,https://www.xcmg.com/aboutus/news-detail-1128679.htm,,2026-03-08T15:40:23Z
Battery,XCMG,China,,,,,Wheel loader,,,html,https://www.xcmg.com/solution/airport-construction.htm,,2026-06-14T16:49:30Z
Battery,Terex,Global,,,,,Dump truck,,,html,https://www.terex.com/en/footer/products-solutions/digital-solutions,,2026-08-09T15:47:39Z
Hybrid,CRRC,China,,,,,Mining,,,html,https://www.crrcgc.cc/fr,,2026-04-26T16:02:26Z
Hydrogen,Doosan,Korea,,,,,Excavator,,,html,https://www.doosan.com/en/media-center/press-release_view?id=20172771,,2026-03-15T15:54:19Z
,BEML,India,,,,,Excavator,,,html,https://www.bemlindia.in/subsidiaries/,,2026-03-08T15:49:18Z
,BEML,India,,,,,Excavator,,,html,https://www.bemlindia.in/make-in-india-2/,,2026-03-08T15:49:25Z
,BEML,India,,,,,Excavator,,,html,https://www.bemlindia.in/subsidiaries/,,2026-08-09T15:57:47Z
,BEML,India,,,,,Excavator,,,html,https://www.bemlindia.in/make-in-india-2/,,2026-07-19T16:21:36Z
,Chetra,Russia,,,,,Excavator,,,html,https://chetra.ru/spares/stock/,,2026-07-19T16:23:38Z
,Chetra,Russia,,,,,Excavator,,,html,https://chetra.ru/catalog/buldozers/,,2026-05-17T16:28:57Z
,Chetra,Russia,,,,,Excavator,,,html,https://chetra.ru/spares/how-to-choose/,,2026-08-09T16:01:40Z
,Chetra,Russia,,,,,Excavator,,,html,https://chetra.ru/press-center/media/priglashenie-na-vystavku-ugol-rossii-i-mayning-2024-chetra-chetra-kuzbass/,,2026-08-09T16:01:53Z
,Chetra,Russia,,,,,Excavator,,,html,https://chetra.ru/catalog/pipelayers/chetra-tg222/,,2026-03-08T15:55:02Z
,Chetra,Russia,,,,,Excavator,,,html,https://chetra.ru/spares/khodovye-sistemy/,,2026-08-02T16:30:30Z
Hybrid,Komatsu,Japan,,,,,Excavator,,,HTML,https://www.komatsu.com/en-us/newsroom/2026/komatsu-highlights-continued-north-american-manufacturing-and-service-investments,,2026-05-03T15:57:39Z
Hybrid,Komatsu,Japan,,,,,Excavator,,,HTML,https://www.komatsu.com/content/komatsu/websites/na/en-us/komatsu-locator,,2026-03-15T15:39:18Z
Hybrid,Komatsu,Japan,,,,,Excavator,,,HTML,https://www.komatsu.com/en-us/technology/smart-construction/dashboard,,2026-07-05T16:16:03Z
Hybrid,Komatsu,Japan,,,,,Excavator,,,HTML,https://www.komatsu.com/en-us/newsroom/2026/komatsu-offers-end-to-end-attachment-and-equipment-solutions-for-high-demand-applications-and-industries,,2026-03-15T15:39:21Z
Hybrid,Komatsu,Japan,,,,,Excavator,,,HTML,https://www.komatsu.com/en-us/newsroom/2026/komatsu-to-introduce-the-pc158uslc-12-and-pc158uslci-12-tight-tail-swing-excavators,,2026-03-22T15:36:30Z
,Liebherr,Germany,,,,,Wheel loader,,,html,https://www.liebherr.com/en-us/n/all-erection-crane-rental-receives-a-liebherr-ltm-1400-6-1-mobile-crane-at-conexpo-2026-236608-3782185,,2026-03-15T15:40:12Z
Battery,Liebherr,Germany,,,,,Wheel loader,,,html,https://www.liebherr.com/en-us/n/bharat-forge-and-liebherr-aerospace-launch-advanced-landing-gear-machining-facility-in-pune-236800-3782185,,2026-03-15T15:40:17Z
Battery,Liebherr,Germany,,,,,Wheel loader,,,html,https://www.liebherr.com/en-us/n/germany’s-largest-underground-project-liebherr-cranes-play-a-central-role-in-the-construction-of-hamburg’s-u5-line-236737-3782185,,2026-03-15T15:40:29Z
,Liebherr,Germany,,,,,Wheel loader,,,html,https://www.liebherr.com/en-us/n/precision-work-on-the-world-cultural-heritage-site-saint-michel-basilica-235137-3782185,,2026-03-15T15:40:31Z
,Liebherr,Germany,,,,,Excavator,,,html,https://www.liebherr.com/en-us/n/liebherr-lr-11000-dismantles-bridge-in-ulm-236224-3782185,,2026-03-15T15:40:34Z
Battery,Liebherr,Germany,,,,,Wheel loader,,,html,https://www.liebherr.com/en-us/n/germany’s-largest-underground-project-liebherr-cranes-play-a-central-role-in-the-construction-of-hamburg’s-u5-line-236737-3782185,,2026-03-15T15:40:42Z
,Liebherr,Germany,,,,,Excavator,,,html,https://www.liebherr.com/en-us/n/liebherr-r-938-crawler-excavator-specially-produced-for-ghent-dredging-237888-3782185,,2026-03-15T15:40:48Z
,John Deere,USA,,,,,Excavator,,,html,https://www.deere.com/en/government-and-military-sales/federal-and-military-purchasing/,,2026-03-15T15:40:54Z
,John Deere,USA,,,,,Excavator,,,html,https://www.deere.com/en/finance/financing/revolving-plan-account/,,2026-03-15T15:40:54Z
Hybrid,John Deere,USA,,,,,Excavator,,,html,https://www.deere.com/en/sprayers/see-spray-gen-2/,,2026-03-15T15:40:55Z
Hybrid,John Deere,USA,,,,,Excavator,,,html,https://www.deere.com/en/attachments-accessories-and-implements/construction-attachments/,,2026-03-15T15:41:00Z
,John Deere,USA,,,,,Excavator,,,html,https://www.deere.com/en/parts-and-service/recall-information/,,2026-03-15T15:41:02Z
,John Deere,USA,,,,,Excavator,,,html,https://www.deere.com/en/technology-products/precision-ag-technology/precision-upgrades/,,2026-03-15T15:41:04Z
,John Deere,USA,,,,,Excavator,,,html,https://www.deere.com/en/finance/financing/,,2026-03-15T15:41:05Z
,John Deere,USA,,,,,Excavator,,,html,https://www.deere.com/en/tractors/row-crop-tractors/high-horsepower-8r-8rx-tractors/?cid=HOME_HERO,,2026-03-15T15:41:07Z
Battery,John Deere,USA,,,,,Excavator,,,html,https://www.deere.com/en/parts-and-service/parts/ag-parts/?cid=HOME_IMGPANEL_2,,2026-03-15T15:41:07Z
,John Deere,USA,,,,,Excavator,,,html,https://www.deere.com/en/government-and-military-sales/federal-and-military-purchasing/,,2026-05-10T16:06:08Z
,John Deere,USA,,,,,Excavator,,,html,https://www.deere.com/en/finance/financing/revolving-plan-account/,,2026-06-14T16:46:07Z
Hybrid,John Deere,USA,,,,,Excavator,,,html,https://www.deere.com/en/sprayers/see-spray-gen-2/,,2026-06-21T16:54:27Z
Hybrid,John Deere,USA,,,,,Excavator,,,html,https://www.deere.com/en/attachments-accessories-and-implements/construction-attachments/,,2026-06-21T16:54:29Z
,John Deere,USA,,,,,Excavator,,,html,https://www.deere.com/en/parts-and-service/recall-information/,,2026-06-21T16:54:27Z
,John Deere,USA,,,,,Excavator,,,html,https://www.deere.com/en/technology-products/precision-ag-technology/precision-upgrades/,,2026-05-31T16:22:30Z
,John Deere,USA,,,,,Excavator,,,html,https://www.deere.com/en/finance/financing/,,2026-03-15T15:41:23Z
Battery,Epiroc,Sweden,,,,,Excavator,,,html,https://www.epiroc.com/en-ge,,2026-08-09T15:42:29Z
Battery,Epiroc,Sweden,,,,,Excavator,,,html,https://www.epiroc.com/en-hr,,2026-07-26T16:12:45Z
Battery,Epiroc,Sweden,,,,,Excavator,,,html,https://www.epiroc.com/sv-se,,2026-07-26T16:12:46Z
Hydrogen,JCB,UK,,,,,Excavator,,,html,https://www.jcb.com/en-GB/industries/electric-solutions/site-dumpers/,,2026-03-15T15:41:45Z
Hydrogen,JCB,UK,,,,,Excavator,,,html,https://www.jcb.com/en-GB/industries/construction/,,2026-03-15T15:41:45Z
Hydrogen,JCB,UK,,,,,Excavator,,,html,https://www.jcb.com/en-GB/explore/sustainability/hydrogen/,,2026-03-15T15:41:46Z
Hydrogen,JCB,UK,,,,,Excavator,,,html,https://www.jcb.com/en-GB/industries/agriculture/telescopic-handlers/,,2026-03-15T15:41:49Z
Hydrogen,JCB,UK,,,,,Excavator,,,html,https://www.jcb.com/en-GB/products/machines/mini-excavators/,,2026-03-15T15:41:50Z
Hydrogen,JCB,UK,,,,,Excavator,,,html,https://www.jcb.com/en-GB/parts-and-service/service/reman/,,2026-03-15T15:41:50Z
Hydrogen,JCB,UK,,,,,Excavator,,,html,https://www.jcb.com/en-GB/industries/construction/mini-excavators/,,2026-03-15T15:41:51Z
Hydrogen,JCB,UK,,,,,Excavator,,,html,https://www.jcb.com/en-GB/industries/agriculture/industrial-forklifts/,,2026-03-15T15:41:53Z
Hydrogen,JCB,UK,,,,,Excavator,,,html,https://www.jcb.com/en-GB/products/attachments/forestry-attachments/,,2026-03-15T15:41:55Z
Hydrogen,JCB,UK,,,,,Excavator,,,html,https://www.jcb.com/en-GB/parts-and-service/parts/filters/,,2026-03-15T15:41:56Z
Hydrogen,JCB,UK,,,,,Excavator,,,html,https://www.jcb.com/en-GB/products/machines/vibratory-tandem-rollers/,,2026-03-15T15:41:59Z
Hydrogen,JCB,UK,,,,,Excavator,,,html,https://www.jcb.com/en-GB/products/attachments/drills/,,2026-07-05T16:18:16Z
Hydrogen,JCB,UK,,,,,Excavator,,,html,https://www.jcb.com/en-GB/industries/electric-solutions/site-dumpers/,,2026-07-12T16:09:38Z
Hydrogen,JCB,UK,,,,,Excavator,,,html,https://www.jcb.com/en-GB/industries/construction/,,2026-08-02T16:12:21Z
Hydrogen,JCB,UK,,,,,Excavator,,,html,https://www.jcb.com/en-GB/explore/sustainability/hydrogen/,,2026-07-19T16:07:20Z
Hydrogen,JCB,UK,,,,,Excavator,,,html,https://www.jcb.com/en-GB/industries/agriculture/telescopic-handlers/,,2026-08-02T16:12:17Z
Hydrogen,JCB,UK,,,,,Excavator,,,html,https://www.jcb.com/en-GB/products/machines/mini-excavators/,,2026-08-09T15:43:09Z
Hydrogen,JCB,UK,,,,,Excavator,,,html,https://www.jcb.com/en-GB/parts-and-service/service/reman/,,2026-08-09T15:43:22Z
Hydrogen,JCB,UK,,,,,Excavator,,,html,https://www.jcb.com/en-GB/explore/insight/news/2026/02/jcb-helps-charity-with-its-lifeline-drive-for-elderly-residents/,,2026-03-29T15:45:47Z
Hydrogen,JCB,UK,,,,,Excavator,,,html,https://www.jcb.com/en-GB/explore/insight/news/2026/02/hubb-foundation-and-jcb-launch-375000-pound-half-term-partnership/,,2026-03-15T15:42:11Z
Hydrogen,JCB,UK,,,,,Excavator,,,html,https://www.jcb.com/en-GB/industries/construction/mini-excavators/,,2026-08-02T16:12:13Z
Hydrogen,JCB,UK,,,,,Excavator,,,html,https://www.jcb.com/en-GB/industries/agriculture/industrial-forklifts/,,2026-06-14T16:47:01Z
Hydrogen,JCB,UK,,,,,Excavator,,,html,https://www.jcb.com/en-GB/products/attachments/forestry-attachments/,,2026-08-02T16:12:22Z
Hydrogen,JCB,UK,,,,,Excavator,,,html,https://www.jcb.com/en-GB/parts-and-service/parts/filters/,,2026-06-28T16:24:02Z
Hydrogen,JCB,UK,,,,,Excavator,,,html,https://www.jcb.com/en-GB/explore/insight/news/2026/02/electric-display-from-jcb-3cx-pro-in-northern-ireland/,,2026-03-15T15:42:19Z
Hydrogen,JCB,UK,,,,,Excavator,,,html,https://www.jcb.com/en-GB/products/machines/vibratory-tandem-rollers/,,2026-06-28T16:24:03Z
,Develon,South Korea,,,,,Excavator,,,html,https://eu.develon-ce.com/en/about,,2026-03-15T15:42:47Z
,Develon,South Korea,,,,,Excavator,,,html,https://eu.develon-ce.com/en/machines/dx85r-7,,2026-04-12T15:52:46Z
,Develon,South Korea,,,,,Excavator,,,html,https://eu.develon-ce.com/en/about,,2026-06-14T16:48:31Z
,Develon,South Korea,,,,,Excavator,,,html,https://eu.develon-ce.com/en/my-develon,,2026-08-09T15:44:55Z
,Develon,South Korea,,,,,Excavator,,,html,https://eu.develon-ce.com/en/machines/dl60-7,,2026-08-02T16:13:48Z
,XCMG,China,,,,,Wheel loader,,,html,https://www.xcmg.com/product/pro-detail-138374.htm,,2026-03-15T15:45:15Z
Battery,XCMG,China,,,,,Wheel loader,,,html,https://www.xcmg.com/product/pro-list.htm?catId=1870,,2026-05-17T16:13:00Z
Battery,XCMG,China,,,,,Wheel loader,,,html,https://www.xcmg.com/product/pro-detail-138377.htm,,2026-03-15T15:45:32Z
Battery,XCMG,China,,,,,Wheel loader,,,html,https://www.xcmg.com/product/pro-list.htm?catId=1001001868,,2026-08-09T15:46:20Z
,XCMG,China,,,,,Wheel loader,,,html,https://www.xcmg.com/aboutus/news-detail-1128684.htm,,2026-03-15T15:45:39Z
Battery,XCMG,China,,,,,Wheel loader,,,html,https://www.xcmg.com/product/pro-detail-138371.htm,,2026-03-15T15:45:43Z
Battery,Terex,Global,,,,,Dump truck,,,html,https://www.terex.com/en/footer/company/culture-inclusion,,2026-08-09T15:47:46Z
Battery,Terex,Global,,,,,Dump truck,,,html,https://www.terex.com/en/sitemap,,2026-08-09T15:47:42Z
,Yutong,China,,,,,Excavator,,,html,https://en.yutong.com/sustainability/,,2026-08-09T15:54:42Z
Battery,Yutong,China,,,,,Excavator,,,html,https://en.yutong.com/technology/long-life/,,2026-08-09T15:55:10Z
Hybrid,Yutong,China,,,,,Excavator,,,html,https://en.yutong.com/about/history/,,2026-07-26T16:25:12Z
,Yutong,China,,,,,Excavator,,,html,https://en.yutong.com/pressmedia/news/2026/2029759178012233728.shtml,,2026-03-15T15:53:33Z
Hydrogen,Doosan,Korea,,,,,Excavator,,,html,https://www.doosan.com/en/media-center/press-release_view?id=20172775,,2026-05-17T16:22:47Z
,Chetra,Russia,,,,,Excavator,,,html,https://chetra.ru/press-center/media/kak-rabotayut-servismeny-chetra-ot-khabarovska-do-sakhalina-ot-magadana-do-kamchatki/,,2026-07-19T16:24:00Z
,Chetra,Russia,,,,,Excavator,,,html,https://chetra.ru/shop/,,2026-08-02T16:30:34Z
Battery,Chetra,Russia,,,,,Excavator,,,html,https://chetra.ru/catalog/excavator/chetra-e400/,,2026-08-02T16:30:53Z
,Chetra,Russia,,,,,Excavator,,,html,https://chetra.ru/catalog/excavator/chetra-e330/,,2026-08-02T16:30:26Z
Hybrid,Komatsu,Japan,,,,,Excavator,,,HTML,https://www.komatsu.com/en-us/california-supply-chain-transparency-act,,2026-08-02T16:09:30Z
Hybrid,Komatsu,Japan,,,,,Excavator,,,HTML,https://www.komatsu.com/en-us/technology/smart-mining/drilling-and-blasting,,2026-07-26T16:10:56Z
Hybrid,Komatsu,Japan,,,,,Excavator,,,HTML,https://www.komatsu.com/en-us/products/equipment/trucks/articulated-trucks/hm460-6,,2026-03-29T15:42:45Z
Hybrid,Komatsu,Japan,,,,,Excavator,,,HTML,https://www.komatsu.com/en-us/technology/smart-construction/3d-machine-guidance,,2026-08-02T16:09:28Z
Hybrid,Komatsu,Japan,,,,,Excavator,,,HTML,https://www.komatsu.com/en-us/transparency-in-coverage,,2026-08-09T15:40:23Z
Hybrid,Komatsu,Japan,,,,,Excavator,,,HTML,https://www.komatsu.com/en-us/industries,,2026-07-26T16:10:50Z
Hybrid,Komatsu,Japan,,,,,Excavator,,,HTML,https://www.komatsu.com/en-us/privacy-notice-for-california-residents,,2026-08-02T16:09:27Z
Hybrid,Komatsu,Japan,,,,,Excavator,,,HTML,https://www.komatsu.com/en-us/technology/smart-mining/loading-and-haulage,,2026-07-26T16:11:00Z
Hybrid,Komatsu,Japan,,,,,Excavator,,,HTML,https://www.komatsu.com/en-us/suppliers,,2026-08-02T16:09:29Z
Hybrid,Komatsu,Japan,,,,,Excavator,,,HTML,https://www.komatsu.com/en-us/newsroom/2026/new-hm460-6-elevates-articulated-truck-performance,,2026-03-22T15:36:32Z
Hybrid,Komatsu,Japan,,,,,Excavator,,,HTML,https://www.komatsu.com/en-us/merchandise,,2026-08-09T15:40:29Z
Hybrid,Komatsu,Japan,,,,,Excavator,,,HTML,https://www.komatsu.com/en-us/customer-portals,,2026-08-02T16:09:20Z
Hybrid,Komatsu,Japan,,,,,Excavator,,,HTML,https://www.komatsu.com/en-us/case-studies,,2026-06-28T16:21:12Z
Hybrid,Liebherr,Germany,,,,,Wheel loader,,,html,https://www.liebherr.com/en-us/n/aviation-research-projects-with-participation-of-liebherraAerospace-lindenberg-gmbh-238720-3782185,,2026-03-22T15:37:31Z
,Liebherr,Germany,,,,,Wheel loader,,,html,https://www.liebherr.com/en-us/n/liebherr-delivers-an-hs-8200-duty-cycle-crawler-crane-to-the-shelly-company-at-conexpo-2026-238400-3782185,,2026-03-22T15:37:32Z
,Liebherr,Germany,,,,,Wheel loader,,,html,https://www.liebherr.com/en-us/n/liebherr-canada-ltd-announces-sale-of-four-heavy-lift-cranes-to-guay-239744-3782185,,2026-03-22T15:37:41Z
,Liebherr,Germany,,,,,Wheel loader,,,html,https://www.liebherr.com/en-us/n/liebherr-canada-ltd-announces-sale-of-four-heavy-lift-cranes-to-guay-239744-3782185,,2026-03-22T15:37:54Z
Battery,Liebherr,Germany,,,,,Wheel loader,,,html,https://www.liebherr.com/en-us/n/liebherr-high-top-cranes-drive-progress-on-office-development-in-amsterdam-239491-3782185,,2026-03-22T15:37:57Z
,John Deere,USA,,,,,Excavator,,,html,https://www.deere.com/en/#MainContentSection,,2026-05-17T16:08:40Z
,John Deere,USA,,,,,Excavator,,,html,https://www.deere.com/en/wheeled-harvesters/,,2026-03-22T15:38:04Z
Battery,John Deere,USA,,,,,Excavator,,,html,https://www.deere.com/en/parts-and-service/parts/maintenance/batteries/,,2026-03-22T15:38:06Z
,John Deere,USA,,,,,Excavator,,,html,https://www.deere.com/en/finance/financing/calculators/,,2026-03-22T15:38:06Z
,John Deere,USA,,,,,Excavator,,,html,https://www.deere.com/en/loaders/tractor-loaders/,,2026-03-22T15:38:07Z
Battery,John Deere,USA,,,,,Excavator,,,html,https://www.deere.com/en/tractors/4wd-track-tractors/,,2026-06-28T16:23:13Z
,John Deere,USA,,,,,Excavator,,,html,https://www.deere.com/en/stories/featured/techs-of-year-2025/,,2026-03-22T15:38:14Z
,John Deere,USA,,,,,Excavator,,,html,https://www.deere.com/en/wheeled-harvesters/,,2026-06-28T16:23:10Z
,John Deere,USA,,,,,Excavator,,,html,https://www.deere.com/en/finance/financing/calculators/,,2026-05-10T16:05:58Z
Battery,John Deere,USA,,,,,Excavator,,,html,https://www.deere.com/en/parts-and-service/parts/maintenance/batteries/,,2026-06-28T16:23:21Z
,John Deere,USA,,,,,Excavator,,,html,https://www.deere.com/en/loaders/tractor-loaders/,,2026-06-28T16:23:17Z
Battery,Epiroc,Sweden,,,,,Excavator,,,html,https://www.epiroc.com/en,,2026-08-02T16:11:28Z
Battery,Epiroc,Sweden,,,,,Excavator,,,html,https://www.epiroc.com/en/products,,2026-08-02T16:11:32Z
Battery,Epiroc,Sweden,,,,,Excavator,,,html,https://www.epiroc.com/en-lb,,2026-07-26T16:12:46Z
Hydrogen,JCB,UK,,,,,Excavator,,,html,https://www.jcb.com/en-GB/buy/finance-options/jcb-flexilease/,,2026-03-22T15:38:49Z
Hydrogen,JCB,UK,,,,,Excavator,,,html,https://www.jcb.com/en-GB/industries/construction/site-dumpers/,,2026-03-22T15:38:51Z
Hydrogen,JCB,UK,,,,,Excavator,,,html,https://www.jcb.com/en-GB/products/powertrain-for-oem/transmissions/,,2026-03-22T15:38:53Z
Hydrogen,JCB,UK,,,,,Excavator,,,html,https://www.jcb.com/en-GB/products/machines/single-drum-soil-compactors/,,2026-03-22T15:38:53Z
Hydrogen,JCB,UK,,,,,Excavator,,,html,https://www.jcb.com/en-GB/products/machines/hydradig/,,2026-03-22T15:38:54Z
Hydrogen,JCB,UK,,,,,Excavator,,,html,https://www.jcb.com/en-GB/buy/finance-offers/mini-excavator-offer/,,2026-03-22T15:38:58Z
Hydrogen,JCB,UK,,,,,Excavator,,,html,https://www.jcb.com/en-GB/explore/corporate/,,2026-03-22T15:38:58Z
Hydrogen,JCB,UK,,,,,Excavator,,,html,https://www.jcb.com/en-GB/industries/electric-solutions/telescopic-handlers/,,2026-03-22T15:39:00Z
Hydrogen,JCB,UK,,,,,Excavator,,,html,https://www.jcb.com/en-GB/parts-and-service/parts/chassis-and-undercarriage/,,2026-03-22T15:39:01Z
Hydrogen,JCB,UK,,,,,Excavator,,,html,https://www.jcb.com/en-GB/buy/finance-options/jcb-flexilease/,,2026-05-17T16:09:51Z
Hydrogen,JCB,UK,,,,,Excavator,,,html,https://www.jcb.com/en-GB/industries/construction/site-dumpers/,,2026-06-21T16:55:20Z
Hydrogen,JCB,UK,,,,,Excavator,,,html,https://www.jcb.com/en-GB/explore/insight/news/2026/03/jcb-agriculture-dealer-expands-as-business-milestone-marked/,,2026-04-12T15:52:06Z
Hydrogen,JCB,UK,,,,,Excavator,,,html,https://www.jcb.com/en-GB/products/powertrain-for-oem/transmissions/,,2026-07-19T16:07:22Z
Hydrogen,JCB,UK,,,,,Excavator,,,html,https://www.jcb.com/en-GB/products/machines/single-drum-soil-compactors/,,2026-07-26T16:13:32Z
Hydrogen,JCB,UK,,,,,Excavator,,,html,https://www.jcb.com/en-GB/products/machines/hydradig/,,2026-07-12T16:09:22Z
Hydrogen,JCB,UK,,,,,Excavator,,,html,https://www.jcb.com/en-GB/explore/corporate/,,2026-08-09T15:43:19Z
Hydrogen,JCB,UK,,,,,Excavator,,,html,https://www.jcb.com/en-GB/explore/insight/news/2026/03/a-perfect-ten-as-whc-stays-loyal-to-jcb-x-series-excavators/,,2026-03-22T15:39:18Z
Hydrogen,JCB,UK,,,,,Excavator,,,html,https://www.jcb.com/en-GB/explore/insight/news/?page=2,,2026-08-09T15:43:25Z
Hydrogen,JCB,UK,,,,,Excavator,,,html,https://www.jcb.com/en-GB/industries/electric-solutions/telescopic-handlers/,,2026-08-09T15:43:14Z
Hydrogen,JCB,UK,,,,,Excavator,,,html,https://www.jcb.com/en-GB/explore/insight/news/?page=37,,2026-04-19T15:53:04Z
Hydrogen,JCB,UK,,,,,Excavator,,,html,https://www.jcb.com/en-GB/parts-and-service/parts/chassis-and-undercarriage/,,2026-07-19T16:07:22Z
,Develon,South Korea,,,,,Excavator,,,html,https://eu.develon-ce.com/en/machines/dx270wmh-7,,2026-05-31T16:23:56Z
,Develon,South Korea,,,,,Excavator,,,html,https://eu.develon-ce.com/en/machines/dl280-7-waste-loader-mh,,2026-03-22T15:39:54Z
,Develon,South Korea,,,,,Excavator,,,html,https://eu.develon-ce.com/en/machines/dx235lc-7,,2026-08-02T16:12:56Z
,Develon,South Korea,,,,,Excavator,,,html,https://eu.develon-ce.com/en/news?page=1,,2026-06-28T16:25:18Z
,Develon,South Korea,,,,,Excavator,,,html,https://eu.develon-ce.com/es/news,,2026-08-09T15:44:48Z
,Develon,South Korea,,,,,Excavator,,,html,https://eu.develon-ce.com/en/products/wheel-loaders-attachments,,2026-08-09T15:44:34Z
Hydrogen,SANY,China,,,,,Excavator,,,html,https://www.sanyglobal.com/press_releases/4855/,,2026-05-10T16:09:27Z
Hydrogen,SANY,China,,,,,Excavator,,,html,https://www.sanyglobal.com/press_releases/4856/,,2026-04-26T15:57:50Z
,XCMG,China,,,,,Wheel loader,,,html,https://www.xcmg.com/product/pro-detail-138389.htm,,2026-03-22T15:41:55Z
,XCMG,China,,,,,Wheel loader,,,html,https://www.xcmg.com/product/pro-detail-138387.htm,,2026-03-22T15:41:58Z
,XCMG,China,,,,,Wheel loader,,,html,https://www.xcmg.com/product/pro-detail-138388.htm,,2026-03-22T15:41:59Z
Battery,XCMG,China,,,,,Wheel loader,,,html,https://www.xcmg.com/aboutus/brand-culture.htm,,2026-05-17T16:12:48Z
,XCMG,China,,,,,Wheel loader,,,html,https://www.xcmg.com/product/pro-detail-138380.htm,,2026-03-22T15:42:14Z
Battery,XCMG,China,,,,,Wheel loader,,,html,https://www.xcmg.com/product/pro-detail-138379.htm,,2026-03-22T15:42:23Z
Hybrid,Terex,Global,,,,,Dump truck,,,html,https://www.terex.com/en/products-solutions/equipment#material,,2026-08-02T16:16:32Z
Hybrid,Yutong,China,,,,,Excavator,,,html,https://en.yutong.com/pressmedia/news/2026/2030831699289575424.shtml,,2026-03-22T15:47:55Z
,Yutong,China,,,,,Excavator,,,html,https://en.yutong.com/service/service-philosophy/,,2026-08-02T16:22:02Z
,Yutong,China,,,,,Excavator,,,html,https://en.yutong.com/pressmedia/news/2025/2003011352389619712.shtml,,2026-03-22T15:48:56Z
Hydrogen,Doosan,Korea,,,,,Excavator,,,html,https://www.doosan.com/en/media-center/press-release_view?id=20172777,,2026-05-31T16:34:49Z
Hydrogen,Doosan,Korea,,,,,Excavator,,,html,https://www.doosan.com/en/media-center/press-release_view?id=20172780,,2026-05-31T16:34:45Z
,BEML,India,,,,,Excavator,,,html,https://www.bemlindia.in/press-releases/,,2026-08-02T16:28:12Z
,BEML,India,,,,,Excavator,,,html,https://www.bemlindia.in/quarterly-results/,,2026-07-26T16:28:48Z
Hybrid,Komatsu,Japan,,,,,Excavator,,,HTML,https://www.komatsu.com/en-us/privacy-statement,,2026-08-09T15:40:29Z
Hybrid,Komatsu,Japan,,,,,Excavator,,,HTML,https://www.komatsu.com/en-us/our-commitment,,2026-08-02T16:09:19Z
Hybrid,Komatsu,Japan,,,,,Excavator,,,HTML,https://www.komatsu.com/en-us/california-voluntary-carbon-market-disclosures-act,,2026-07-26T16:10:54Z
Hybrid,Komatsu,Japan,,,,,Excavator,,,HTML,https://www.komatsu.com/en-us/careers,,2026-07-19T16:04:42Z
Hybrid,Komatsu,Japan,,,,,Excavator,,,HTML,https://www.komatsu.com/en-us/competitive-comparison,,2026-07-26T16:10:53Z
,Liebherr,Germany,,,,,Wheel loader,,,html,https://www.liebherr.com/en-us/n/doğu-kurtarma-vinç-expands-its-fleet-with-a-liebherr-ltm-1300-6-4-mobile-crane-242370-3782185,,2026-03-29T15:43:37Z
,Liebherr,Germany,,,,,Wheel loader,,,html,https://www.liebherr.com/en-us/n/roll-out-liebherr-on-board-the-falcon-10x-243776-3782185,,2026-03-29T15:43:42Z
Hydrogen,Liebherr,Germany,,,,,Wheel loader,,,html,https://www.liebherr.com/en-us/n/10-years-of-xpower-dr-pfab-looks-back-–-and-ahead-–-as-technical-director-243841-3782185,,2026-03-29T15:43:48Z
,Liebherr,Germany,,,,,Wheel loader,,,html,https://www.liebherr.com/en-us/n/liebherr-aerospace-plans-site-expansion-241600-3782185,,2026-03-29T15:43:59Z
,Liebherr,Germany,,,,,Wheel loader,,,html,https://www.liebherr.com/en-us/n/liebherr-mobile-construction-crane-on-herreninsel-winter-protection-for-the-castle-fountains-241152-3782185,,2026-03-29T15:44:01Z
,Liebherr,Germany,,,,,Wheel loader,,,html,https://www.liebherr.com/en-us/n/doğu-kurtarma-vinç-expands-its-fleet-with-a-liebherr-ltm-1300-6-4-mobile-crane-242370-3782185,,2026-03-29T15:44:08Z
,Liebherr,Germany,,,,,Wheel loader,,,html,https://www.liebherr.com/en-us/n/roll-out-liebherr-on-board-the-falcon-10x-243776-3782185,,2026-03-29T15:44:09Z
,John Deere,USA,,,,,Excavator,,,html,https://www.deere.com/en/parts-and-service/warranty-and-protection-plans/extended-service-plans/,,2026-03-29T15:44:26Z
,John Deere,USA,,,,,Excavator,,,html,https://www.deere.com/en/finance/financing/ag-turf/gator-utility-vehicles/,,2026-03-29T15:44:28Z
,John Deere,USA,,,,,Excavator,,,html,https://www.deere.com/en/technology-products/precision-ag-technology/remote-management/operations-center-pro-golf/,,2026-03-29T15:44:33Z
Battery,John Deere,USA,,,,,Excavator,,,html,https://www.deere.com/en/parts-and-service/parts/ag-parts/?cid=HOME_HERO,,2026-03-29T15:44:34Z
,John Deere,USA,,,,,Excavator,,,html,https://www.deere.com/en/bunker-rakes/,,2026-03-29T15:44:34Z
,John Deere,USA,,,,,Excavator,,,html,https://www.deere.com/en/parts-and-service/parts/engine-parts/,,2026-03-29T15:44:35Z
,John Deere,USA,,,,,Excavator,,,html,https://www.deere.com/en/finance/financing/lawn-garden/lawn-care/,,2026-03-29T15:44:37Z
,John Deere,USA,,,,,Excavator,,,html,https://www.deere.com/en/parts-and-service/warranty-and-protection-plans/extended-service-plans/,,2026-04-12T15:50:59Z
,John Deere,USA,,,,,Excavator,,,html,https://www.deere.com/en/finance/financing/ag-turf/gator-utility-vehicles/,,2026-05-24T16:12:53Z
,John Deere,USA,,,,,Excavator,,,html,https://www.deere.com/en/news/all-news/fy26-first-quarter-dividend/,,2026-03-29T15:44:48Z
,John Deere,USA,,,,,Excavator,,,html,https://www.deere.com/en/technology-products/precision-ag-technology/remote-management/operations-center-pro-golf/,,2026-06-28T16:23:24Z
,John Deere,USA,,,,,Excavator,,,html,https://www.deere.com/en/bunker-rakes/,,2026-05-31T16:22:41Z
,John Deere,USA,,,,,Excavator,,,html,https://www.deere.com/en/parts-and-service/parts/engine-parts/,,2026-06-28T16:23:12Z
,John Deere,USA,,,,,Excavator,,,html,https://www.deere.com/en/finance/financing/lawn-garden/lawn-care/,,2026-06-07T16:43:20Z
,John Deere,USA,,,,,Excavator,,,html,https://www.deere.com/en/stories/featured/sarah-wurden/,,2026-04-12T15:50:54Z
,John Deere,USA,,,,,Excavator,,,html,https://www.deere.com/en/articulated-dump-trucks/,,2026-06-28T16:23:22Z
Hydrogen,JCB,UK,,,,,Excavator,,,html,https://www.jcb.com/en-GB/industries/construction/hydradig/,,2026-03-29T15:45:18Z
Hydrogen,JCB,UK,,,,,Excavator,,,html,https://www.jcb.com/en-GB/industries/construction/vibratory-tandem-rollers/,,2026-03-29T15:45:22Z
Hydrogen,JCB,UK,,,,,Excavator,,,html,https://www.jcb.com/en-GB/products/machines/electric-scissors/,,2026-03-29T15:45:23Z
Hydrogen,JCB,UK,,,,,Excavator,,,html,https://www.jcb.com/en-GB/explore/sustainability/b100-biodiesel/,,2026-03-29T15:45:24Z
Hydrogen,JCB,UK,,,,,Excavator,,,html,https://www.jcb.com/en-GB/industries/defence/,,2026-03-29T15:45:25Z
Hydrogen,JCB,UK,,,,,Excavator,,,html,https://www.jcb.com/en-GB/industries/electric-solutions/generators/,,2026-03-29T15:45:31Z
Hydrogen,JCB,UK,,,,,Excavator,,,html,https://www.jcb.com/en-GB/industries/construction/tracked-excavators/,,2026-03-29T15:45:34Z
Hydrogen,JCB,UK,,,,,Excavator,,,html,https://www.jcb.com/en-GB/buy/finance-options/,,2026-07-26T16:13:18Z
Hydrogen,JCB,UK,,,,,Excavator,,,html,https://www.jcb.com/en-GB/industries/construction/hydradig/,,2026-08-02T16:12:07Z
Hydrogen,JCB,UK,,,,,Excavator,,,html,https://www.jcb.com/en-GB/industries/construction/vibratory-tandem-rollers/,,2026-07-19T16:07:14Z
Hydrogen,JCB,UK,,,,,Excavator,,,html,https://www.jcb.com/en-GB/products/machines/electric-scissors/,,2026-05-24T16:13:38Z
Hydrogen,JCB,UK,,,,,Excavator,,,html,https://www.jcb.com/en-GB/explore/sustainability/b100-biodiesel/,,2026-06-14T16:46:56Z
Hydrogen,JCB,UK,,,,,Excavator,,,html,https://www.jcb.com/en-GB/industries/defence/,,2026-07-26T16:13:21Z
Hydrogen,JCB,UK,,,,,Excavator,,,html,https://www.jcb.com/en-GB/explore/insight/news/2026/02/jcb-supports-life-saving-heart-screening-in-memory-of-engineer/,,2026-03-29T15:45:50Z
Hydrogen,JCB,UK,,,,,Excavator,,,html,https://www.jcb.com/en-GB/industries/electric-solutions/generators/,,2026-08-02T16:12:13Z
Hydrogen,JCB,UK,,,,,Excavator,,,html,https://www.jcb.com/en-GB/industries/construction/tracked-excavators/,,2026-05-10T16:06:47Z
,Develon,South Korea,,,,,Excavator,,,html,https://eu.develon-ce.com/en/machines/dx490lc-7,,2026-07-05T16:18:45Z
,Develon,South Korea,,,,,Excavator,,,html,https://eu.develon-ce.com/en/machines/DX225LC-7X,,2026-08-02T16:13:04Z
,Develon,South Korea,,,,,Excavator,,,html,https://eu.develon-ce.com/fr/news,,2026-07-26T16:14:33Z
Battery,Develon,South Korea,,,,,Excavator,,,html,https://eu.develon-ce.com/en/news/2024-11-01-Develon-Celebrates-First-Customer-Demo-Days,,2026-08-09T15:45:02Z
Hydrogen,SANY,China,,,,,Excavator,,,html,https://www.sanyglobal.com/product/excavator/medium_excavator/114/,,2026-08-02T16:15:02Z
Hydrogen,SANY,China,,,,,Excavator,,,html,https://www.sanyglobal.com/product/excavator/large_excavator/115/,,2026-07-26T16:15:37Z
Hydrogen,SANY,China,,,,,Excavator,,,html,https://www.sanyglobal.com/product/excavator/medium_excavator/113/,,2026-06-07T16:47:11Z
Hydrogen,SANY,China,,,,,Excavator,,,html,https://www.sanyglobal.com/press_releases/4858/,,2026-05-10T16:09:30Z
Hydrogen,SANY,China,,,,,Excavator,,,html,https://www.sanyglobal.com/press_releases/4859/,,2026-05-17T16:12:11Z
Battery,XCMG,China,,,,,Wheel loader,,,html,https://www.xcmg.com/aboutus/news-detail-1128732.htm,,2026-03-29T15:48:40Z
Battery,XCMG,China,,,,,Wheel loader,,,html,https://www.xcmg.com/aboutus/news-detail-1128730.htm,,2026-03-29T15:48:41Z
Battery,XCMG,China,,,,,Wheel loader,,,html,https://www.xcmg.com/solution/sui-dao-shi-gong.htm,,2026-03-29T15:48:44Z
Battery,XCMG,China,,,,,Wheel loader,,,html,https://www.xcmg.com/product/pro-detail-138396.htm,,2026-04-05T15:51:37Z
Battery,XCMG,China,,,,,Wheel loader,,,html,https://www.xcmg.com/service/parts_service.htm,,2026-08-09T15:46:38Z
Battery,XCMG,China,,,,,Wheel loader,,,html,https://www.xcmg.com/product/pro-detail-138391.htm,,2026-03-29T15:49:01Z
Battery,XCMG,China,,,,,Wheel loader,,,html,https://www.xcmg.com/product/pro-detail-138395.htm,,2026-03-29T15:49:07Z
Hybrid,Komatsu,Japan,,,,,Excavator,,,HTML,https://www.komatsu.com/en-us/newsroom/2026/national-association-of-manufacturers-visits-komatsu-south-harbor-facility,,2026-05-17T16:06:37Z
Hybrid,Komatsu,Japan,,,,,Excavator,,,HTML,https://www.komatsu.com/en-us/terms-of-use,,2026-07-26T16:10:59Z
Hybrid,Komatsu,Japan,,,,,Excavator,,,HTML,https://www.komatsu.com/en-us/products/equipment/excavators/surface-mining-excavators/pc9000-12,,2026-07-26T16:10:53Z
Hybrid,Komatsu,Japan,,,,,Excavator,,,HTML,https://www.komatsu.com/en-us/modular-mining-legal-notices,,2026-08-09T15:40:26Z
Hybrid,Komatsu,Japan,,,,,Excavator,,,HTML,https://www.komatsu.com/en-us/newsroom/2026/komatsu-crowns-allen-cherrington-2026-advanced-technician-competition-champion,,2026-05-17T16:06:36Z
,Liebherr,Germany,,,,,Wheel loader,,,html,https://www.liebherr.com/en-us/n/keller-north-america-purchases-a-liebherr-lrb-23-piling-and-drilling-rig-at-conexpo-2026-246400-3782185,,2026-04-05T15:45:44Z
Hybrid,Liebherr,Germany,,,,,Wheel loader,,,html,https://www.liebherr.com/en-us/n/annual-report-2025-244864-3782185,,2026-04-05T15:45:47Z
,Liebherr,Germany,,,,,Wheel loader,,,html,https://www.liebherr.com/en-us/group/magazine/at-the-beating-heart-of-digitalisation-8867654,,2026-08-02T16:10:50Z
,Liebherr,Germany,,,,,Excavator,,,html,https://www.liebherr.com/en-us/group/products/solutions/liebherr-connect-7479057,,2026-08-09T15:41:36Z
,Liebherr,Germany,,,,,Wheel loader,,,html,https://www.liebherr.com/en-us/n/iceland-in-the-focus-liebherr-cranes-are-powering-growth-on-the-island-242305-3782185,,2026-04-05T15:45:56Z
,Liebherr,Germany,,,,,Wheel loader,,,html,https://www.liebherr.com/en-int/n/roll-out-liebherr-on-board-the-falcon-10x-243776-3935641,,2026-05-31T16:21:57Z
,Liebherr,Germany,,,,,Excavator,,,html,https://www.liebherr.com/en-us/n/if-design-award-2026-for-liebherr-wheeled-excavators-a-909-compact-and-a-911-compact-litronic-245120-3782185,,2026-04-05T15:46:07Z
,Liebherr,Germany,,,,,Wheel loader,,,html,https://www.liebherr.com/en-us/n/keller-north-america-purchases-a-liebherr-lrb-23-piling-and-drilling-rig-at-conexpo-2026-246400-3782185,,2026-04-05T15:46:15Z
Hybrid,Liebherr,Germany,,,,,Wheel loader,,,html,https://www.liebherr.com/en-us/n/annual-report-2025-244864-3782185,,2026-04-05T15:46:15Z
Battery,John Deere,USA,,,,,Excavator,,,html,https://www.deere.com/en/electric-equipment/,,2026-04-05T15:46:41Z
,John Deere,USA,,,,,Excavator,,,html,https://www.deere.com/en/finance/offers-discounts/shared/tractors/compact-tractors/1-series-sub-compact-tractors/1025r-offers/?cid=HOME_HERO,,2026-04-05T15:46:42Z
,John Deere,USA,,,,,Excavator,,,html,https://www.deere.com/en/global-country-selector/,,2026-04-05T15:46:44Z
,John Deere,USA,,,,,Excavator,,,html,https://www.deere.com/en/loaders/compact-track-loaders/,,2026-04-05T15:46:47Z
,John Deere,USA,,,,,Excavator,,,html,https://www.deere.com/en/finance/financing/landscaping-grounds-care/commercial-equipment/,,2026-06-28T16:23:15Z
,John Deere,USA,,,,,Excavator,,,html,https://www.deere.com/en/stories/featured/deere-x-mlb/,,2026-04-05T15:47:05Z
Battery,John Deere,USA,,,,,Excavator,,,html,https://www.deere.com/en/electric-equipment/,,2026-06-07T16:43:06Z
,John Deere,USA,,,,,Excavator,,,html,https://www.deere.com/en/global-country-selector/,,2026-06-28T16:23:11Z
,John Deere,USA,,,,,Excavator,,,html,https://www.deere.com/en/loaders/compact-track-loaders/,,2026-06-14T16:46:15Z
,John Deere,USA,,,,,Excavator,,,html,https://www.deere.com/en/stories/featured/repair-fact-vs-fiction/,,2026-04-05T15:47:18Z
Battery,Epiroc,Sweden,,,,,Excavator,,,html,https://www.epiroc.com/en-rs,,2026-07-19T16:06:37Z
Battery,Epiroc,Sweden,,,,,Excavator,,,html,https://www.epiroc.com/en-kr,,2026-08-02T16:11:36Z
Battery,Epiroc,Sweden,,,,,Excavator,,,html,https://www.epiroc.com/ru-tm,,2026-07-05T16:17:44Z
Battery,Epiroc,Sweden,,,,,Excavator,,,html,https://www.epiroc.com/en-nz,,2026-08-09T15:42:30Z
Hydrogen,JCB,UK,,,,,Excavator,,,html,https://www.jcb.com/en-GB/buy/finance-offers/,,2026-04-05T15:47:40Z
Hydrogen,JCB,UK,,,,,Excavator,,,html,https://www.jcb.com/en-GB/industries/municipalities/,,2026-04-05T15:47:44Z
Hydrogen,JCB,UK,,,,,Excavator,,,html,https://www.jcb.com/en-GB/industries/construction/dumpsters/,,2026-04-05T15:47:45Z
Hydrogen,JCB,UK,,,,,Excavator,,,html,https://www.jcb.com/en-GB/buy/finance-options/jcb-flexibuy/,,2026-04-05T15:47:48Z
Hydrogen,JCB,UK,,,,,Excavator,,,html,https://www.jcb.com/en-GB/products/attachments/quickhitches/,,2026-04-05T15:47:53Z
Hydrogen,JCB,UK,,,,,Excavator,,,html,https://www.jcb.com/en-GB/buy/finance-offers/,,2026-05-31T16:23:38Z
Hydrogen,JCB,UK,,,,,Excavator,,,html,https://www.jcb.com/en-GB/industries/municipalities/,,2026-04-05T15:48:04Z
Hydrogen,JCB,UK,,,,,Excavator,,,html,https://www.jcb.com/en-GB/industries/construction/dumpsters/,,2026-05-17T16:09:50Z
Hydrogen,JCB,UK,,,,,Excavator,,,html,https://www.jcb.com/en-GB/buy/finance-options/jcb-flexibuy/,,2026-07-19T16:07:14Z
Hydrogen,JCB,UK,,,,,Excavator,,,html,https://www.jcb.com/en-GB/products/attachments/quickhitches/,,2026-06-21T16:55:15Z
Hybrid,Develon,South Korea,,,,,Excavator,,,html,https://eu.develon-ce.com/en/machines/da30-7,,2026-04-05T15:48:29Z
,Develon,South Korea,,,,,Excavator,,,html,https://eu.develon-ce.com/en/dealer-locator,,2026-04-05T15:48:42Z
,Develon,South Korea,,,,,Excavator,,,html,https://eu.develon-ce.com/en/news/2026-02-27-GOS-Plant-Services-Appointed-Develon-Dealer-for-Wales,,2026-04-05T15:49:03Z
Hybrid,Develon,South Korea,,,,,Excavator,,,html,https://eu.develon-ce.com/en/machines/da30-7,,2026-07-05T16:19:32Z
,Develon,South Korea,,,,,Excavator,,,html,https://eu.develon-ce.com/en/dealer-locator,,2026-08-09T15:44:29Z
,Develon,South Korea,,,,,Excavator,,,html,https://eu.develon-ce.com/en/news/2026-02-27-GOS-Plant-Services-Appointed-Develon-Dealer-for-Wales,,2026-04-05T15:49:48Z
Hydrogen,SANY,China,,,,,Excavator,,,html,https://www.sanyglobal.com/press_releases/4857/,,2026-05-10T16:09:28Z
Battery,XCMG,China,,,,,Wheel loader,,,html,https://www.xcmg.com/product/pro-detail-138401.htm,,2026-04-12T15:55:21Z
Battery,Terex,Global,,,,,Dump truck,,,html,https://www.terex.com/en-in/home,,2026-08-02T16:16:35Z
Battery,Terex,Global,,,,,Dump truck,,,html,https://www.terex.com/it/pagina-principale,,2026-08-02T16:16:24Z
Battery,Terex,Global,,,,,Dump truck,,,html,https://www.terex.com/en/home,,2026-07-26T16:17:34Z
,CRRC,China,,,,,Mining,,,html,https://www.crrcgc.cc/es,,2026-04-12T15:59:09Z
Hybrid,Yutong,China,,,,,Excavator,,,html,https://en.yutong.com/pressmedia/news/2026/2036379672459218944.shtml,,2026-04-05T15:58:55Z
Hybrid,Komatsu,Japan,,,,,Excavator,,,HTML,https://www.komatsu.com/en-us/sitemap,,2026-08-09T15:40:28Z
Hybrid,Komatsu,Japan,,,,,Excavator,,,HTML,https://www.komatsu.com/en-us/modern-slavery-statement,,2026-08-09T15:40:31Z
Hybrid,Komatsu,Japan,,,,,Excavator,,,HTML,https://www.komatsu.com/en-us/social-media-channels,,2026-08-09T15:40:31Z
,Liebherr,Germany,,,,,Wheel loader,,,html,https://www.liebherr.com/en-us/n/the-year-in-review-248640-3782185,,2026-04-12T15:49:42Z
Battery,Liebherr,Germany,,,,,Excavator,,,html,https://www.liebherr.com/en-us/n/liebherr-exhibits-at-elko-mining-expo-2026-240576-3782185,,2026-04-12T15:49:44Z
,Liebherr,Germany,,,,,Wheel loader,,,html,https://www.liebherr.com/en-us/n/ecd-ny-inc-purchases-multiple-liebherr-machines-at-conexpo-2026-245889-3782185,,2026-04-12T15:50:03Z
,Liebherr,Germany,,,,,Wheel loader,,,html,https://www.liebherr.com/en-us/n/traylor-bros-inc-takes-delivery-of-the-liebherr-lr-1400-sx-at-conexpo-2026-246464-3782185,,2026-04-12T15:50:04Z
,Liebherr,Germany,,,,,Wheel loader,,,html,https://www.liebherr.com/en-us/n/two-ltm-1230-5-1-cranes-lift-pipe-bridge-over-motorway-245440-3782185,,2026-04-12T15:50:12Z
,Liebherr,Germany,,,,,Wheel loader,,,html,https://www.liebherr.com/en-us/n/the-year-in-review-248640-3782185,,2026-04-12T15:50:15Z
Battery,Liebherr,Germany,,,,,Excavator,,,html,https://www.liebherr.com/en-us/n/liebherr-exhibits-at-elko-mining-expo-2026-240576-3782185,,2026-04-12T15:50:15Z
,Liebherr,Germany,,,,,Wheel loader,,,html,https://www.liebherr.com/en-us/n/ecd-ny-inc-purchases-multiple-liebherr-machines-at-conexpo-2026-245889-3782185,,2026-04-12T15:50:22Z
,John Deere,USA,,,,,Excavator,,,html,https://www.deere.com/en/lawn-garden/,,2026-04-12T15:50:35Z
,John Deere,USA,,,,,Excavator,,,html,https://www.deere.com/en/#ls-canvas,,2026-06-21T16:54:07Z
Hybrid,John Deere,USA,,,,,Excavator,,,html,https://www.deere.com/en/dozers/,,2026-04-12T15:50:41Z
,John Deere,USA,,,,,Excavator,,,html,https://www.deere.com/en/finance/offers-discounts/shared/tractors/compact-tractors/1-series-sub-compact-tractors/1025r-offers/?cid=HOME_IMGPANEL_2,,2026-04-12T15:50:45Z
,John Deere,USA,,,,,Excavator,,,html,https://www.deere.com/en/finance/financing/lawn-garden/compact-tractors/,,2026-04-12T15:50:46Z
,John Deere,USA,,,,,Excavator,,,html,https://www.deere.com/en/lawn-garden/,,2026-06-21T16:54:33Z
,John Deere,USA,,,,,Excavator,,,html,https://www.deere.com/en/stories/featured/drew-miller/,,2026-04-12T15:50:58Z
Hybrid,John Deere,USA,,,,,Excavator,,,html,https://www.deere.com/en/dozers/,,2026-04-12T15:51:04Z
,John Deere,USA,,,,,Excavator,,,html,https://www.deere.com/en/finance/financing/lawn-garden/compact-tractors/,,2026-06-21T16:54:16Z
Hydrogen,JCB,UK,,,,,Excavator,,,html,https://www.jcb.com/en-GB/explore/insight/news/,,2026-04-12T15:51:46Z
Hydrogen,JCB,UK,,,,,Excavator,,,html,https://www.jcb.com/en-GB/explore/knowledge/quick-start-guides/,,2026-04-12T15:51:47Z
Hydrogen,JCB,UK,,,,,Excavator,,,html,https://www.jcb.com/en-GB/parts-and-service/service/machine-care/,,2026-04-12T15:51:47Z
Hydrogen,JCB,UK,,,,,Excavator,,,html,https://www.jcb.com/en-GB/explore/sustainability/electric/,,2026-04-12T15:51:48Z
Hydrogen,JCB,UK,,,,,Excavator,,,html,https://www.jcb.com/en-GB/products/attachments/agricultural-attachments/,,2026-04-12T15:51:56Z
Hydrogen,JCB,UK,,,,,Excavator,,,html,https://www.jcb.com/en-GB/explore/insight/news/2026/03/dawsongroup-buys-the-worlds-first-jcb-hydrogen-generator/,,2026-04-12T15:52:01Z
Hydrogen,JCB,UK,,,,,Excavator,,,html,https://www.jcb.com/en-GB/explore/insight/news/2026/04/dab-celebrates-25-years-with-jcb-x-series-investment/,,2026-05-03T16:00:53Z
Hydrogen,JCB,UK,,,,,Excavator,,,html,https://www.jcb.com/en-GB/explore/insight/news/,,2026-04-26T15:55:22Z
Hydrogen,JCB,UK,,,,,Excavator,,,html,https://www.jcb.com/en-GB/explore/knowledge/quick-start-guides/,,2026-04-12T15:52:08Z
Hydrogen,JCB,UK,,,,,Excavator,,,html,https://www.jcb.com/en-GB/parts-and-service/service/machine-care/,,2026-06-28T16:24:05Z
Hydrogen,JCB,UK,,,,,Excavator,,,html,https://www.jcb.com/en-GB/explore/sustainability/electric/,,2026-06-28T16:24:13Z
Hydrogen,JCB,UK,,,,,Excavator,,,html,https://www.jcb.com/en-GB/products/attachments/agricultural-attachments/,,2026-07-26T16:13:30Z
,Develon,South Korea,,,,,Excavator,,,html,https://eu.develon-ce.com/en/machines/pallet-forks-compact-wheel-loaders,,2026-05-17T16:10:32Z
,Develon,South Korea,,,,,Excavator,,,html,https://eu.develon-ce.com/en/news/2026-04-08-Develon-Raises-Site-Safety-to-New-Levels,,2026-04-12T15:52:36Z
,Develon,South Korea,,,,,Excavator,,,html,https://eu.develon-ce.com/en/machines/dx380dm-7,,2026-06-21T16:55:44Z
,Develon,South Korea,,,,,Excavator,,,html,https://eu.develon-ce.com/en/machines/dx140rdm-7,,2026-04-26T15:55:54Z
,Develon,South Korea,,,,,Excavator,,,html,https://eu.develon-ce.com/en/news/2026-04-08-Develon-Raises-Site-Safety-to-New-Levels,,2026-07-26T16:14:25Z
Battery,Develon,South Korea,,,,,Excavator,,,html,https://eu.develon-ce.com/en/news?page=33,,2026-08-02T16:14:06Z
Hydrogen,SANY,China,,,,,Excavator,,,html,https://www.sanyglobal.com/press_releases/4861/,,2026-05-24T16:16:22Z
Hydrogen,SANY,China,,,,,Excavator,,,html,https://www.sanyglobal.com/press_releases/4860/,,2026-05-17T16:12:17Z
,XCMG,China,,,,,Wheel loader,,,html,https://www.xcmg.com//aboutus/previewnews-detail-1128735.htm,,2026-04-19T15:56:00Z
Battery,XCMG,China,,,,,Wheel loader,,,html,https://www.xcmg.com/order/reset_pass.htm,,2026-08-02T16:15:18Z
Battery,XCMG,China,,,,,Wheel loader,,,html,https://www.xcmg.com/aboutus/news-detail-1128726.htm,,2026-04-12T15:54:58Z
Battery,XCMG,China,,,,,Wheel loader,,,html,https://www.xcmg.com/product/pro-list.htm?catId=1002000026,,2026-06-14T16:49:25Z
Battery,Terex,Global,,,,,Dump truck,,,html,https://www.terex.com/pt-br/home,,2026-08-02T16:16:27Z
Battery,Terex,Global,,,,,Dump truck,,,html,https://www.terex.com/en-gb/home,,2026-08-09T15:47:43Z
Battery,Terex,Global,,,,,Dump truck,,,html,https://www.terex.com/zh/home,,2026-08-02T16:16:33Z
Battery,Terex,Global,,,,,Dump truck,,,html,https://www.terex.com/es/inicio,,2026-08-02T16:16:32Z
Battery,Yutong,China,,,,,Excavator,,,html,https://en.yutong.com/technology/industry-insights/products/2026/2041706821445619712.shtml,,2026-04-26T16:04:47Z
Battery,Yutong,China,,,,,Excavator,,,html,https://en.yutong.com/pressmedia/news/2026/2041804063837917184.shtml,,2026-04-12T16:02:04Z
Hybrid,Yutong,China,,,,,Excavator,,,html,https://en.yutong.com/pressmedia/news/2026/2041436893719171072.shtml,,2026-04-12T16:02:24Z
Hydrogen,Doosan,Korea,,,,,Excavator,,,html,https://www.doosan.com/en/media-center/press-release_view/?id=20172782&page=0&,,2026-05-17T16:22:44Z
,BEML,India,,,,,Excavator,,,html,https://www.bemlindia.in/closure-of-trading-window/,,2026-08-09T15:58:46Z
Battery,Chetra,Russia,,,,,Excavator,,,html,https://chetra.ru/catalog/excavator/chetra-e520/,,2026-06-28T16:41:35Z
,Chetra,Russia,,,,,Excavator,,,html,https://chetra.ru/company/export/,,2026-08-09T16:02:22Z
Hybrid,Komatsu,Japan,,,,,Excavator,,,HTML,https://www.komatsu.com/en-us/newsroom/2026/komatsu-germany-mining-division-announces-global-launch-of-pc9000-hydraulic-mining-excavator,,2026-05-31T16:20:32Z
Hybrid,Komatsu,Japan,,,,,Excavator,,,HTML,https://www.komatsu.com/en-us/about,,2026-08-02T16:09:24Z
,Liebherr,Germany,,,,,Wheel loader,,,html,https://www.liebherr.com/en-us/n/jeh-aerospace-signs-long-term-agreement-with-liebherr-aerospace-for-precision-landing-gear-components-250304-3782185,,2026-04-19T15:51:01Z
,Liebherr,Germany,,,,,Wheel loader,,,html,https://www.liebherr.com/en-us/n/historic-milestone-liebherr-started-first-airbus-a350-nose-landing-gear-overhaul-251072-3782185,,2026-04-19T15:51:02Z
,Liebherr,Germany,,,,,Wheel loader,,,html,https://www.liebherr.com/en-us/n/liebherr-presents-its-latest-customer-service-solutions-at-mro-americas-2026-249536-3782185,,2026-04-19T15:51:09Z
,Liebherr,Germany,,,,,Wheel loader,,,html,https://www.liebherr.com/en-us/n/liebherr-aerospace-in-dubai-a-reliable-partner-250368-3782185,,2026-04-19T15:51:14Z
,Liebherr,Germany,,,,,Wheel loader,,,html,https://www.liebherr.com/en-us/n/historic-milestone-liebherr-started-first-airbus-a350-nose-landing-gear-overhaul-251072-3782185,,2026-04-19T15:51:17Z
,John Deere,USA,,,,,Excavator,,,html,https://www.deere.com/en/privacy-and-data/terms/,,2026-04-19T15:51:43Z
,John Deere,USA,,,,,Excavator,,,html,https://www.deere.com/en/scraper-systems/,,2026-04-19T15:51:46Z
,John Deere,USA,,,,,Excavator,,,html,https://www.deere.com/en/privacy-and-data/terms/,,2026-06-28T16:23:26Z
,John Deere,USA,,,,,Excavator,,,html,https://www.deere.com/en/scraper-systems/,,2026-04-19T15:52:19Z
Hydrogen,JCB,UK,,,,,Excavator,,,html,https://www.jcb.com/en-GB/explore/insight/news/2026/03/jcb-roars-into-an-exciting-new-era-in-australia/,,2026-04-19T15:53:03Z
Hydrogen,JCB,UK,,,,,Excavator,,,html,https://www.jcb.com/en-GB/explore/insight/news/2026/03/tru7-group-marks-60-years-with-special-jcb-anniversary-machines/,,2026-04-19T15:53:05Z
,Develon,South Korea,,,,,Excavator,,,html,https://eu.develon-ce.com/en/parts-and-services/financial-solutions#specialoffer,,2026-04-19T15:53:28Z
Battery,Develon,South Korea,,,,,Excavator,,,html,https://eu.develon-ce.com/en/machines/dx230lce-7,,2026-06-21T16:55:47Z
,Develon,South Korea,,,,,Excavator,,,html,https://eu.develon-ce.com/en/parts-and-services/financial-solutions#specialoffer,,2026-05-17T16:11:18Z
Hydrogen,SANY,China,,,,,Excavator,,,html,https://www.sanyglobal.com/press_releases/4862/,,2026-05-24T16:16:26Z
,XCMG,China,,,,,Wheel loader,,,html,https://www.xcmg.com/aboutus/news-detail-1128715.htm,,2026-04-19T15:56:13Z
Battery,XCMG,China,,,,,Wheel loader,,,html,https://www.xcmg.com/aboutus/news-detail-1128728.htm,,2026-05-24T16:16:58Z
Battery,Yutong,China,,,,,Excavator,,,html,https://en.yutong.com/pressmedia/news/2041804063837917184.shtml,,2026-04-19T16:03:15Z
Hybrid,Yutong,China,,,,,Excavator,,,html,https://en.yutong.com/pressmedia/news/2041436893719171072.shtml,,2026-05-17T16:21:51Z
,BEML,India,,,,,Excavator,,,html,https://www.bemlindia.in/large-corporate/,,2026-06-14T16:58:02Z
,Chetra,Russia,,,,,Excavator,,,html,https://chetra.ru/press-center/offers/tekhnika-chetra-so-skidkoy-do-35/,,2026-05-10T16:22:51Z
,Chetra,Russia,,,,,Excavator,,,html,https://chetra.ru/catalog/mining/,,2026-08-02T16:30:40Z
,Chetra,Russia,,,,,Excavator,,,html,https://chetra.ru/press-center/news/chetra-na-severe-den-partnyera-v-murmanske/,,2026-04-19T16:09:57Z
,Chetra,Russia,,,,,Excavator,,,html,https://chetra.ru/catalog/kommunal/mini-pogruzchik-chetra-mksm-1000m-1/,,2026-06-28T16:41:26Z
,John Deere,USA,,,,,Excavator,,,html,https://www.deere.com/en/finance/financing/multi-use-account/,,2026-04-26T15:54:18Z
,John Deere,USA,,,,,Excavator,,,html,https://www.deere.com/en/government-and-military-sales/non-governmental-organizations-purchasing/,,2026-04-26T15:54:25Z
,John Deere,USA,,,,,Excavator,,,html,https://www.deere.com/en/finance/financing/multi-use-account/,,2026-06-28T16:23:20Z
,John Deere,USA,,,,,Excavator,,,html,https://www.deere.com/en/government-and-military-sales/non-governmental-organizations-purchasing/,,2026-05-17T16:08:55Z
Battery,Epiroc,Sweden,,,,,Excavator,,,html,https://www.epiroc.com/ja-jp,,2026-08-09T15:42:39Z
Battery,Epiroc,Sweden,,,,,Excavator,,,html,https://www.epiroc.com/es-pe,,2026-07-05T16:17:46Z
Hydrogen,JCB,UK,,,,,Excavator,,,html,https://www.jcb.com/en-GB/explore/insight/livelink/,,2026-04-26T15:54:56Z
Hydrogen,JCB,UK,,,,,Excavator,,,html,https://www.jcb.com/en-GB/industries/municipalities/emergency-services/,,2026-04-26T15:54:56Z
Hydrogen,JCB,UK,,,,,Excavator,,,html,https://www.jcb.com/en-GB/industries/powertrain-for-oem/agriculture/,,2026-04-26T15:55:04Z
Hydrogen,JCB,UK,,,,,Excavator,,,html,https://www.jcb.com/en-GB/explore/insight/livelink/,,2026-07-26T16:13:16Z
Hydrogen,JCB,UK,,,,,Excavator,,,html,https://www.jcb.com/en-GB/industries/municipalities/emergency-services/,,2026-08-09T15:43:19Z
Hydrogen,JCB,UK,,,,,Excavator,,,html,https://www.jcb.com/en-GB/explore/insight/news/2026/04/tickets-on-sale-as-liv-golf-united-kingdom-presented-by-jcb-2026-extends-to-four-days/,,2026-04-26T15:55:14Z
Hydrogen,JCB,UK,,,,,Excavator,,,html,https://www.jcb.com/en-GB/explore/insight/news/2026/03/jcb-leads-the-way-with-new-renewable-excavator-fuel-option/,,2026-04-26T15:55:19Z
Hydrogen,JCB,UK,,,,,Excavator,,,html,https://www.jcb.com/en-GB/industries/powertrain-for-oem/agriculture/,,2026-06-21T16:55:12Z
,Develon,South Korea,,,,,Excavator,,,html,https://eu.develon-ce.com/en/machines/dx140lc-7k,,2026-07-05T16:18:46Z
,Develon,South Korea,,,,,Excavator,,,html,https://eu.develon-ce.com/en/machines/dx360lc-9,,2026-07-19T16:07:59Z
Hydrogen,SANY,China,,,,,Excavator,,,html,https://www.sanyglobal.com/press_releases/4863/,,2026-05-31T16:26:02Z
Hydrogen,SANY,China,,,,,Excavator,,,html,https://www.sanyglobal.com/press_releases/4864/,,2026-06-07T16:47:20Z
Battery,XCMG,China,,,,,Wheel loader,,,html,https://www.xcmg.com/product/pro-detail-138440.htm,,2026-04-26T15:58:32Z
Battery,XCMG,China,,,,,Wheel loader,,,html,https://www.xcmg.com/aboutus/news-detail-1128740.htm,,2026-04-26T15:58:35Z
Battery,Terex,Global,,,,,Dump truck,,,html,https://www.terex.com/de/home,,2026-06-14T16:50:54Z
Hybrid,Yutong,China,,,,,Excavator,,,html,https://en.yutong.com/products/IC12E_2026.shtml,,2026-08-09T15:54:54Z
Battery,Yutong,China,,,,,Excavator,,,html,https://en.yutong.com/pressmedia/news/2046116011295510528.shtml,,2026-05-17T16:21:13Z
,BEML,India,,,,,Excavator,,,html,https://www.bemlindia.in/beml-unveils-indias-first-indigenous-35-ton-electric-dump-truck-advancing-green-mining-solutions/,,2026-08-02T16:25:07Z
,BEML,India,,,,,Excavator,,,html,https://www.bemlindia.in/beml-and-dmrc-form-strategic-alliance-for-metro-rail-projects-in-india-and-abroad/,,2026-06-07T16:55:58Z
,Chetra,Russia,,,,,Excavator,,,html,https://chetra.ru/press-center/news/rossiyskoe-proizvodstvo-dlya-gornoy-otrasli-otvet-na-vyzovy-vremeni/,,2026-05-03T16:17:16Z
,Chetra,Russia,,,,,Excavator,,,html,https://chetra.ru/catalog/municipal/pm-901/,,2026-05-17T16:28:28Z
Hybrid,Komatsu,Japan,,,,,Excavator,,,HTML,https://www.komatsu.com/en-us/products/equipment/industrial-minerals-equipment,,2026-08-09T15:40:25Z
Hybrid,Komatsu,Japan,,,,,Excavator,,,HTML,https://www.komatsu.com/en-us/products/equipment/machine-tools,,2026-08-09T15:40:34Z
Hybrid,Komatsu,Japan,,,,,Excavator,,,HTML,https://www.komatsu.com/en-us/newsroom/2026/komatsu-becomes-first-oem-to-commission-1000-ultra-class-autonomous-haul-trucks,,2026-05-17T16:06:43Z
,Liebherr,Germany,,,,,Wheel loader,,,html,https://www.liebherr.com/en-us/n/off-to-new-horizons-–-trainees-successfully-completed-liebherr’s-global-trainee-program-252224-3782185,,2026-05-03T15:58:42Z
,Liebherr,Germany,,,,,Wheel loader,,,html,https://www.liebherr.com/en-us/group/annual-reports/annual-report-2025/home-8750848,,2026-07-26T16:12:11Z
,Liebherr,Germany,,,,,Wheel loader,,,html,https://www.liebherr.com/en-us/n/where-partnership-meets-performance-city-lifting-erects-the-uk’s-first-195-hc-lh-251840-3782185,,2026-05-03T15:58:53Z
,Liebherr,Germany,,,,,Wheel loader,,,html,https://www.liebherr.com/en-us/n/liebherr-supplies-first-nose-landing-gear-for-commercial-freighter-aircraft-253440-3782185,,2026-05-03T15:58:54Z
,Liebherr,Germany,,,,,Wheel loader,,,html,https://www.liebherr.com/en-us/n/innovative-technology-new-machine-for-additive-manufacturing-at-liebherr-aerospace-in-campsas-252160-3782185,,2026-05-03T15:59:04Z
,Liebherr,Germany,,,,,Wheel loader,,,html,https://www.liebherr.com/en-us/n/off-to-new-horizons-–-trainees-successfully-completed-liebherr’s-global-trainee-program-252224-3782185,,2026-05-03T15:59:08Z
,Liebherr,Germany,,,,,Wheel loader,,,html,https://www.liebherr.com/en-us/n/liebherr-supplies-first-nose-landing-gear-for-commercial-freighter-aircraft-253440-3782185,,2026-05-03T15:59:12Z
,Liebherr,Germany,,,,,Wheel loader,,,html,https://www.liebherr.com/en-us/n/liebherr-wins-esta-awards-in-the-‘safety’-and-‘training’-categories-252162-3782185,,2026-05-03T15:59:16Z
Hydrogen,Liebherr,Germany,,,,,Excavator,,,html,https://www.liebherr.com/en-us/n/100000th-wheel-loader-marks-a-milestone-liebherr-celebrates-with-stork-at-its-bischofshofen-plant-253761-3782185,,2026-05-03T15:59:19Z
,John Deere,USA,,,,,Excavator,,,html,https://www.deere.com/en/excavators/all-in/?cid=HOME_IMGPANEL_1,,2026-05-03T15:59:32Z
Hybrid,John Deere,USA,,,,,Excavator,,,html,https://www.deere.com/en/mowers/riding-reel-mowers/,,2026-05-03T15:59:34Z
,John Deere,USA,,,,,Excavator,,,html,https://www.deere.com/en/swing-machines/,,2026-05-03T15:59:35Z
Hybrid,John Deere,USA,,,,,Excavator,,,html,https://www.deere.com/en/sprayers/see-spray-gen-2/?cid=HOME_IMGPANEL_2,,2026-05-03T15:59:36Z
,John Deere,USA,,,,,Excavator,,,html,https://www.deere.com/en/parts-and-service/parts/commercial-mowing-parts/,,2026-05-03T15:59:38Z
Hybrid,John Deere,USA,,,,,Excavator,,,html,https://www.deere.com/en/mowers/riding-reel-mowers/,,2026-06-21T16:54:33Z
,John Deere,USA,,,,,Excavator,,,html,https://www.deere.com/en/swing-machines/,,2026-05-24T16:12:41Z
,John Deere,USA,,,,,Excavator,,,html,https://www.deere.com/en/parts-and-service/parts/commercial-mowing-parts/,,2026-05-03T15:59:55Z
Battery,Epiroc,Sweden,,,,,Excavator,,,html,https://www.epiroc.com/en-bw,,2026-06-28T16:23:34Z
Battery,Epiroc,Sweden,,,,,Excavator,,,html,https://www.epiroc.com/es-co,,2026-07-05T16:17:48Z
Battery,Epiroc,Sweden,,,,,Excavator,,,html,https://www.epiroc.com/en-kw,,2026-08-02T16:11:31Z
Hydrogen,JCB,UK,,,,,Excavator,,,html,https://www.jcb.com/en-GB/buy/finance-offers/jcb-wheel-loader-offer/,,2026-06-07T16:44:16Z
Hydrogen,JCB,UK,,,,,Excavator,,,html,https://www.jcb.com/en-GB/industries/municipalities/public-building-maintenance/,,2026-05-03T16:00:27Z
Hydrogen,JCB,UK,,,,,Excavator,,,html,https://www.jcb.com/en-GB/explore/engage/factory-tour/,,2026-05-03T16:00:30Z
Hydrogen,JCB,UK,,,,,Excavator,,,html,https://www.jcb.com/en-GB/products/powertrain-for-oem/transfer-boxes/,,2026-05-03T16:00:31Z
Hydrogen,JCB,UK,,,,,Excavator,,,html,https://www.jcb.com/en-GB/industries/municipalities/public-building-maintenance/,,2026-07-26T16:13:30Z
Hydrogen,JCB,UK,,,,,Excavator,,,html,https://www.jcb.com/en-GB/explore/engage/factory-tour/,,2026-08-09T15:43:23Z
Hydrogen,JCB,UK,,,,,Excavator,,,html,https://www.jcb.com/en-GB/products/powertrain-for-oem/transfer-boxes/,,2026-06-28T16:24:02Z
Hydrogen,JCB,UK,,,,,Excavator,,,html,https://www.jcb.com/en-GB/explore/insight/news/2026/03/jcb-searches-for-uks-best-operators-in-2026-challenge/,,2026-05-03T16:00:53Z
Hydrogen,JCB,UK,,,,,Excavator,,,html,https://www.jcb.com/en-GB/parts-and-service/parts/powertrain-components/,,2026-07-19T16:07:13Z
,Develon,South Korea,,,,,Excavator,,,html,https://eu.develon-ce.com/en/machines/dx62r-7,,2026-06-14T16:47:41Z
,Develon,South Korea,,,,,Excavator,,,html,https://eu.develon-ce.com/en/machines/dl420-7,,2026-08-09T15:43:39Z
,Develon,South Korea,,,,,Excavator,,,html,https://eu.develon-ce.com/en/news/2026-04-08-Develon-Focuses-on-Growth-at-2026-European-Dealer-Conference,,2026-07-26T16:14:41Z
Hydrogen,SANY,China,,,,,Excavator,,,html,https://www.sanyglobal.com/press_releases/4865/,,2026-06-07T16:47:22Z
Battery,XCMG,China,,,,,Wheel loader,,,html,https://www.xcmg.com/product/pro-detail-138447.htm,,2026-05-03T16:03:59Z
Battery,XCMG,China,,,,,Wheel loader,,,html,https://www.xcmg.com/product/pro-detail-138444.htm,,2026-05-03T16:04:08Z
Battery,Terex,Global,,,,,Dump truck,,,html,https://www.terex.com/fr/home,,2026-07-12T16:13:38Z
Hybrid,Terex,Global,,,,,Dump truck,,,HTML,https://www.terex.com/en/footer/company/press-releases,,2026-07-12T16:13:40Z
Battery,Chetra,Russia,,,,,Excavator,,,html,https://chetra.ru/catalog/excavator/,,2026-08-09T16:01:33Z
,Chetra,Russia,,,,,Excavator,,,html,https://chetra.ru/catalog/buldozers/chetra-t9/,,2026-06-28T16:41:27Z
Hybrid,Komatsu,Japan,,,,,Excavator,,,HTML,https://www.komatsu.com/en-us/cookie-policy,,2026-08-09T15:40:21Z
Hybrid,Komatsu,Japan,,,,,Excavator,,,HTML,https://www.komatsu.com/en/news/,,2026-05-10T16:03:57Z
Hybrid,Komatsu,Japan,,,,,Excavator,,,HTML,https://www.komatsu.com/en-ae/industries,,2026-08-09T15:40:44Z
Hybrid,Komatsu,Japan,,,,,Excavator,,,HTML,https://www.komatsu.com/en-ae/products,,2026-08-09T15:40:36Z
Hybrid,Komatsu,Japan,,,,,Excavator,,,HTML,https://www.komatsu.com/en-ae/code-of-business-conduct,,2026-08-09T15:40:43Z
Hybrid,Komatsu,Japan,,,,,Excavator,,,HTML,https://www.komatsu.com/en-ae/privacy-notices-and-policies,,2026-08-09T15:40:37Z
Hybrid,Komatsu,Japan,,,,,Excavator,,,HTML,https://www.komatsu.com/en-ae/careers,,2026-08-09T15:40:47Z
Hybrid,Komatsu,Japan,,,,,Excavator,,,HTML,https://www.komatsu.com/en-ae/about,,2026-08-09T15:40:38Z
Hybrid,Komatsu,Japan,,,,,Excavator,,,HTML,https://www.komatsu.com/en-ae/region,,2026-08-09T15:40:46Z
Hybrid,Komatsu,Japan,,,,,Excavator,,,HTML,https://www.komatsu.com/en-ae/social-media-channels,,2026-08-09T15:40:39Z
Hybrid,Komatsu,Japan,,,,,Excavator,,,HTML,https://www.komatsu.com/en-ae/komatsu-locator,,2026-08-09T15:40:42Z
Hybrid,Komatsu,Japan,,,,,Excavator,,,HTML,https://www.komatsu.com/en-ae/contact-us,,2026-08-09T15:40:43Z
Hybrid,Komatsu,Japan,,,,,Excavator,,,HTML,https://www.komatsu.com/en-ae/daichi-magazine,,2026-08-09T15:40:40Z
Hybrid,Komatsu,Japan,,,,,Excavator,,,HTML,https://www.komatsu.com/en-ae/technology,,2026-08-09T15:40:48Z
Hybrid,Komatsu,Japan,,,,,Excavator,,,HTML,https://www.komatsu.com/en-ae/competitive-comparison,,2026-08-09T15:40:48Z
Hybrid,Komatsu,Japan,,,,,Excavator,,,HTML,https://www.komatsu.com/en-ae/newsroom,,2026-08-09T15:40:37Z
Hybrid,Komatsu,Japan,,,,,Excavator,,,HTML,https://www.komatsu.com/en-ae/terms-and-conditions,,2026-08-09T15:40:41Z
Hybrid,Komatsu,Japan,,,,,Excavator,,,HTML,https://www.komatsu.com/en-ae/request-a-quote,,2026-08-09T15:40:38Z
Hybrid,Komatsu,Japan,,,,,Excavator,,,HTML,https://www.komatsu.com/en-ae/services,,2026-08-09T15:40:36Z
Hybrid,Komatsu,Japan,,,,,Excavator,,,HTML,https://www.komatsu.com/en-ae/products/spare-parts,,2026-08-09T15:40:39Z
Hybrid,Komatsu,Japan,,,,,Excavator,,,HTML,https://www.komatsu.com/en-ae,,2026-08-09T15:40:41Z
Hybrid,Komatsu,Japan,,,,,Excavator,,,HTML,https://www.komatsu.com/en-ae/cookie-policy,,2026-08-09T15:40:44Z
Hybrid,Komatsu,Japan,,,,,Excavator,,,HTML,https://www.komatsu.com/en/news/,,2026-08-09T15:40:45Z
Hybrid,Komatsu,Japan,,,,,Excavator,,,HTML,https://www.komatsu.com/en/news/#id=menu-country-selector,,2026-08-09T15:40:46Z
Battery,Liebherr,Germany,,,,,Wheel loader,,,html,https://www.liebherr.com/en-us/n/lhdismantle-automated-disassembly-of-high-voltage-batteries-253061-3782185,,2026-05-10T16:04:53Z
,Liebherr,Germany,,,,,Wheel loader,,,html,https://www.liebherr.com/en-us/n/overcoming-ice-tight-spaces-and-other-extremes-254467-3782185,,2026-05-10T16:04:58Z
,Liebherr,Germany,,,,,Wheel loader,,,html,https://www.liebherr.com/en-us/n/greater-safety-and-efficiency-with-retrofittable-camera-systems-by-liebherr-253059-3782185,,2026-05-10T16:05:00Z
Battery,Liebherr,Germany,,,,,Wheel loader,,,html,https://www.liebherr.com/en-us/n/press-kit-ifat-2026-252353-3782185,,2026-05-10T16:05:04Z
Hybrid,Liebherr,Germany,,,,,Wheel loader,,,html,https://www.liebherr.com/en-us/n/powerful-and-sustainable-liebherr-wheel-loaders-at-ifat-2026-253057-3782185,,2026-05-10T16:05:11Z
,Liebherr,Germany,,,,,Wheel loader,,,html,https://www.liebherr.com/en-us/n/overcoming-ice-tight-spaces-and-other-extremes-254467-3782185,,2026-05-10T16:05:18Z
Battery,Liebherr,Germany,,,,,Wheel loader,,,html,https://www.liebherr.com/en-us/n/press-kit-ifat-2026-252353-3782185,,2026-05-17T16:07:59Z
Hybrid,John Deere,USA,,,,,Excavator,,,html,https://www.deere.com/en/news/all-news/cfo-announcement/,,2026-05-10T16:05:54Z
,John Deere,USA,,,,,Excavator,,,html,https://www.deere.com/en/stories/featured/tractor-evolution/,,2026-06-14T16:46:12Z
,John Deere,USA,,,,,Excavator,,,html,https://www.deere.com/en/stories/featured/illinois-operations/,,2026-05-10T16:06:00Z
,John Deere,USA,,,,,Excavator,,,html,https://www.deere.com/en/stories/featured/first-robotics-sarah/,,2026-06-28T16:23:20Z
Hydrogen,JCB,UK,,,,,Excavator,,,html,https://www.jcb.com/en-GB/explore/engage/,,2026-05-10T16:06:35Z
Hydrogen,JCB,UK,,,,,Excavator,,,html,https://www.jcb.com/en-GB/industries/construction/wheeled-excavators/,,2026-05-10T16:06:38Z
Hydrogen,JCB,UK,,,,,Excavator,,,html,https://www.jcb.com/en-GB/industries/powertrain-for-oem/marine/,,2026-05-10T16:06:44Z
Hydrogen,JCB,UK,,,,,Excavator,,,html,https://www.jcb.com/en-GB/explore/insight/news/2026/04/scotts-hire-hits-century-with-major-jcb-order/,,2026-05-10T16:06:48Z
Hydrogen,JCB,UK,,,,,Excavator,,,html,https://www.jcb.com/en-GB/explore/engage/,,2026-06-21T16:55:14Z
Hydrogen,JCB,UK,,,,,Excavator,,,html,https://www.jcb.com/en-GB/industries/construction/wheeled-excavators/,,2026-06-21T16:55:25Z
Hydrogen,JCB,UK,,,,,Excavator,,,html,https://www.jcb.com/en-GB/industries/powertrain-for-oem/marine/,,2026-08-09T15:43:11Z
,Develon,South Korea,,,,,Excavator,,,html,https://eu.develon-ce.com/en/news/2026-04-08-New-Arrivals-at-the-Develon-Merchandise-Store,,2026-05-10T16:07:16Z
,Develon,South Korea,,,,,Excavator,,,html,https://eu.develon-ce.com/en/products/attachments,,2026-05-10T16:07:32Z
Battery,Develon,South Korea,,,,,Excavator,,,html,https://eu.develon-ce.com/en/machines/dx23e,,2026-08-02T16:12:59Z
,Develon,South Korea,,,,,Excavator,,,html,https://eu.develon-ce.com/en/news/2026-04-08-New-Arrivals-at-the-Develon-Merchandise-Store,,2026-07-19T16:08:50Z
,Develon,South Korea,,,,,Excavator,,,html,https://eu.develon-ce.com/en/products/attachments,,2026-07-12T16:11:12Z
,Develon,South Korea,,,,,Excavator,,,html,https://eu.develon-ce.com/en/machines/DX160LC-7-HT,,2026-07-26T16:14:29Z
Battery,XCMG,China,,,,,Wheel loader,,,html,https://www.xcmg.com/product/pro-detail-138458.htm,,2026-05-10T16:09:51Z
Battery,XCMG,China,,,,,Wheel loader,,,html,https://www.xcmg.com/product/pro-detail-138464.htm,,2026-05-10T16:10:06Z
Battery,XCMG,China,,,,,Wheel loader,,,html,https://www.xcmg.com/product/pro-detail-138457.htm,,2026-05-10T16:10:11Z
Battery,XCMG,China,,,,,Wheel loader,,,html,https://www.xcmg.com/product/pro-detail-138460.htm,,2026-05-10T16:10:13Z
Battery,XCMG,China,,,,,Wheel loader,,,html,https://www.xcmg.com/product/pro-detail-138462.htm,,2026-05-24T16:16:37Z
Battery,XCMG,China,,,,,Wheel loader,,,html,https://www.xcmg.com/aboutus/news-detail-1128750.htm,,2026-05-10T16:10:18Z
Battery,XCMG,China,,,,,Wheel loader,,,html,https://www.xcmg.com/product/pro-detail-138465.htm,,2026-05-24T16:16:46Z
,Liebherr,Germany,,,,,Excavator,,,html,https://www.liebherr.com/en-us/mining-equipment/equipment/mining-excavators/r9100-g8-case-study-8873149,,2026-08-02T16:10:47Z
,Liebherr,Germany,,,,,Wheel loader,,,html,https://www.liebherr.com/en-us/n/2025-at-a-glance-–-five-key-insights-from-the-liebherr-group-254528-3782185,,2026-05-17T16:07:47Z
,Liebherr,Germany,,,,,Wheel loader,,,html,https://www.liebherr.com/en-us/n/uninterrupted-uptime-leads-pd-ports-to-expand-operations-with-a-third-electric-lps-550-255424-3782185,,2026-05-17T16:07:53Z
,Liebherr,Germany,,,,,Wheel loader,,,html,https://www.liebherr.com/en-us/n/liebherr-aerospace-strengthens-its-customer-service-capabilities-in-china-256064-3782185,,2026-05-17T16:07:56Z
Hybrid,Liebherr,Germany,,,,,Wheel loader,,,html,https://www.liebherr.com/en-us/n/liebherr-usa-co-mobile-and-crawler-cranes-receives-environmental-award-from-scra-256256-3782185,,2026-05-17T16:08:02Z
Hydrogen,Liebherr,Germany,,,,,Excavator,,,html,https://www.liebherr.com/en-us/n/five-ways-liebherr-is-shaping-the-future-256768-3782185,,2026-05-17T16:08:03Z
,Liebherr,Germany,,,,,Wheel loader,,,html,https://www.liebherr.com/en-us/n/from-shop-floor-to-field-service-meet-jason-briggs-255936-3782185,,2026-05-17T16:08:05Z
,Liebherr,Germany,,,,,Excavator,,,html,https://www.liebherr.com/en-us/n/liebherr-wheeled-excavators-a-909-compact-and-a-911-compact-litronic-receive-red-dot-best-of-the-best-2026-highest-red-dot-design-award-honour-255552-3782185,,2026-08-09T15:41:39Z
,Liebherr,Germany,,,,,Wheel loader,,,html,https://www.liebherr.com/en-us/n/uninterrupted-uptime-leads-pd-ports-to-expand-operations-with-a-third-electric-lps-550-255424-3782185,,2026-05-17T16:08:13Z
,Liebherr,Germany,,,,,Wheel loader,,,html,https://www.liebherr.com/en-us/n/liebherr-aerospace-strengthens-its-customer-service-capabilities-in-china-256064-3782185,,2026-05-17T16:08:15Z
Hybrid,Liebherr,Germany,,,,,Wheel loader,,,html,https://www.liebherr.com/en-us/n/liebherr-usa-co-mobile-and-crawler-cranes-receives-environmental-award-from-scra-256256-3782185,,2026-05-17T16:08:17Z
Hydrogen,Liebherr,Germany,,,,,Excavator,,,html,https://www.liebherr.com/en-us/n/five-ways-liebherr-is-shaping-the-future-256768-3782185,,2026-05-17T16:08:17Z
,Liebherr,Germany,,,,,Wheel loader,,,html,https://www.liebherr.com/en-us/n/from-shop-floor-to-field-service-meet-jason-briggs-255936-3782185,,2026-05-17T16:08:17Z
,John Deere,USA,,,,,Excavator,,,html,https://www.deere.com/en/excavators/all-in/?cid=HOME_IMGPANEL_3,,2026-05-17T16:08:30Z
Hybrid,John Deere,USA,,,,,Excavator,,,html,https://www.deere.com/en/news/all-news/first-partnership/,,2026-05-17T16:08:45Z
,John Deere,USA,,,,,Excavator,,,html,https://www.deere.com/en/stories/featured/celebrating-america-250/,,2026-05-17T16:08:58Z
Hydrogen,JCB,UK,,,,,Excavator,,,html,https://www.jcb.com/en-GB/explore/insight/news/2026/05/jcb-adds-dual-drive-technology-to-site-dumper-range/,,2026-05-17T16:09:36Z
Hydrogen,JCB,UK,,,,,Excavator,,,html,https://www.jcb.com/en-GB/explore/insight/news/?page=39,,2026-05-17T16:09:46Z
,Develon,South Korea,,,,,Excavator,,,html,https://eu.develon-ce.com/en/news/2026-05-12-Develon-Expands-Dozer-Line-up-with-New-DD100-for-Precision-Grading,,2026-05-17T16:10:01Z
,Develon,South Korea,,,,,Excavator,,,html,https://eu.develon-ce.com/en/machines/DX225LC-7-SLR,,2026-05-17T16:10:12Z
,Develon,South Korea,,,,,Excavator,,,html,https://eu.develon-ce.com/en/machines/dx245nhd-7,,2026-06-21T16:56:01Z
,Develon,South Korea,,,,,Excavator,,,html,https://eu.develon-ce.com/en/news/2026-05-12-Develon-Expands-Dozer-Line-up-with-New-DD100-for-Precision-Grading,,2026-07-12T16:11:01Z
Hydrogen,SANY,China,,,,,Excavator,,,html,https://www.sanyglobal.com/press_releases/4866/,,2026-05-31T16:25:50Z
Hydrogen,SANY,China,,,,,Excavator,,,html,https://www.sanyglobal.com/press_releases/4868/,,2026-06-07T16:47:21Z
Hydrogen,SANY,China,,,,,Excavator,,,html,https://www.sanyglobal.com/press_releases/4867/,,2026-06-07T16:47:13Z
Battery,XCMG,China,,,,,Wheel loader,,,html,https://www.xcmg.com/product/pro-detail-138469.htm,,2026-05-17T16:12:41Z
Battery,XCMG,China,,,,,Wheel loader,,,html,https://www.xcmg.com/aboutus/news-detail-1128770.htm,,2026-06-14T16:49:34Z
Battery,XCMG,China,,,,,Wheel loader,,,html,https://www.xcmg.com/product/pro-detail-138468.htm,,2026-05-17T16:12:45Z
Battery,XCMG,China,,,,,Wheel loader,,,html,https://www.xcmg.com/aboutus/news-detail-1128759.htm,,2026-05-17T16:12:50Z
Hydrogen,Yutong,China,,,,,Excavator,,,html,https://en.yutong.com/pressmedia/news/2049407140786999296.shtml,,2026-05-17T16:21:23Z
,Liebherr,Germany,,,,,Wheel loader,,,html,https://www.liebherr.com/en-us/n/myliebherr-maintenance-performance-manage-machines-digitally-259776-3782185,,2026-05-24T16:11:22Z
,Liebherr,Germany,,,,,Wheel loader,,,html,https://www.liebherr.com/en-us/n/premiere-for-liebherr-and-haeco-first-landing-gear-overhaul-for-“soaring-phoenix”-260096-3782185,,2026-05-24T16:11:24Z
,Liebherr,Germany,,,,,Wheel loader,,,html,https://www.liebherr.com/en-us/n/precision-under-pressure-258688-3782185,,2026-05-24T16:11:29Z
,Liebherr,Germany,,,,,Wheel loader,,,html,https://www.liebherr.com/en-us/n/liebherr-and-finnair-sign-airbus-a350-nose-landing-gear-overhaul-agreement-260736-3782185,,2026-05-24T16:11:31Z
Battery,Liebherr,Germany,,,,,Wheel loader,,,html,https://www.liebherr.com/en-us/n/liebherr-presents-its-latest-customer-service-solutions-at-mro-greater-china-2026-258816-3782185,,2026-05-24T16:11:33Z
Hybrid,Liebherr,Germany,,,,,Wheel loader,,,html,https://www.liebherr.com/en-us/n/liebherr-officially-opens-digital-solutions-campus-in-hamburg-during-toc-europe-260864-3782185,,2026-05-24T16:11:36Z
,Liebherr,Germany,,,,,Wheel loader,,,html,https://www.liebherr.com/en-us/n/first-liccon3-crane-in-ghana-baj-freight-and-logistics-expands-fleet-with-a-liebherr-ltm-1100-5-3-260289-3782185,,2026-05-24T16:11:54Z
,Liebherr,Germany,,,,,Wheel loader,,,html,https://www.liebherr.com/en-us/n/part-identification-and-ordering-in-seconds-259968-3782185,,2026-05-24T16:11:57Z
,Liebherr,Germany,,,,,Wheel loader,,,html,https://www.liebherr.com/en-us/n/myliebherr-maintenance-performance-manage-machines-digitally-259776-3782185,,2026-05-24T16:11:58Z
Hybrid,Liebherr,Germany,,,,,Wheel loader,,,html,https://www.liebherr.com/en-us/n/liebherr-officially-opens-digital-solutions-campus-in-hamburg-during-toc-europe-260864-3782185,,2026-05-24T16:12:00Z
,Liebherr,Germany,,,,,Wheel loader,,,html,https://www.liebherr.com/en-us/n/part-identification-and-ordering-in-seconds-259968-3782185,,2026-05-24T16:12:11Z
Hybrid,John Deere,USA,,,,,Excavator,,,html,https://www.deere.com/en/sprayers/see-spray-gen-2/?cid=HOME_IMGPANEL_3,,2026-05-24T16:12:28Z
,John Deere,USA,,,,,Excavator,,,html,https://www.deere.com/en/pipelayers/,,2026-05-24T16:12:28Z
,John Deere,USA,,,,,Excavator,,,html,https://www.deere.com/en/pipelayers/,,2026-05-31T16:22:37Z
Battery,Epiroc,Sweden,,,,,Excavator,,,html,https://www.epiroc.com/en-in/contact/bangladesh,,2026-07-19T16:06:34Z
Hydrogen,JCB,UK,,,,,Excavator,,,html,https://www.jcb.com/en-GB/explore/newsroom/,,2026-05-24T16:13:12Z
Hydrogen,JCB,UK,,,,,Excavator,,,html,https://www.jcb.com/en-GB/buy/finance-options/fixed-rate-hire-purchase/,,2026-05-24T16:13:15Z
Hydrogen,JCB,UK,,,,,Excavator,,,html,https://www.jcb.com/en-GB/industries/waste-and-recycling/wheeled-excavators/,,2026-05-24T16:13:23Z
Hydrogen,JCB,UK,,,,,Excavator,,,html,https://www.jcb.com/en-GB/industries/powertrain-for-oem/material-processing/,,2026-05-24T16:13:26Z
Hydrogen,JCB,UK,,,,,Excavator,,,html,https://www.jcb.com/en-GB/explore/newsroom/,,2026-07-26T16:13:24Z
Hydrogen,JCB,UK,,,,,Excavator,,,html,https://www.jcb.com/en-GB/buy/finance-options/fixed-rate-hire-purchase/,,2026-07-19T16:07:23Z
Hydrogen,JCB,UK,,,,,Excavator,,,html,https://www.jcb.com/en-GB/industries/waste-and-recycling/wheeled-excavators/,,2026-05-24T16:13:43Z
Hydrogen,JCB,UK,,,,,Excavator,,,html,https://www.jcb.com/en-GB/industries/powertrain-for-oem/material-processing/,,2026-07-26T16:13:25Z
Hydrogen,JCB,UK,,,,,Excavator,,,html,https://www.jcb.com/en-GB/explore/insight/news/2026/05/g60rs-h-delivers-renewable-clean-power-generation-from-jcb/,,2026-05-24T16:13:49Z
Hydrogen,JCB,UK,,,,,Excavator,,,html,https://www.jcb.com/en-GB/explore/insight/news/?page=38,,2026-05-24T16:13:52Z
,Develon,South Korea,,,,,Excavator,,,html,https://eu.develon-ce.com/en/news/2024-11-01-Develon-at-SIM-2024,,2026-05-24T16:14:03Z
,Develon,South Korea,,,,,Excavator,,,html,https://eu.develon-ce.com/en/machines/dx210-7,,2026-05-24T16:14:14Z
,Develon,South Korea,,,,,Excavator,,,html,https://eu.develon-ce.com/en/news/2024-11-01-Develon-at-SIM-2024,,2026-05-24T16:14:59Z
Hydrogen,SANY,China,,,,,Excavator,,,html,https://www.sanyglobal.com/press_releases/4870/,,2026-06-07T16:47:19Z
Hydrogen,SANY,China,,,,,Excavator,,,html,https://www.sanyglobal.com/press_releases/4869/,,2026-06-07T16:47:21Z
Battery,XCMG,China,,,,,Wheel loader,,,html,https://www.xcmg.com/product/pro-detail-138463.htm,,2026-05-24T16:17:07Z
Battery,Yutong,China,,,,,Excavator,,,html,https://en.yutong.com/pressmedia/news/2056299096083402752.shtml,,2026-05-31T16:33:49Z
Hydrogen,Yutong,China,,,,,Excavator,,,html,https://en.yutong.com/pressmedia/news/2056304884822708224.shtml,,2026-05-24T16:23:27Z
Hydrogen,Doosan,Korea,,,,,Excavator,,,html,https://www.doosan.com/en/media-center/press-release_view?id=20172787,,2026-05-31T16:34:44Z
,Liebherr,Germany,,,,,Wheel loader,,,html,https://www.liebherr.com/en-us/n/stronger-together-liebherr-brings-nordic-tower-crane-dealers-to-sweden-for-nordic-tower-crane-days-261632-3782185,,2026-06-07T16:41:46Z
,Liebherr,Germany,,,,,Wheel loader,,,html,https://www.liebherr.com/en-us/n/liebherr-to-supply-reliable-hvac-systems-for-siemens-mobility’s-vectouro-platform-261312-3782185,,2026-07-05T16:17:10Z
,Liebherr,Germany,,,,,Wheel loader,,,html,https://www.liebherr.com/en-us/n/liebherr-and-loong-air-sign-service-agreement-for-heat-transfer-equipment-262912-3782185,,2026-05-31T16:21:56Z
,Liebherr,Germany,,,,,Wheel loader,,,html,https://www.liebherr.com/en-us/n/liebherr-and-loong-air-sign-service-agreement-for-heat-transfer-equipment-262912-3782185,,2026-05-31T16:22:07Z
Battery,Liebherr,Germany,,,,,Wheel loader,,,html,https://www.liebherr.com/en-us/n/parts-assistant-the-easy-way-to-identify-and-order-maintenance-and-spare-parts-261760-3782185,,2026-06-07T16:42:12Z
,Liebherr,Germany,,,,,Excavator,,,html,https://www.liebherr.com/en-us/n/first-liebherr-mobile-crane-in-the-fleet-gagarin-takes-delivery-of-ltm-1090-4-2-261248-3782185,,2026-06-07T16:41:53Z
,John Deere,USA,,,,,Excavator,,,html,https://www.deere.com/en/loaders/crawler-loaders/,,2026-05-31T16:22:23Z
,John Deere,USA,,,,,Excavator,,,html,https://www.deere.com/en/loaders/crawler-loaders/,,2026-06-21T16:54:23Z
,John Deere,USA,,,,,Excavator,,,html,https://www.deere.com/en/news/all-news/fy26-second-quarter-earnings/,,2026-05-31T16:22:43Z
Hydrogen,JCB,UK,,,,,Excavator,,,html,https://www.jcb.com/en-GB/explore/engage/contact-us/,,2026-05-31T16:23:21Z
Hydrogen,JCB,UK,,,,,Excavator,,,html,https://www.jcb.com/en-GB/explore/insight/news/2026/05/jcb-introduces-more-productive-420x-crawler-excavator/,,2026-05-31T16:23:38Z
Hydrogen,JCB,UK,,,,,Excavator,,,html,https://www.jcb.com/en-GB/explore/engage/contact-us/,,2026-08-09T15:43:24Z
,Develon,South Korea,,,,,Excavator,,,html,https://eu.develon-ce.com/es/parts-and-services/financial-solutions#specialoffer,,2026-07-26T16:14:37Z
Hydrogen,SANY,China,,,,,Excavator,,,html,https://www.sanyglobal.com/press_releases/4871/,,2026-06-07T16:47:12Z
Hydrogen,SANY,China,,,,,Excavator,,,html,https://www.sanyglobal.com/press_releases/4872/,,2026-06-07T16:47:09Z
Battery,XCMG,China,,,,,Wheel loader,,,html,https://www.xcmg.com/aboutus/news-detail-1128775.htm,,2026-06-14T16:49:42Z
Battery,XCMG,China,,,,,Wheel loader,,,html,https://www.xcmg.com/aboutus/news-detail-1128835.htm,,2026-05-31T16:26:30Z
Battery,XCMG,China,,,,,Wheel loader,,,html,https://www.xcmg.com/product/pro-detail-138496.htm,,2026-05-31T16:26:31Z
Battery,XCMG,China,,,,,Wheel loader,,,html,https://www.xcmg.com/product/pro-detail-138492.htm,,2026-05-31T16:26:36Z
,Yutong,China,,,,,Excavator,,,html,https://en.yutong.com/pressmedia/news/2058800480703877120.shtml,,2026-06-07T16:54:36Z
Hydrogen,Doosan,Korea,,,,,Excavator,,,html,https://www.doosan.com/en/media-center/press-release_view?id=20172786,,2026-06-07T16:55:16Z
Hybrid,Komatsu,Japan,,,,,Excavator,,,HTML,https://www.komatsu.com/en-us/newsroom/2026/komatsu-aids-reforestation-work-in-national-forest,,2026-06-07T16:40:26Z
Hybrid,Komatsu,Japan,,,,,Excavator,,,HTML,https://www.komatsu.com/en-us/blog/2026/why-autonomy-is-about-people-not-just-technology,,2026-06-28T16:21:15Z
,Liebherr,Germany,,,,,Wheel loader,,,html,https://www.liebherr.com/en-us/n/high-lifting-capacity-long-reach-new-ltm-1300‑6-4-for-mert-vinç-262528-3782185,,2026-06-07T16:42:20Z
,Liebherr,Germany,,,,,Wheel loader,,,html,https://www.liebherr.com/en-us/n/high-lifting-capacity-long-reach-new-ltm-1300‑6-4-for-mert-vinç-262528-3782185,,2026-06-07T16:42:31Z
Battery,Liebherr,Germany,,,,,Excavator,,,html,https://www.liebherr.com/en-us/n/happy-10th-birthday-r-9200-263872-3782185,,2026-06-14T16:45:24Z
,John Deere,USA,,,,,Excavator,,,html,https://www.deere.com/en/parts-and-service/parts/construction-parts/,,2026-06-07T16:42:47Z
,John Deere,USA,,,,,Excavator,,,html,https://www.deere.com/en/parts-and-service/parts/construction-parts/,,2026-06-07T16:43:14Z
Hydrogen,JCB,UK,,,,,Excavator,,,html,https://www.jcb.com/en-GB/explore/insight/news/?page=1,,2026-06-14T16:47:06Z
,Develon,South Korea,,,,,Excavator,,,html,https://eu.develon-ce.com/en/machines/dx400hd-9,,2026-07-26T16:13:48Z
,Develon,South Korea,,,,,Excavator,,,html,https://eu.develon-ce.com/en/news/2026-06-02-Develon-Wins-SaMoTer-Innovation-Award-with-E-Stop,,2026-08-02T16:14:02Z
Battery,XCMG,China,,,,,Wheel loader,,,html,https://www.xcmg.com/product/pro-detail-138493.htm,,2026-06-07T16:47:48Z
Battery,XCMG,China,,,,,Wheel loader,,,html,https://www.xcmg.com/product/pro-detail-138488.htm,,2026-06-07T16:47:49Z
Hybrid,Komatsu,Japan,,,,,Excavator,,,HTML,https://www.komatsu.com/en-us/newsroom/2026/komatsu-invests-in-mesa-distribution-facility,,2026-07-26T16:10:54Z
Hybrid,Komatsu,Japan,,,,,Excavator,,,HTML,https://www.komatsu.com/en-us/newsroom/2026/students-graduate-komatsu-supported-technician-program,,2026-06-14T16:44:12Z
,Liebherr,Germany,,,,,Wheel loader,,,html,https://www.liebherr.com/en-us/n/when-the-opera-is-reflected-in-the-lake-liebherr-150-ec-b-flat-top-crane-erects-the-stage-set-for-“la-traviata”-264064-3782185,,2026-06-14T16:45:15Z
Battery,Liebherr,Germany,,,,,Wheel loader,,,html,https://www.liebherr.com/en-us/n/lhm-600-supports-evolving-vessel-demands-at-cartagena-terminal-266688-3782185,,2026-06-14T16:45:21Z
,Liebherr,Germany,,,,,Wheel loader,,,html,https://www.liebherr.com/en-us/n/working-round-the-clock-in-the-timber-industry-liebherr-wheel-loaders-and-material-handlers-in-northern-italy-265920-3782185,,2026-06-14T16:45:26Z
,Liebherr,Germany,,,,,Wheel loader,,,html,https://www.liebherr.com/en-us/n/liebherr-presents-innovative-solutions-for-the-aviation-of-tomorrow-at-ila-2026-264960-3782185,,2026-06-14T16:45:29Z
,Liebherr,Germany,,,,,Wheel loader,,,html,https://www.liebherr.com/en-us/n/when-the-opera-is-reflected-in-the-lake-liebherr-150-ec-b-flat-top-crane-erects-the-stage-set-for-“la-traviata”-264064-3782185,,2026-06-14T16:45:33Z
Battery,Liebherr,Germany,,,,,Wheel loader,,,html,https://www.liebherr.com/en-us/n/lhm-600-supports-evolving-vessel-demands-at-cartagena-terminal-266688-3782185,,2026-06-14T16:45:36Z
,Liebherr,Germany,,,,,Wheel loader,,,html,https://www.liebherr.com/en-us/n/chancellor-merz-at-ILA-2026-267584-3782185,,2026-06-14T16:45:41Z
,Liebherr,Germany,,,,,Wheel loader,,,html,https://www.liebherr.com/en-us/n/premiere-in-australia-everwilling-group-takes-delivery-of-first-ltm-1400-6-1-266176-3782185,,2026-06-14T16:45:44Z
Hybrid,John Deere,USA,,,,,Excavator,,,html,https://www.deere.com/en/news/all-news/fy26-q2-announcement/,,2026-06-14T16:46:08Z
Hydrogen,JCB,UK,,,,,Excavator,,,html,https://www.jcb.com/en-US/explore/insight/blogs/,,2026-07-12T16:09:11Z
Hydrogen,JCB,UK,,,,,Excavator,,,html,https://www.jcb.com/en-US/explore/insight/news/,,2026-07-26T16:13:03Z
Hydrogen,JCB,UK,,,,,Excavator,,,html,https://www.jcb.com/en-US/industries/construction/compact-track-loaders/,,2026-06-14T16:46:39Z
Hydrogen,JCB,UK,,,,,Excavator,,,html,https://www.jcb.com/en-US/industries/agriculture/wheel-loaders/,,2026-07-19T16:06:53Z
Hydrogen,JCB,UK,,,,,Excavator,,,html,https://www.jcb.com/en-US/industries/powertrain-for-oem/ground-support-equipment/,,2026-06-14T16:46:40Z
Hydrogen,JCB,UK,,,,,Excavator,,,html,https://www.jcb.com/en-US/explore/insight/livelink/,,2026-07-19T16:06:55Z
Hydrogen,JCB,UK,,,,,Excavator,,,html,https://www.jcb.com/en-US/products/machines/mini-excavators/,,2026-08-02T16:11:47Z
Hydrogen,JCB,UK,,,,,Excavator,,,html,https://www.jcb.com/en-US/industries/electric-solutions/,,2026-08-02T16:11:42Z
Hydrogen,JCB,UK,,,,,Excavator,,,html,https://www.jcb.com/en-US/products/machines/industrial-forklifts/,,2026-07-26T16:12:51Z
Hydrogen,JCB,UK,,,,,Excavator,,,html,https://www.jcb.com/en-US/explore/knowledge/,,2026-06-14T16:46:43Z
Hydrogen,JCB,UK,,,,,Excavator,,,html,https://www.jcb.com/en-US/industries/construction/electric-scissors/,,2026-07-05T16:17:55Z
Hydrogen,JCB,UK,,,,,Excavator,,,html,https://www.jcb.com/en-US/industries/construction/skid-steer-loaders/,,2026-08-02T16:11:46Z
Hydrogen,JCB,UK,,,,,Excavator,,,html,https://www.jcb.com/en-US/explore/sustainability/electric/,,2026-06-21T16:54:56Z
Hydrogen,JCB,UK,,,,,Excavator,,,html,https://www.jcb.com/en-US/products/machines/agricultural-tractors/,,2026-07-19T16:07:02Z
Hydrogen,JCB,UK,,,,,Excavator,,,html,https://www.jcb.com/en-US/parts-and-service/parts/ground-engaging-tools/,,2026-07-05T16:18:07Z
Hydrogen,JCB,UK,,,,,Excavator,,,html,https://www.jcb.com/en-US/industries/construction/hydradig/,,2026-06-14T16:46:46Z
Hydrogen,JCB,UK,,,,,Excavator,,,html,https://www.jcb.com/en-US/industries/landscaping/,,2026-07-12T16:09:00Z
Hydrogen,JCB,UK,,,,,Excavator,,,html,https://www.jcb.com/en-US/explore/insight/,,2026-08-02T16:11:54Z
Hydrogen,JCB,UK,,,,,Excavator,,,html,https://www.jcb.com/en-US/industries/construction/wheel-loaders/,,2026-06-28T16:23:42Z
Hydrogen,JCB,UK,,,,,Excavator,,,html,https://www.jcb.com/en-US/parts-and-service/parts/electrical-and-lighting-systems/,,2026-08-02T16:11:59Z
Hydrogen,JCB,UK,,,,,Excavator,,,html,https://www.jcb.com/en-US/products/machines/rough-terrain-forklifts/,,2026-06-28T16:23:50Z
Hydrogen,JCB,UK,,,,,Excavator,,,html,https://www.jcb.com/en-US/industries/powertrain-for-oem/construction/,,2026-08-02T16:11:53Z
Hydrogen,JCB,UK,,,,,Excavator,,,html,https://www.jcb.com/en-US/industries/agriculture/mini-excavators/,,2026-07-05T16:18:04Z
Hydrogen,JCB,UK,,,,,Excavator,,,html,https://www.jcb.com/en-US/explore/insight/lord-bamford/,,2026-08-09T15:42:48Z
Hydrogen,JCB,UK,,,,,Excavator,,,html,https://www.jcb.com/en-US/products/powertrain-for-oem/engines/,,2026-08-02T16:11:56Z
Hydrogen,JCB,UK,,,,,Excavator,,,html,https://www.jcb.com/en-US/industries/construction/telescopic-loaders/,,2026-07-12T16:09:06Z
Hydrogen,JCB,UK,,,,,Excavator,,,html,https://www.jcb.com/en-US/parts-and-service/service/,,2026-07-26T16:12:53Z
Hydrogen,JCB,UK,,,,,Excavator,,,html,https://www.jcb.com/en-US/industries/construction/articulated-booms/,,2026-06-14T16:46:52Z
Hydrogen,JCB,UK,,,,,Excavator,,,html,https://www.jcb.com/en-US/industries/electric-solutions/electric-scissors/,,2026-07-26T16:12:57Z
Hydrogen,JCB,UK,,,,,Excavator,,,html,https://www.jcb.com/en-US/industries/construction/dumpsters/,,2026-08-09T15:43:01Z
Hydrogen,JCB,UK,,,,,Excavator,,,html,https://www.jcb.com/en-GB/explore/insight/news/2026/05/jcbs-biggest-ever-x-series-to-debut-at-hillhead/,,2026-06-14T16:46:57Z
Hydrogen,JCB,UK,,,,,Excavator,,,html,https://www.jcb.com/en-GB/explore/insight/news/2026/06/jcb-high-productivity-arable-machines-at-the-cereals-event/,,2026-06-14T16:47:01Z
Hydrogen,JCB,UK,,,,,Excavator,,,html,https://www.jcb.com/en-GB/explore/,,2026-07-05T16:18:11Z
Hydrogen,JCB,UK,,,,,Excavator,,,html,https://www.jcb.com/en-GB/explore/knowledge/faqs/,,2026-08-02T16:12:16Z
,Develon,South Korea,,,,,Excavator,,,html,https://eu.develon-ce.com/en/news/2026-06-03-New-Arrivals-at-the-Develon-Merchandise-Store,,2026-06-14T16:48:40Z
Battery,XCMG,China,,,,,Wheel loader,,,html,https://www.xcmg.com/aboutus/news-detail-1128774.htm,,2026-06-21T16:58:09Z
Battery,XCMG,China,,,,,Wheel loader,,,html,https://www.xcmg.com/product/pro-detail-138499.htm,,2026-06-14T16:49:28Z
Battery,XCMG,China,,,,,Wheel loader,,,html,https://www.xcmg.com/product/pro-detail-138508.htm,,2026-07-05T16:21:00Z
Battery,XCMG,China,,,,,Wheel loader,,,html,https://www.xcmg.com/product/pro-detail-138503.htm,,2026-06-14T16:49:50Z
Battery,XCMG,China,,,,,Wheel loader,,,html,https://www.xcmg.com/aboutus/news-detail-1128863.htm,,2026-06-14T16:49:54Z
Hydrogen,Doosan,Korea,,,,,Excavator,,,html,https://www.doosan.com/en/media-center/press-release_view?id=20172795,,2026-06-21T17:07:14Z
Hydrogen,Doosan,Korea,,,,,Excavator,,,html,https://www.doosan.com/en/media-center/press-release_view?id=20172794,,2026-07-05T16:29:44Z
Hydrogen,Doosan,Korea,,,,,Excavator,,,html,https://www.doosan.com/en/media-center/press-release_view?id=20172792,,2026-06-21T17:07:24Z
Hybrid,Liebherr,Germany,,,,,Wheel loader,,,html,https://www.liebherr.com/en-us/n/liebherr-components-to-showcase-specialised-defense-solutions-at-eurosatory-2026-267137-3782185,,2026-06-21T16:53:25Z
,Liebherr,Germany,,,,,Wheel loader,,,html,https://www.liebherr.com/en-us/n/liebherr-strengthens-its-industrial-capabilities-in-colmar-to-support-growing-demand-for-power-generation-applications-267968-3782185,,2026-06-21T16:53:28Z
Hybrid,Liebherr,Germany,,,,,Wheel loader,,,html,https://www.liebherr.com/en-us/n/mltb-1025‑4-1-redefining-tactical-recovery-for-high-intensity-operations-267008-3782185,,2026-06-21T16:53:36Z
Battery,Liebherr,Germany,,,,,Wheel loader,,,html,https://www.liebherr.com/en-us/n/seven-liebherr-cranes-used-in-the-construction-of-the-new-parque-ventas-in-madrid-268609-3782185,,2026-06-21T16:53:41Z
,Liebherr,Germany,,,,,Wheel loader,,,html,https://www.liebherr.com/en-us/n/liebherr-strengthens-its-industrial-capabilities-in-colmar-to-support-growing-demand-for-power-generation-applications-267968-3782185,,2026-06-28T16:22:28Z
,Liebherr,Germany,,,,,Wheel loader,,,html,https://www.liebherr.com/en-us/n/reconstruction-in-the-ahr-valley-two-ltm-1750-9-1-cranes-are-erecting-the-new-landgrafenbrücke-269696-3782185,,2026-06-28T16:22:33Z
,Liebherr,Germany,,,,,Wheel loader,,,html,https://www.liebherr.com/en-us/n/liebherr-secures-major-sts-order-for-sparrows-point-container-terminal-in-baltimore-269440-3782185,,2026-06-21T16:53:55Z
,John Deere,USA,,,,,Excavator,,,html,https://www.deere.com/en/finance/financing/construction/heavy-construction-equipment/,,2026-06-21T16:53:57Z
,John Deere,USA,,,,,Excavator,,,html,https://www.deere.com/en/finance/offers-discounts/shared/tractors/compact-tractors/3-series-compact-tractors/3032e-3038e-financing/?cid=HOME_IMGPANEL_1,,2026-06-21T16:54:11Z
Hybrid,John Deere,USA,,,,,Excavator,,,html,https://www.deere.com/en/news/all-news/red-cross/,,2026-06-21T16:54:17Z
,John Deere,USA,,,,,Excavator,,,html,https://www.deere.com/en/finance/financing/construction/heavy-construction-equipment/,,2026-06-21T16:54:17Z
,John Deere,USA,,,,,Excavator,,,html,https://www.deere.com/en/stories/featured/pdc/,,2026-06-28T16:23:17Z
Hydrogen,JCB,UK,,,,,Excavator,,,html,https://www.jcb.com/en-US/products/powertrain-for-oem/transmissions/,,2026-06-21T16:54:49Z
Hydrogen,JCB,UK,,,,,Excavator,,,html,https://www.jcb.com/en-US/industries/construction/rough-terrain-forklifts/,,2026-06-21T16:54:50Z
Hydrogen,JCB,UK,,,,,Excavator,,,html,https://www.jcb.com/en-US/industries/powertrain-for-oem/government--municipalities/,,2026-08-09T15:42:51Z
Hydrogen,JCB,UK,,,,,Excavator,,,html,https://www.jcb.com/en-US/products/attachments/buckets/,,2026-07-19T16:06:49Z
Hydrogen,JCB,UK,,,,,Excavator,,,html,https://www.jcb.com/en-US/industries/powertrain-for-oem/agriculture/,,2026-06-21T16:54:52Z
Hydrogen,JCB,UK,,,,,Excavator,,,html,https://www.jcb.com/en-US/explore/corporate/,,2026-07-12T16:09:11Z
Hydrogen,JCB,UK,,,,,Excavator,,,html,https://www.jcb.com/en-US/industries/construction/mini-excavators/,,2026-08-02T16:11:44Z
Hydrogen,JCB,UK,,,,,Excavator,,,html,https://www.jcb.com/en-US/industries/powertrain-for-oem/marine/,,2026-08-09T15:42:56Z
Hydrogen,JCB,UK,,,,,Excavator,,,html,https://www.jcb.com/en-US/explore/insight/news/2026/01/new-year-boost-as-jcb-wins-205-million-military-contract/,,2026-07-12T16:09:08Z
Hydrogen,JCB,UK,,,,,Excavator,,,html,https://www.jcb.com/en-US/industries/landscaping/hydradig/,,2026-08-09T15:42:55Z
Hydrogen,JCB,UK,,,,,Excavator,,,html,https://www.jcb.com/en-US/dealer-search/,,2026-08-02T16:11:58Z
Hydrogen,JCB,UK,,,,,Excavator,,,html,https://www.jcb.com/en-US/products/attachments/specialist-attachments/,,2026-07-26T16:13:02Z
Hydrogen,JCB,UK,,,,,Excavator,,,html,https://www.jcb.com/en-US/industries/electric-solutions/dumpsters/,,2026-06-21T16:55:00Z
Hydrogen,JCB,UK,,,,,Excavator,,,html,https://www.jcb.com/en-US/products/machines/vibratory-tandem-rollers/,,2026-07-26T16:12:52Z
Hydrogen,JCB,UK,,,,,Excavator,,,html,https://www.jcb.com/en-US/industries/landscaping/compact-track-loaders/,,2026-07-26T16:13:04Z
Hydrogen,JCB,UK,,,,,Excavator,,,html,https://www.jcb.com/en-US/products/machines/articulated-booms/,,2026-06-21T16:55:03Z
Hydrogen,JCB,UK,,,,,Excavator,,,html,https://www.jcb.com/en-US/products/attachments/sweepers/,,2026-06-21T16:55:04Z
Hydrogen,JCB,UK,,,,,Excavator,,,html,https://www.jcb.com/en-US/explore/knowledge/quick-start-guides/,,2026-08-09T15:42:51Z
Hydrogen,JCB,UK,,,,,Excavator,,,html,https://www.jcb.com/en-US/buy/offers-and-specials/,,2026-06-21T16:55:05Z
Hydrogen,JCB,UK,,,,,Excavator,,,html,https://www.jcb.com/en-US/products/machines/tracked-excavators/,,2026-06-28T16:23:51Z
Hydrogen,JCB,UK,,,,,Excavator,,,html,https://www.jcb.com/en-US/industries/landscaping/wheel-loaders/,,2026-06-28T16:23:55Z
Hydrogen,JCB,UK,,,,,Excavator,,,html,https://www.jcb.com/en-US/explore/engage/events/,,2026-08-02T16:11:52Z
,Develon,South Korea,,,,,Excavator,,,html,https://eu.develon-ce.com/en/news/2026-06-03-Technique-TP-deploys-a-Develon-DL420CVT-7-wheel-loader-to-reprofile-the-motocross-tracks-at-the-Bud-Racing-Training-Camp,,2026-06-21T16:56:04Z
Battery,Develon,South Korea,,,,,Excavator,,,html,https://eu.develon-ce.com/en/news/2026-06-02-Innovation-Safety-and-Productivity-Take-Centre-Stage-at-Develon-Demo-Days-2026,,2026-08-02T16:14:11Z
,Develon,South Korea,,,,,Excavator,,,html,https://eu.develon-ce.com/en/news/2026-06-03-Technique-TP-deploys-a-Develon-DL420CVT-7-wheel-loader-to-reprofile-the-motocross-tracks-at-the-Bud-Racing-Training-Camp,,2026-06-21T16:56:36Z
Battery,XCMG,China,,,,,Wheel loader,,,html,https://www.xcmg.com/product/pro-detail-138497.htm,,2026-06-21T16:57:34Z
Battery,XCMG,China,,,,,Wheel loader,,,html,https://www.xcmg.com/product/pro-detail-138498.htm,,2026-06-21T16:57:37Z
Battery,XCMG,China,,,,,Wheel loader,,,html,https://www.xcmg.com/aboutus/news-detail-1128833.htm,,2026-06-21T16:57:46Z
Battery,XCMG,China,,,,,Wheel loader,,,html,https://www.xcmg.com/aboutus/news-detail-1128826.htm,,2026-06-21T16:58:04Z
Battery,XCMG,China,,,,,Wheel loader,,,html,https://www.xcmg.com/aboutus/news-detail-1128854.htm,,2026-06-21T16:58:10Z
Battery,XCMG,China,,,,,Wheel loader,,,html,https://www.xcmg.com/product/pro-detail-138501.htm,,2026-06-28T16:27:07Z
Battery,Yutong,China,,,,,Excavator,,,html,https://en.yutong.com/products/AB14E.shtml,,2026-08-02T16:22:15Z
Battery,Yutong,China,,,,,Excavator,,,html,https://en.yutong.com/z/WorldCup2026/,,2026-08-02T16:23:26Z
Hydrogen,Doosan,Korea,,,,,Excavator,,,html,https://www.doosan.com/en/media-center/press-release_view?id=20172802,,2026-08-09T15:55:42Z
Hybrid,Komatsu,Japan,,,,,Excavator,,,HTML,https://www.komatsu.com/en-us/blog/2026/komatsus-advanced-technician-competition,,2026-08-09T15:40:34Z
Hybrid,Komatsu,Japan,,,,,Excavator,,,HTML,https://www.komatsu.com/en-us/newsroom/2026/komatsu-williams-engineering-academy-expansion,,2026-07-05T16:16:09Z
Hybrid,Liebherr,Germany,,,,,Wheel loader,,,html,https://www.liebherr.com/en-us/n/groundbreaking-ceremony-for-the-future-liebherr-assembly-site-in-nambsheim-270272-3782185,,2026-06-28T16:22:20Z
,Liebherr,Germany,,,,,Wheel loader,,,html,https://www.liebherr.com/en-us/n/what-lies-behind-liebherr-emtec-nambsheim-four-questions-for-olaf-vohwinkel-270720-3782185,,2026-06-28T16:22:24Z
,Liebherr,Germany,,,,,Wheel loader,,,html,https://www.liebherr.com/en-us/n/falcon-10x-first-flight-with-liebherr-on-board-271104-3782185,,2026-06-28T16:22:27Z
Battery,Liebherr,Germany,,,,,Excavator,,,html,https://www.liebherr.com/en-us/n/versatile-networked-liebherr-r-915-compact-g8-r-917-compact-g8-and-r-920-compact-g8-crawler-excavators-are-now-available-271043-3782185,,2026-06-28T16:22:30Z
Hybrid,Liebherr,Germany,,,,,Wheel loader,,,html,https://www.liebherr.com/en-us/n/groundbreaking-ceremony-for-the-future-liebherr-assembly-site-in-nambsheim-270272-3782185,,2026-06-28T16:22:40Z
,Liebherr,Germany,,,,,Wheel loader,,,html,https://www.liebherr.com/en-us/n/what-lies-behind-liebherr-emtec-nambsheim-four-questions-for-olaf-vohwinkel-270720-3782185,,2026-06-28T16:22:41Z
,Liebherr,Germany,,,,,Wheel loader,,,html,https://www.liebherr.com/en-us/n/falcon-10x-first-flight-with-liebherr-on-board-271104-3782185,,2026-06-28T16:22:43Z
Battery,Liebherr,Germany,,,,,Excavator,,,html,https://www.liebherr.com/en-us/n/versatile-networked-liebherr-r-915-compact-g8-r-917-compact-g8-and-r-920-compact-g8-crawler-excavators-are-now-available-271043-3782185,,2026-06-28T16:22:43Z
,John Deere,USA,,,,,Excavator,,,html,https://www.deere.com/en/technology-products/precision-ag-technology/operations-center/,,2026-06-28T16:23:01Z
,John Deere,USA,,,,,Excavator,,,html,https://www.deere.com/en/technology-products/precision-ag-technology/operations-center/,,2026-06-28T16:23:22Z
Hydrogen,JCB,UK,,,,,Excavator,,,html,https://www.jcb.com/en-US/products/attachments/snow/,,2026-08-09T15:42:50Z
Hydrogen,JCB,UK,,,,,Excavator,,,html,https://www.jcb.com/en-US/industries/agriculture/skid-steer-loaders/,,2026-08-02T16:11:50Z
Hydrogen,JCB,UK,,,,,Excavator,,,html,https://www.jcb.com/en-US/parts-and-service/service/machine-health-check/,,2026-06-28T16:23:43Z
Hydrogen,JCB,UK,,,,,Excavator,,,html,https://www.jcb.com/en-US/parts-and-service/parts/chassis-and-undercarriage/,,2026-08-09T15:42:57Z
Hydrogen,JCB,UK,,,,,Excavator,,,html,https://www.jcb.com/en-US/industries/powertrain-for-oem/,,2026-06-28T16:23:44Z
Hydrogen,JCB,UK,,,,,Excavator,,,html,https://www.jcb.com/en-US/industries/construction/telescopic-booms/,,2026-08-09T15:42:48Z
Hydrogen,JCB,UK,,,,,Excavator,,,html,https://www.jcb.com/en-US/industries/agriculture/agricultural-tractors/,,2026-08-09T15:42:59Z
Hydrogen,JCB,UK,,,,,Excavator,,,html,https://www.jcb.com/en-US/explore/engage/factory-tour/,,2026-07-19T16:07:05Z
Hydrogen,JCB,UK,,,,,Excavator,,,html,https://www.jcb.com/en-US/industries/landscaping/backhoe-loaders/,,2026-08-09T15:42:54Z
Hydrogen,JCB,UK,,,,,Excavator,,,html,https://www.jcb.com/en-US/products/machines/backhoe-loaders/,,2026-06-28T16:23:48Z
Hydrogen,JCB,UK,,,,,Excavator,,,html,https://www.jcb.com/en-US/products/machines/pothole-pro/,,2026-08-02T16:11:50Z
Hydrogen,JCB,UK,,,,,Excavator,,,html,https://www.jcb.com/en-US/industries/agriculture/telescopic-loaders/,,2026-08-09T15:42:42Z
Hydrogen,JCB,UK,,,,,Excavator,,,html,https://www.jcb.com/en-US/explore/sustainability/,,2026-07-12T16:08:59Z
Hydrogen,JCB,UK,,,,,Excavator,,,html,https://www.jcb.com/en-US/products/machines/site-dumpers/,,2026-07-26T16:13:04Z
Hydrogen,JCB,UK,,,,,Excavator,,,html,https://www.jcb.com/en-US/industries/landscaping/teleskid/,,2026-07-12T16:09:02Z
Hydrogen,JCB,UK,,,,,Excavator,,,html,https://www.jcb.com/en-US/industries/construction/telescopic-handlers/,,2026-08-09T15:43:04Z
Hydrogen,JCB,UK,,,,,Excavator,,,html,https://www.jcb.com/en-US/industries/construction/rotating-telehandlers/,,2026-07-12T16:09:01Z
Hydrogen,JCB,UK,,,,,Excavator,,,html,https://www.jcb.com/en-US/industries/electric-solutions/mini-excavators/,,2026-07-19T16:06:52Z
Hydrogen,JCB,UK,,,,,Excavator,,,html,https://www.jcb.com/en-US/products/attachments/,,2026-06-28T16:23:58Z
Hydrogen,JCB,UK,,,,,Excavator,,,html,https://www.jcb.com/en-GB/explore/insight/news/2026/06/jcb-lakeside-5-charity-race-under-starters-orders/,,2026-06-28T16:24:05Z
Hydrogen,JCB,UK,,,,,Excavator,,,html,https://www.jcb.com/en-GB/industries/construction/generators/,,2026-07-26T16:13:32Z
Hydrogen,JCB,UK,,,,,Excavator,,,html,https://www.jcb.com/en-GB/explore/insight/news/2026/06/jcb-hydromax-hits-208mph-as-uk-testing-successfully-concludes/,,2026-07-26T16:13:24Z
Battery,XCMG,China,,,,,Wheel loader,,,html,https://www.xcmg.com/product/pro-detail-138509.htm,,2026-06-28T16:26:25Z
Battery,XCMG,China,,,,,Wheel loader,,,html,https://www.xcmg.com/solution/urban-infrastructure.htm,,2026-08-02T16:15:19Z
Battery,XCMG,China,,,,,Wheel loader,,,html,https://www.xcmg.com/solution/road-infrastructure.htm,,2026-07-26T16:16:09Z
Battery,XCMG,China,,,,,Wheel loader,,,html,https://www.xcmg.com/solution/emergency-response.htm,,2026-08-09T15:46:24Z
Battery,XCMG,China,,,,,Wheel loader,,,html,https://www.xcmg.com/product/pro-detail-138505.htm,,2026-06-28T16:26:55Z
Battery,XCMG,China,,,,,Wheel loader,,,html,https://www.xcmg.com/product/pro-detail-138495.htm,,2026-06-28T16:26:56Z
Battery,XCMG,China,,,,,Wheel loader,,,html,https://www.xcmg.com/solution/thermal-power.htm,,2026-08-09T15:46:39Z
,Yutong,China,,,,,Excavator,,,html,https://en.yutong.com/pressmedia/news/2065008340664193024.shtml,,2026-07-05T16:28:17Z
Hydrogen,Doosan,Korea,,,,,Excavator,,,html,https://www.doosan.com/en/media-center/press-release_view?id=20172804,,2026-07-26T16:25:57Z
,BEML,India,,,,,Excavator,,,html,https://www.bemlindia.in/beml-ltd-secures-mod-order-worth-%e2%82%b9590-crore-for-trawl-assemblies/,,2026-07-19T16:18:50Z
,BEML,India,,,,,Excavator,,,html,https://www.bemlindia.in/beml-inaugurates-central-research-facility-at-iisc-to-shape-the-future-of-advanced-engineering-and-mobility/,,2026-08-09T15:56:50Z
,Chetra,Russia,,,,,Excavator,,,html,https://chetra.ru/press-center/news/onlayn-zherebyevka-sredi-uchastnikov-chetra-pro-kuzbass/,,2026-06-28T16:41:12Z
,Liebherr,Germany,,,,,Wheel loader,,,html,https://www.liebherr.com/en-us/n/rocksure-expands-its-fleet-first-liebherr-lrt-1130-2-1-handed-over-in-ghana-272129-3782185,,2026-07-05T16:17:07Z
,Liebherr,Germany,,,,,Wheel loader,,,html,https://www.liebherr.com/en-us/n/moving-up-a-class-salgert-expands-its-fleet-with-an-ltm-1400-6-1-272960-3782185,,2026-07-05T16:17:07Z
,Liebherr,Germany,,,,,Wheel loader,,,html,https://www.liebherr.com/en-us/n/one-of-the-first-in-france-limalev-takes-delivery-of-a-liebherr-ltm-1055-3-3-272642-3782185,,2026-07-05T16:17:07Z
Hybrid,Liebherr,Germany,,,,,Wheel loader,,,html,https://www.liebherr.com/en-us/n/liebherr-expands-its-portfolio-for-soil-mixing-applications-mixing-cutter-lmc-80-272768-3782185,,2026-07-05T16:17:13Z
,Liebherr,Germany,,,,,Wheel loader,,,html,https://www.liebherr.com/en-us/n/rocksure-expands-its-fleet-first-liebherr-lrt-1130-2-1-handed-over-in-ghana-272129-3782185,,2026-07-05T16:17:23Z
,Liebherr,Germany,,,,,Wheel loader,,,html,https://www.liebherr.com/en-us/n/moving-up-a-class-salgert-expands-its-fleet-with-an-ltm-1400-6-1-272960-3782185,,2026-07-05T16:17:23Z
,Liebherr,Germany,,,,,Wheel loader,,,html,https://www.liebherr.com/en-us/n/one-of-the-first-in-france-limalev-takes-delivery-of-a-liebherr-ltm-1055-3-3-272642-3782185,,2026-07-05T16:17:23Z
Hybrid,Liebherr,Germany,,,,,Wheel loader,,,html,https://www.liebherr.com/en-us/n/liebherr-expands-its-portfolio-for-soil-mixing-applications-mixing-cutter-lmc-80-272768-3782185,,2026-07-12T16:08:26Z
,Liebherr,Germany,,,,,Wheel loader,,,html,https://www.liebherr.com/en-us/careers/job-vacancies-4294645?filter=2344617153%3B3356224419%3B3961247683,,2026-07-05T16:17:29Z
Hydrogen,JCB,UK,,,,,Excavator,,,html,https://www.jcb.com/en-US/products/attachments/agricultural-attachments/,,2026-07-19T16:07:04Z
Hydrogen,JCB,UK,,,,,Excavator,,,html,https://www.jcb.com/en-US/parts-and-service/parts/,,2026-07-05T16:17:51Z
Hydrogen,JCB,UK,,,,,Excavator,,,html,https://www.jcb.com/en-US/explore/engage/careers/,,2026-08-02T16:11:56Z
Hydrogen,JCB,UK,,,,,Excavator,,,html,https://www.jcb.com/en-US/industries/landscaping/tracked-excavators/,,2026-08-09T15:42:43Z
Hydrogen,JCB,UK,,,,,Excavator,,,html,https://www.jcb.com/en-US/industries/landscaping/telescopic-handlers/,,2026-07-19T16:07:03Z
Hydrogen,JCB,UK,,,,,Excavator,,,html,https://www.jcb.com/en-US/industries/powertrain-for-oem/material-handling/,,2026-08-02T16:11:49Z
Hydrogen,JCB,UK,,,,,Excavator,,,html,https://www.jcb.com/en-US/campaigns/jcb-hydromax/,,2026-08-09T15:43:02Z
Hydrogen,JCB,UK,,,,,Excavator,,,html,https://www.jcb.com/en-US/industries/defence/,,2026-07-05T16:17:57Z
Hydrogen,JCB,UK,,,,,Excavator,,,html,https://www.jcb.com/en-US/industries/construction/pothole-pro/,,2026-08-09T15:42:49Z
Hydrogen,JCB,UK,,,,,Excavator,,,html,https://www.jcb.com/en-US/buy/programs/strategic-contractors-program/,,2026-08-02T16:11:44Z
Hydrogen,JCB,UK,,,,,Excavator,,,html,https://www.jcb.com/en-US/industries/construction/industrial-forklifts/,,2026-07-26T16:12:56Z
Hydrogen,JCB,UK,,,,,Excavator,,,html,https://www.jcb.com/en-US/industries/construction/teleskid/,,2026-07-19T16:06:57Z
Hydrogen,JCB,UK,,,,,Excavator,,,html,https://www.jcb.com/en-US/products/machines/wheel-loaders/,,2026-07-05T16:18:01Z
Hydrogen,JCB,UK,,,,,Excavator,,,html,https://www.jcb.com/en-US/products/machines/,,2026-08-02T16:11:59Z
Hydrogen,JCB,UK,,,,,Excavator,,,html,https://www.jcb.com/en-US/products/machines/rotating-telehandlers/,,2026-07-05T16:18:04Z
Hydrogen,JCB,UK,,,,,Excavator,,,html,https://www.jcb.com/en-US/industries/construction/tracked-excavators/,,2026-07-05T16:18:05Z
Hydrogen,JCB,UK,,,,,Excavator,,,html,https://www.jcb.com/en-US/parts-and-service/,,2026-08-02T16:11:45Z
Hydrogen,JCB,UK,,,,,Excavator,,,html,https://www.jcb.com/en-US/products/machines/hydradig/,,2026-07-26T16:12:51Z
Hydrogen,JCB,UK,,,,,Excavator,,,html,https://www.jcb.com/en-US/industries/electric-solutions/telescopic-handlers/,,2026-07-05T16:18:06Z
Hydrogen,JCB,UK,,,,,Excavator,,,html,https://www.jcb.com/en-GB/products/machines/wheeled-excavators/,,2026-07-05T16:18:15Z
,Develon,South Korea,,,,,Excavator,,,html,https://eu.develon-ce.com/en/news/2026-07-02-Develon-Reaches-New-Milestone-in-Autonomous-Earthmoving,,2026-07-05T16:18:31Z
,Develon,South Korea,,,,,Excavator,,,html,https://eu.develon-ce.com/en/news/2026-07-02-Develon-Reaches-New-Milestone-in-Autonomous-Earthmoving,,2026-08-02T16:13:51Z
Battery,XCMG,China,,,,,Wheel loader,,,html,https://www.xcmg.com/solution/surface-mining.htm,,2026-08-09T15:46:41Z
Battery,XCMG,China,,,,,Wheel loader,,,html,https://www.xcmg.com/solution/underground-mining.htm,,2026-07-26T16:16:47Z
Battery,XCMG,China,,,,,Wheel loader,,,html,https://www.xcmg.com/solution/hydro-infrastructure.htm,,2026-07-05T16:21:07Z
Battery,XCMG,China,,,,,Wheel loader,,,html,https://www.xcmg.com/solution/agricultural-operations.htm,,2026-07-26T16:16:53Z
Battery,XCMG,China,,,,,Wheel loader,,,html,https://www.xcmg.com/solution/logistics-warehousing.htm,,2026-08-09T15:46:51Z
Battery,XCMG,China,,,,,Wheel loader,,,html,https://www.xcmg.com/solution/nuclear-power.htm,,2026-07-05T16:21:15Z
Battery,Yutong,China,,,,,Excavator,,,html,https://en.yutong.com/pressmedia/news/2068983698539286528.shtml,,2026-07-19T16:15:44Z
Hydrogen,Doosan,Korea,,,,,Excavator,,,html,https://www.doosan.com/en/media-center/press-release_view?id=20172799,,2026-08-02T16:24:16Z
Battery,Liebherr,Germany,,,,,Wheel loader,,,html,https://www.liebherr.com/en-us/n/liebherr-transportation-systems-upgrades-service-center-in-canada-273152-3782185,,2026-07-12T16:08:20Z
,Liebherr,Germany,,,,,Wheel loader,,,html,https://www.liebherr.com/en-us/n/bct-gdynia-expands-container-capacity-with-two-liebherr-lhm-550-273280-3782185,,2026-07-12T16:08:24Z
,Liebherr,Germany,,,,,Wheel loader,,,html,https://www.liebherr.com/en-us/n/focus-on-attachments-and-quick-coupling-systems-four-essential-liebherr-solutions-for-scrap-handling-and-recycling-273089-3782185,,2026-07-12T16:08:30Z
Battery,Liebherr,Germany,,,,,Wheel loader,,,html,https://www.liebherr.com/en-us/n/rope-suspended-leader-with-hydraulic-hammer-for-piling-work-272065-3782185,,2026-07-12T16:08:31Z
,Liebherr,Germany,,,,,Wheel loader,,,html,https://www.liebherr.com/en-us/n/liebherr-transportation-systems-upgrades-service-center-in-canada-273152-3782185,,2026-07-26T16:12:22Z
,Liebherr,Germany,,,,,Wheel loader,,,html,https://www.liebherr.com/en-us/n/bct-gdynia-expands-container-capacity-with-two-liebherr-lhm-550-273280-3782185,,2026-07-12T16:08:39Z
,Liebherr,Germany,,,,,Wheel loader,,,html,https://www.liebherr.com/en-us/n/focus-on-attachments-and-quick-coupling-systems-four-essential-liebherr-solutions-for-scrap-handling-and-recycling-273089-3782185,,2026-07-26T16:12:24Z
Hydrogen,JCB,UK,,,,,Excavator,,,html,https://www.jcb.com/en-US/industries/landscaping/dumpsters/,,2026-07-12T16:08:59Z
Hydrogen,JCB,UK,,,,,Excavator,,,html,https://www.jcb.com/en-US/campaigns/2026/compact-range/,,2026-08-02T16:11:58Z
Hydrogen,JCB,UK,,,,,Excavator,,,html,https://www.jcb.com/en-US/explore/engage/careers/san-antonio-careers/,,2026-07-12T16:09:04Z
Hydrogen,JCB,UK,,,,,Excavator,,,html,https://www.jcb.com/en-US/products/attachments/quickhitches/,,2026-08-02T16:11:48Z
Hydrogen,JCB,UK,,,,,Excavator,,,html,https://www.jcb.com/en-US/explore/knowledge/faqs/,,2026-07-19T16:06:58Z
Hydrogen,JCB,UK,,,,,Excavator,,,html,https://www.jcb.com/en-US/buy/programs/,,2026-07-12T16:09:08Z
Hydrogen,JCB,UK,,,,,Excavator,,,html,https://www.jcb.com/en-US/industries/agriculture/,,2026-08-09T15:42:44Z
Hydrogen,JCB,UK,,,,,Excavator,,,html,https://www.jcb.com/en-US/products/attachments/breakers/,,2026-08-02T16:11:57Z
Hydrogen,JCB,UK,,,,,Excavator,,,html,https://www.jcb.com/en-US/products/machines/compact-track-loaders/,,2026-08-09T15:43:00Z
Hydrogen,JCB,UK,,,,,Excavator,,,html,https://www.jcb.com/en-US/explore/sustainability/road-to-zero/,,2026-07-12T16:09:13Z
Hydrogen,JCB,UK,,,,,Excavator,,,html,https://www.jcb.com/en-US/industries/construction/generators/,,2026-08-09T15:42:46Z
Hydrogen,JCB,UK,,,,,Excavator,,,html,https://www.jcb.com/en-US/products/attachments/shovels/,,2026-08-09T15:43:03Z
Hydrogen,JCB,UK,,,,,Excavator,,,html,https://www.jcb.com/en-GB/explore/insight/news/?page=41,,2026-07-12T16:09:24Z
Hydrogen,JCB,UK,,,,,Excavator,,,html,https://www.jcb.com/en-GB/campaigns/jcb-hydromax/,,2026-07-12T16:09:25Z
Hydrogen,JCB,UK,,,,,Excavator,,,html,https://www.jcb.com/en-GB/industries/construction/skid-steer-loaders/,,2026-07-12T16:09:28Z
Hydrogen,JCB,UK,,,,,Excavator,,,html,https://www.jcb.com/en-GB/explore/insight/news/2026/06/jcb-parts-online-passes-50000-product-milestone/,,2026-07-12T16:09:28Z
Hydrogen,SANY,China,,,,,Excavator,,,html,https://www.sanyglobal.com/product/concrete_machinery/truck-mounted_concrete_pump/15/724/,,2026-08-09T15:45:59Z
Hydrogen,SANY,China,,,,,Excavator,,,html,https://www.sanyglobal.com/product/road_machinery/roller/51/282/,,2026-07-26T16:15:39Z
Hydrogen,SANY,China,,,,,Excavator,,,html,https://www.sanyglobal.com/press_releases/4875/,,2026-07-12T16:11:42Z
Hydrogen,SANY,China,,,,,Excavator,,,html,https://www.sanyglobal.com/cases/,,2026-07-12T16:11:43Z
Hydrogen,SANY,China,,,,,Excavator,,,html,https://www.sanyglobal.com/product/port_machinery/reach_stacker/58/146/,,2026-07-12T16:11:44Z
Hydrogen,SANY,China,,,,,Excavator,,,html,https://www.sanyglobal.com/maintenance/,,2026-07-12T16:11:45Z
Hydrogen,SANY,China,,,,,Excavator,,,html,https://www.sanyglobal.com/product/crane/crawler_crane/101/555/,,2026-07-12T16:11:50Z
Hydrogen,SANY,China,,,,,Excavator,,,html,https://www.sanyglobal.com/product/excavator/large_excavator/115/847/,,2026-07-12T16:11:52Z
Hydrogen,SANY,China,,,,,Excavator,,,html,https://www.sanyglobal.com/cases/list-13/,,2026-08-02T16:14:56Z
Hydrogen,SANY,China,,,,,Excavator,,,html,https://www.sanyglobal.com/product/road_machinery/motor_grader/37/433/,,2026-07-12T16:11:53Z
Hydrogen,SANY,China,,,,,Excavator,,,html,https://www.sanyglobal.com/product/road_machinery/roller/51/281/,,2026-07-26T16:15:57Z
Hydrogen,SANY,China,,,,,Excavator,,,html,https://www.sanyglobal.com/cases/list-9/,,2026-08-09T15:45:56Z
Hydrogen,SANY,China,,,,,Excavator,,,html,https://www.sanyglobal.com/press_releases/4876/,,2026-07-26T16:15:54Z
Hydrogen,SANY,China,,,,,Excavator,,,html,https://www.sanyglobal.com/press_releases/4878/,,2026-07-19T16:09:50Z
Hydrogen,SANY,China,,,,,Excavator,,,html,https://www.sanyglobal.com/mysany/,,2026-07-19T16:09:47Z
Hydrogen,SANY,China,,,,,Excavator,,,html,https://www.sanyglobal.com/product/port_machinery/reach_stacker/58/538/,,2026-08-09T15:45:56Z
Hydrogen,SANY,China,,,,,Excavator,,,html,https://www.sanyglobal.com/product/concrete_machinery/truck-mounted_concrete_pump/14/400/,,2026-08-09T15:45:53Z
Hydrogen,SANY,China,,,,,Excavator,,,html,https://www.sanyglobal.com/cases/list-22/,,2026-07-26T16:15:47Z
Battery,XCMG,China,,,,,Wheel loader,,,html,https://www.xcmg.com/product/pro-detail-138517.htm,,2026-07-12T16:12:08Z
,XCMG,China,,,,,Wheel loader,,,html,https://www.xcmg.com//aboutus/previewnews-detail-1128869.htm,,2026-07-19T16:10:28Z
Battery,XCMG,China,,,,,Wheel loader,,,html,https://www.xcmg.com/solution/building-construction.htm,,2026-08-02T16:15:49Z
Battery,XCMG,China,,,,,Wheel loader,,,html,https://www.xcmg.com/product/pro-detail-138515.htm,,2026-07-12T16:12:23Z
Battery,XCMG,China,,,,,Wheel loader,,,html,https://www.xcmg.com/product/pro-detail-138520.htm,,2026-07-12T16:12:25Z
Battery,XCMG,China,,,,,Wheel loader,,,html,https://www.xcmg.com/solution/wind-power.htm,,2026-07-12T16:12:38Z
Battery,XCMG,China,,,,,Wheel loader,,,html,https://www.xcmg.com/aboutus/news-detail-1128875.htm,,2026-07-12T16:12:40Z
Battery,XCMG,China,,,,,Wheel loader,,,html,https://www.xcmg.com/aboutus/news-detail-1128871.htm,,2026-07-12T16:12:41Z
Battery,XCMG,China,,,,,Wheel loader,,,html,https://www.xcmg.com/product/pro-detail-138523.htm,,2026-08-02T16:15:31Z
Battery,Yutong,China,,,,,Excavator,,,html,https://en.yutong.com/sustainability2026/,,2026-08-02T16:23:21Z
Hydrogen,Yutong,China,,,,,Excavator,,,html,https://en.yutong.com/sustainability/environmental/,,2026-07-12T16:17:39Z
Battery,Yutong,China,,,,,Excavator,,,html,https://en.yutong.com/pressmedia/news/2068976171399385088.shtml,,2026-07-26T16:24:59Z
,Yutong,China,,,,,Excavator,,,html,https://en.yutong.com/sustainability/governance/,,2026-08-02T16:23:02Z
,Chetra,Russia,,,,,Excavator,,,html,https://chetra.ru/press-center/media/servisnaya-sluzhba-chetra-ot-rossii-do-afriki/,,2026-07-12T16:24:50Z
,Liebherr,Germany,,,,,Wheel loader,,,html,https://www.liebherr.com/en-us/n/ats-relies-on-proven-quality-new-liebherr-ltm-1230-5-1-mobile-crane-modernises-fleet-273600-3782185,,2026-07-19T16:06:01Z
,Liebherr,Germany,,,,,Wheel loader,,,html,https://www.liebherr.com/en-us/n/new-facilities-in-the-components-customer-service-set-standards-for-practical-training-in-biberach-275072-3782185,,2026-07-19T16:06:03Z
,Liebherr,Germany,,,,,Wheel loader,,,html,https://www.liebherr.com/en-us/n/built-with-liebherr-tower-cranes-shape-the-new-miami-skyline-273602-3782185,,2026-07-26T16:12:31Z
,Liebherr,Germany,,,,,Wheel loader,,,html,https://www.liebherr.com/en-us/n/twins-in-the-fleet-völkl-opts-for-the-liebherr-ltm-1150-5-3-mobile-crane-274689-3782185,,2026-07-19T16:06:14Z
,Liebherr,Germany,,,,,Wheel loader,,,html,https://www.liebherr.com/en-us/n/ats-relies-on-proven-quality-new-liebherr-ltm-1230-5-1-mobile-crane-modernises-fleet-273600-3782185,,2026-08-02T16:11:08Z
,Liebherr,Germany,,,,,Wheel loader,,,html,https://www.liebherr.com/en-us/n/new-facilities-in-the-components-customer-service-set-standards-for-practical-training-in-biberach-275072-3782185,,2026-07-19T16:06:20Z
,Liebherr,Germany,,,,,Wheel loader,,,html,https://www.liebherr.com/en-us/n/twins-in-the-fleet-völkl-opts-for-the-liebherr-ltm-1150-5-3-mobile-crane-274689-3782185,,2026-07-26T16:12:29Z
Hydrogen,JCB,UK,,,,,Excavator,,,html,https://www.jcb.com/en-US/products/machines/electric-scissors/,,2026-07-19T16:06:50Z
Hydrogen,JCB,UK,,,,,Excavator,,,html,https://www.jcb.com/en-US/products/attachments/forks/,,2026-07-19T16:06:51Z
Hydrogen,JCB,UK,,,,,Excavator,,,html,https://www.jcb.com/en-US/products/powertrain-for-oem/axles/,,2026-07-19T16:06:52Z
Hydrogen,JCB,UK,,,,,Excavator,,,html,https://www.jcb.com/en-US/explore/,,2026-07-19T16:06:53Z
Hydrogen,JCB,UK,,,,,Excavator,,,html,https://www.jcb.com/en-US/industries/electric-solutions/articulated-booms/,,2026-07-26T16:12:53Z
Hydrogen,JCB,UK,,,,,Excavator,,,html,https://www.jcb.com/en-US/explore/engage/,,2026-08-02T16:11:47Z
Hydrogen,JCB,UK,,,,,Excavator,,,html,https://www.jcb.com/en-US/industries/construction/,,2026-07-19T16:06:57Z
Hydrogen,JCB,UK,,,,,Excavator,,,html,https://www.jcb.com/en-US/products/attachments/drills/,,2026-07-26T16:13:02Z
Hydrogen,JCB,UK,,,,,Excavator,,,html,https://www.jcb.com/en-US/products/powertrain-for-oem/,,2026-07-26T16:12:55Z
Hydrogen,JCB,UK,,,,,Excavator,,,html,https://www.jcb.com/en-US/industries/agriculture/backhoe-loaders/,,2026-08-09T15:42:46Z
Hydrogen,JCB,UK,,,,,Excavator,,,html,https://www.jcb.com/en-US/parts-and-service/parts/service-fluids/,,2026-07-19T16:07:04Z
Hydrogen,JCB,UK,,,,,Excavator,,,html,https://www.jcb.com/en-US/explore/sustainability/diesel/,,2026-07-19T16:07:06Z
Hydrogen,JCB,UK,,,,,Excavator,,,html,https://www.jcb.com/en-GB/explore/insight/news/2026/07/new-york-awaits-as-tom-is-crowned-jcb-operator-of-the-year/,,2026-08-09T15:43:14Z
Hydrogen,JCB,UK,,,,,Excavator,,,html,https://www.jcb.com/en-GB/explore/insight/news/2026/07/moorlands-school-digs-new-play-kit-after-jcb-donation/,,2026-08-02T16:12:10Z
Hydrogen,SANY,China,,,,,Excavator,,,html,https://www.sanyglobal.com/product/hydrogen_energy_equipment/hydrogen_refuelling_stations/,,2026-07-26T16:15:44Z
Hydrogen,SANY,China,,,,,Excavator,,,html,https://www.sanyglobal.com/product/excavator/long-reach_excavator/,,2026-07-19T16:09:42Z
Hydrogen,SANY,China,,,,,Excavator,,,html,https://www.sanyglobal.com/product/hydrogen_energy_equipment/hydrogen_refueling_equipment_/,,2026-08-02T16:15:08Z
Hydrogen,SANY,China,,,,,Excavator,,,html,https://www.sanyglobal.com/product/port_machinery/customized_container_cranes/,,2026-07-19T16:09:45Z
Hydrogen,SANY,China,,,,,Excavator,,,html,https://www.sanyglobal.com/product/crane/loader_crane/,,2026-08-02T16:15:00Z
Hydrogen,SANY,China,,,,,Excavator,,,html,https://www.sanyglobal.com/sustainability/,,2026-08-02T16:14:58Z
Hydrogen,SANY,China,,,,,Excavator,,,html,https://www.sanyglobal.com/product/crane/rough-terrain_crane/87/856/,,2026-07-19T16:09:48Z
Hydrogen,SANY,China,,,,,Excavator,,,html,https://www.sanyglobal.com/product/concrete_machinery/truck_mixer/,,2026-07-19T16:09:49Z
Hydrogen,SANY,China,,,,,Excavator,,,html,https://www.sanyglobal.com/company_overview/,,2026-07-19T16:09:51Z
Hydrogen,SANY,China,,,,,Excavator,,,html,https://www.sanyglobal.com/product/aerial_work_platform/articulated_boom_lift/,,2026-07-19T16:09:52Z
Hydrogen,SANY,China,,,,,Excavator,,,html,https://www.sanyglobal.com/career/,,2026-08-09T15:46:07Z
Hydrogen,SANY,China,,,,,Excavator,,,html,https://www.sanyglobal.com/product/loader/backhoe_loader_new/,,2026-07-19T16:09:54Z
Hydrogen,SANY,China,,,,,Excavator,,,html,https://www.sanyglobal.com/press_releases/4879/,,2026-08-02T16:15:07Z
Hydrogen,SANY,China,,,,,Excavator,,,html,https://www.sanyglobal.com/press_releases/4873/,,2026-07-19T16:09:55Z
Hydrogen,SANY,China,,,,,Excavator,,,html,https://www.sanyglobal.com/cases/truck/,,2026-08-09T15:46:08Z
Hydrogen,SANY,China,,,,,Excavator,,,html,https://www.sanyglobal.com/product/mobile_crusher/mobile_cone_crusher/,,2026-08-02T16:15:03Z
Hydrogen,SANY,China,,,,,Excavator,,,html,https://www.sanyglobal.com/our_culture/,,2026-07-19T16:09:59Z
Hydrogen,SANY,China,,,,,Excavator,,,html,https://www.sanyglobal.com/product/mobile_crusher/mobilejawcrusher/,,2026-07-19T16:10:00Z
Hydrogen,SANY,China,,,,,Excavator,,,html,https://www.sanyglobal.com/sitemap/,,2026-07-19T16:10:01Z
Hydrogen,SANY,China,,,,,Excavator,,,html,https://www.sanyglobal.com/product/sanitation_equipment/electriccollectionandtransportationequipment_/,,2026-07-19T16:10:01Z
Hydrogen,SANY,China,,,,,Excavator,,,html,https://www.sanyglobal.com/product/excavator/mining-excavators/,,2026-08-09T15:46:00Z
Hydrogen,SANY,China,,,,,Excavator,,,html,https://www.sanyglobal.com/cases/concrete/,,2026-07-19T16:10:03Z
Battery,XCMG,China,,,,,Wheel loader,,,html,https://www.xcmg.com/aboutus/news-detail-1128877.htm,,2026-07-26T16:16:42Z
Battery,XCMG,China,,,,,Wheel loader,,,html,https://www.xcmg.com/product/pro-detail-137275.htm,,2026-08-02T16:15:35Z
Battery,XCMG,China,,,,,Wheel loader,,,html,https://www.xcmg.com/product/pro-detail-138437.htm,,2026-08-09T15:46:26Z
Battery,XCMG,China,,,,,Wheel loader,,,html,https://www.xcmg.com/solution/port-logistics-new.htm,,2026-07-19T16:10:44Z
Battery,XCMG,China,,,,,Wheel loader,,,html,https://www.xcmg.com/product/pro-detail-138524.htm,,2026-07-19T16:10:46Z
Battery,XCMG,China,,,,,Wheel loader,,,html,https://www.xcmg.com/product/pro-detail-138522.htm,,2026-08-09T15:46:27Z
,Yutong,China,,,,,Excavator,,,html,https://en.yutong.com/sustainability/people/,,2026-07-19T16:14:42Z
Battery,Yutong,China,,,,,Excavator,,,html,https://en.yutong.com/sustainability/corporate-citizenship/,,2026-08-02T16:23:29Z
Hydrogen,Doosan,Korea,,,,,Excavator,,,html,https://www.doosan.com/en/media-center/press-release_view?id=20172808,,2026-08-09T15:55:51Z
,Chetra,Russia,,,,,Excavator,,,html,https://chetra.ru/press-center/news/chetra-lokalizuet-proizvodstvo-tekhniki-v-indonezii/,,2026-07-19T16:23:12Z
,Chetra,Russia,,,,,Excavator,,,html,https://chetra.ru/press-center/media/test-drayv-tekhniki-chetra/,,2026-07-19T16:23:14Z
,Chetra,Russia,,,,,Excavator,,,html,https://chetra.ru/press-center/news/chetra-i-avtovaz-novye-vozmozhnosti-dlya-promyshlennoy-kooperatsii/,,2026-07-19T16:23:30Z
,Chetra,Russia,,,,,Excavator,,,html,https://chetra.ru/press-center/news/pobediteli-regionalnogo-etapa-vserossiyskogo-konkursa-professionalnogo-masterstva-luchshiy-po-profes/,,2026-07-19T16:23:56Z
Hybrid,Komatsu,Japan,,,,,Excavator,,,HTML,https://www.komatsu.com/en-us/newsroom/2026/komatsu-chattanooga-40th-anniversary,,2026-08-02T16:09:18Z
Hybrid,Liebherr,Germany,,,,,Wheel loader,,,html,https://www.liebherr.com/en-us/n/würzburger-kranverleih-takes-delivery-of-liebherr-ltm-1120-4-2-mobile-crane-276097-3782185,,2026-08-09T15:42:14Z
,Liebherr,Germany,,,,,Wheel loader,,,html,https://www.liebherr.com/en-us/n/liebherr-tower-cranes-at-work-on-the-hard-rock-hotel-casino-athens-276352-3782185,,2026-07-26T16:12:08Z
,Liebherr,Germany,,,,,Wheel loader,,,html,https://www.liebherr.com/en-us/n/liebherr-strengthens-north-american-scientific-distribution-network-through-strategic-industry-partnerships-275137-3782185,,2026-07-26T16:12:15Z
Battery,Liebherr,Germany,,,,,Wheel loader,,,html,https://www.liebherr.com/en-us/n/hs-8300-1-as-good-as-new-with-over-20000-hrs-on-the-clock-275777-3782185,,2026-07-26T16:12:16Z
,Liebherr,Germany,,,,,Excavator,,,html,https://www.liebherr.com/en-us/n/first-liebherr-excavators-delivered-to-gold-fields-in-western-australia-275712-3782185,,2026-07-26T16:12:18Z
Hybrid,Liebherr,Germany,,,,,Wheel loader,,,html,https://www.liebherr.com/en-us/n/powerful-deals-powerful-advantages-liebherr’s-power-deals-enter-their-second-round-273920-3782185,,2026-07-26T16:12:23Z
,Liebherr,Germany,,,,,Wheel loader,,,html,https://www.liebherr.com/en-us/n/liebherr-tower-cranes-at-work-on-the-hard-rock-hotel-casino-athens-276352-3782185,,2026-08-09T15:42:17Z
,Liebherr,Germany,,,,,Wheel loader,,,html,https://www.liebherr.com/en-us/n/creating-opportunities-in-the-skilled-trades-in-canada-273984-3782185,,2026-07-26T16:12:27Z
Hybrid,Liebherr,Germany,,,,,Excavator,,,html,https://www.liebherr.com/en-us/group/news/news-and-press-releases/news-and-press-releases-3782184?p=pl-page,,2026-07-26T16:12:29Z
,Liebherr,Germany,,,,,Wheel loader,,,html,https://www.liebherr.com/en-us/n/liebherr-strengthens-north-american-scientific-distribution-network-through-strategic-industry-partnerships-275137-3782185,,2026-08-02T16:11:11Z
,Liebherr,Germany,,,,,Wheel loader,,,html,https://www.liebherr.com/en-us/n/hs-8300-1-as-good-as-new-with-over-20000-hrs-on-the-clock-275777-3782185,,2026-08-02T16:11:19Z
,Liebherr,Germany,,,,,Excavator,,,html,https://www.liebherr.com/en-us/n/first-liebherr-excavators-delivered-to-gold-fields-in-western-australia-275712-3782185,,2026-07-26T16:12:32Z
Hydrogen,JCB,UK,,,,,Excavator,,,html,https://www.jcb.com/en-US/industries/landscaping/skid-steer-loaders/,,2026-08-09T15:42:45Z
Hydrogen,JCB,UK,,,,,Excavator,,,html,https://www.jcb.com/en-US/parts-and-service/service/reman/,,2026-07-26T16:12:55Z
Hydrogen,JCB,UK,,,,,Excavator,,,html,https://www.jcb.com/en-US/industries/construction/site-dumpers/,,2026-07-26T16:12:57Z
Hydrogen,JCB,UK,,,,,Excavator,,,html,https://www.jcb.com/en-US/buy/build-and-price/,,2026-08-09T15:43:00Z
Hydrogen,JCB,UK,,,,,Excavator,,,html,https://www.jcb.com/en-US/industries/agriculture/telescopic-handlers/,,2026-08-09T15:42:44Z
Hydrogen,JCB,UK,,,,,Excavator,,,html,https://www.jcb.com/en-US/industries/electric-solutions/site-dumpers/,,2026-07-26T16:13:00Z
Hydrogen,JCB,UK,,,,,Excavator,,,html,https://www.jcb.com/en-US/parts-and-service/parts/cab-and-body-parts/,,2026-07-26T16:13:00Z
Hydrogen,JCB,UK,,,,,Excavator,,,html,https://www.jcb.com/en-US/industries/landscaping/site-dumpers/,,2026-07-26T16:13:01Z
Hydrogen,JCB,UK,,,,,Excavator,,,html,https://www.jcb.com/en-US/explore/engage/become-a-jcb-dealer/,,2026-08-02T16:11:51Z
Hydrogen,JCB,UK,,,,,Excavator,,,html,https://www.jcb.com/en-US/parts-and-service/parts/powertrain-components/,,2026-07-26T16:13:06Z
,Develon,South Korea,,,,,Excavator,,,html,https://eu.develon-ce.com/en/safer-excavators-smarter-support-where-the-industry-is-heading,,2026-07-26T16:13:51Z
,Develon,South Korea,,,,,Excavator,,,html,https://eu.develon-ce.com/en/safer-excavators-smarter-support-where-the-industry-is-heading,,2026-08-09T15:44:53Z
Hydrogen,SANY,China,,,,,Excavator,,,html,https://www.sanyglobal.com/contact_us/,,2026-07-26T16:15:38Z
Hydrogen,SANY,China,,,,,Excavator,,,html,https://www.sanyglobal.com/product/piling_machinery/trench_cutter/,,2026-07-26T16:15:41Z
Hydrogen,SANY,China,,,,,Excavator,,,html,https://www.sanyglobal.com/milestones/,,2026-07-26T16:15:48Z
Hydrogen,SANY,China,,,,,Excavator,,,html,https://www.sanyglobal.com/product/port_machinery/material_handler/,,2026-07-26T16:15:49Z
Hydrogen,SANY,China,,,,,Excavator,,,html,https://www.sanyglobal.com/product/sanitation_equipment/sprinkler_truck/,,2026-08-09T15:46:10Z
Hydrogen,SANY,China,,,,,Excavator,,,html,https://www.sanyglobal.com/product/piling_machinery/hydraulic_grab/,,2026-07-26T16:15:51Z
Hydrogen,SANY,China,,,,,Excavator,,,html,https://www.sanyglobal.com/cases/hoisting/,,2026-08-09T15:46:05Z
Hydrogen,SANY,China,,,,,Excavator,,,html,https://www.sanyglobal.com/product/port_machinery/electric_terminal_tractor/,,2026-07-26T16:15:53Z
Hydrogen,SANY,China,,,,,Excavator,,,html,https://www.sanyglobal.com/press_releases/4880/,,2026-08-09T15:46:09Z
Hydrogen,SANY,China,,,,,Excavator,,,html,https://www.sanyglobal.com/product/excavator/large_excavator/115/430/,,2026-08-09T15:46:08Z
Hydrogen,SANY,China,,,,,Excavator,,,html,https://www.sanyglobal.com/product/road_machinery/asphalt_batching/,,2026-07-26T16:15:57Z
Hydrogen,SANY,China,,,,,Excavator,,,html,https://www.sanyglobal.com/product/crane/rough-terrain_crane/,,2026-08-02T16:14:52Z
Hydrogen,SANY,China,,,,,Excavator,,,html,https://www.sanyglobal.com/product/petroleum_equipment/coiled_tubing_unit/,,2026-08-09T15:45:58Z
Hydrogen,SANY,China,,,,,Excavator,,,html,https://www.sanyglobal.com/trade_fairs&events/,,2026-08-02T16:14:53Z
Hydrogen,SANY,China,,,,,Excavator,,,html,https://www.sanyglobal.com/product/excavator/medium_excavator/,,2026-07-26T16:16:00Z
Battery,SANY,China,,,,,Excavator,,,html,https://www.sanyglobal.com/solution/wind-turbine/,,2026-08-02T16:14:59Z
Battery,XCMG,China,,,,,Wheel loader,,,html,https://www.xcmg.com/product/pro-detail-138521.htm,,2026-07-26T16:16:12Z
Battery,XCMG,China,,,,,Wheel loader,,,html,https://www.xcmg.com/aboutus/news-detail-1128881.htm,,2026-07-26T16:16:15Z
Battery,XCMG,China,,,,,Wheel loader,,,html,https://www.xcmg.com/solution/airport-infrastructure.htm,,2026-07-26T16:16:24Z
Battery,XCMG,China,,,,,Wheel loader,,,html,https://www.xcmg.com/product/pro-detail-138519.htm,,2026-07-26T16:16:27Z
Battery,XCMG,China,,,,,Wheel loader,,,html,https://www.xcmg.com/product/pro-detail-138525.htm,,2026-07-26T16:16:51Z
,Belaz,Belarus,,,,,Bulldozer,,,html,https://belaz.by/en/,,2026-07-26T16:19:53Z
,Belaz,Belarus,,,,,Bulldozer,,,html,https://belaz.by/en/about/quality-system/,,2026-07-26T16:19:53Z
,Belaz,Belarus,,,,,Bulldozer,,,html,https://belaz.by/en/about/belaz-global//,,2026-07-26T16:19:54Z
,Belaz,Belarus,,,,,Bulldozer,,,html,https://belaz.by/en/about/consumers/,,2026-08-09T15:52:25Z
,Belaz,Belarus,,,,,Bulldozer,,,html,https://belaz.by/en/products/belaz-g-profi-lubricants-for-belaz-equipment/,,2026-07-26T16:19:58Z
,Belaz,Belarus,,,,,Bulldozer,,,html,https://belaz.by/en/press-centre/presentation/,,2026-08-09T15:52:27Z
,Belaz,Belarus,,,,,Bulldozer,,,html,https://belaz.by/en/products/products-belaz/dumpers/filter/list_prop_1-is-e6eb7d3fa1770b87e8877baceb49a15b/apply/,,2026-07-26T16:20:20Z
,Belaz,Belarus,,,,,Bulldozer,,,html,https://belaz.by/?redirectcustom=Y,,2026-08-09T15:53:43Z
,Belaz,Belarus,,,,,Bulldozer,,,html,https://belaz.by/en/,,2026-08-09T15:51:32Z
,Belaz,Belarus,,,,,Bulldozer,,,html,https://belaz.by/en/about/contacts/,,2026-07-26T16:20:24Z
,Belaz,Belarus,,,,,Bulldozer,,,html,https://belaz.by/en/products/products-belaz/,,2026-08-09T15:53:19Z
,Belaz,Belarus,,,,,Bulldozer,,,html,https://belaz.by/en/products/garage-equipment/,,2026-08-02T16:20:02Z
,Belaz,Belarus,,,,,Bulldozer,,,html,https://belaz.by/en/products/belaz-g-profi-lubricants-for-belaz-equipment/engine-oils/,,2026-08-09T15:52:56Z
,Belaz,Belarus,,,,,Bulldozer,,,html,https://belaz.by/en/about/belaz-is-not-recommended/,,2026-08-09T15:53:48Z
Battery,Belaz,Belarus,,,,,Excavator,,,html,https://belaz.by/en/products/products-belaz/dumpers/dump-trucks-with-hydromechanical-transmission/dumpers-series-7545/,,2026-08-09T15:51:35Z
,Belaz,Belarus,,,,,Bulldozer,,,html,https://belaz.by/en/products/simulator-driving-haul-truck/driving-simulator-8036/,,2026-08-02T16:19:36Z
,Belaz,Belarus,,,,,Bulldozer,,,html,https://belaz.by/en/press-centre/?ELEMENT_ID=9137,,2026-08-09T15:53:45Z
,Belaz,Belarus,,,,,Bulldozer,,,html,https://belaz.by/en/#modalHeaderMenu,,2026-08-09T15:51:36Z
,Belaz,Belarus,,,,,Bulldozer,,,html,https://belaz.by/en/about/awards/,,2026-08-02T16:21:17Z
,Belaz,Belarus,,,,,Bulldozer,,,html,https://belaz.by/en/press-centre/?ELEMENT_ID=9133,,2026-08-02T16:19:34Z
,Belaz,Belarus,,,,,Bulldozer,,,html,https://belaz.by/en/products/products-belaz/machines-for-maintenance-of-mining-and-transport-work/,,2026-07-26T16:21:15Z
,Belaz,Belarus,,,,,Bulldozer,,,html,https://belaz.by/en/services/training/,,2026-07-26T16:21:16Z
,Belaz,Belarus,,,,,Bulldozer,,,html,https://belaz.by/en/products/garage-equipment/sipa-machinery4776/,,2026-08-02T16:20:49Z
,Belaz,Belarus,,,,,Bulldozer,,,html,https://belaz.by/en/products/garage-equipment/information-about-garage-equipment7000/,,2026-08-09T15:52:54Z
,Belaz,Belarus,,,,,Bulldozer,,,html,https://belaz.by/en/products/products-belaz/loaders-and-bulldozers/,,2026-07-26T16:21:19Z
Battery,Yutong,China,,,,,Excavator,,,html,https://en.yutong.com/pressmedia/news/2077944103810764800.shtml,,2026-08-09T15:54:47Z
,Liebherr,Germany,,,,,Wheel loader,,,html,https://www.liebherr.com/en-us/n/riedelsheimer-takes-delivery-of-liebherr-ltm-1055-3-3-mobile-crane-276800-3782185,,2026-08-02T16:10:37Z
Hybrid,Liebherr,Germany,,,,,Wheel loader,,,html,https://www.liebherr.com/en-us/n/testing-and-validation-services-in-a-new-light-276864-3782185,,2026-08-02T16:10:39Z
,Liebherr,Germany,,,,,Wheel loader,,,html,https://www.liebherr.com/en-us/n/liebherr-cranes-elevate-climate-science-above-the-amazon-rainforest-canopy-278144-3782185,,2026-08-02T16:10:42Z
Hybrid,Liebherr,Germany,,,,,Wheel loader,,,html,https://www.liebherr.com/en-us/n/from-proven-strength-to-bolder-performance-276992-3782185,,2026-08-02T16:10:48Z
Battery,Liebherr,Germany,,,,,Excavator,,,html,https://www.liebherr.com/en-us/n/liebherr-aerospace-technology-shanghai-celebrates-groundbreaking-278464-3782185,,2026-08-02T16:10:52Z
,Liebherr,Germany,,,,,Wheel loader,,,html,https://www.liebherr.com/en-us/n/riedelsheimer-takes-delivery-of-liebherr-ltm-1055-3-3-mobile-crane-276800-3782185,,2026-08-02T16:11:09Z
Hybrid,Liebherr,Germany,,,,,Wheel loader,,,html,https://www.liebherr.com/en-us/n/testing-and-validation-services-in-a-new-light-276864-3782185,,2026-08-02T16:11:09Z
,Liebherr,Germany,,,,,Wheel loader,,,html,https://www.liebherr.com/en-us/n/liebherr-cranes-elevate-climate-science-above-the-amazon-rainforest-canopy-278144-3782185,,2026-08-09T15:42:14Z
Hybrid,Liebherr,Germany,,,,,Wheel loader,,,html,https://www.liebherr.com/en-us/n/from-proven-strength-to-bolder-performance-276992-3782185,,2026-08-02T16:11:13Z
,Liebherr,Germany,,,,,Excavator,,,html,https://www.liebherr.com/en-us/n/liebherr-aerospace-technology-shanghai-celebrates-groundbreaking-278464-3782185,,2026-08-09T15:42:14Z
Hybrid,Liebherr,Germany,,,,,Wheel loader,,,html,https://www.liebherr.com/en-us/n/first-of-five-max-bögl-group-takes-delivery-of-liebherr-ltm-1750-9-1-mobile-crane-275968-3782185,,2026-08-02T16:11:17Z
Hydrogen,JCB,UK,,,,,Excavator,,,html,https://www.jcb.com/en-US/,,2026-08-02T16:11:46Z
Hydrogen,JCB,UK,,,,,Excavator,,,html,https://www.jcb.com/en-US/industries/landscaping/mini-excavators/,,2026-08-02T16:11:48Z
Hydrogen,JCB,UK,,,,,Excavator,,,html,https://www.jcb.com/en-US/products/,,2026-08-02T16:11:54Z
Hydrogen,JCB,UK,,,,,Excavator,,,html,https://www.jcb.com/en-US/industries/,,2026-08-02T16:11:55Z
Hydrogen,JCB,UK,,,,,Excavator,,,html,https://www.jcb.com/en-US/explore/insight/technology/,,2026-08-02T16:12:00Z
,Develon,South Korea,,,,,Excavator,,,html,https://eu.develon-ce.com/en/machines/performance-bucket-range,,2026-08-02T16:13:03Z
Hydrogen,SANY,China,,,,,Excavator,,,html,https://www.sanyglobal.com/product/road_machinery/milling_machine/,,2026-08-02T16:14:48Z
Hydrogen,SANY,China,,,,,Excavator,,,html,https://www.sanyglobal.com/about_us/,,2026-08-02T16:14:49Z
Hydrogen,SANY,China,,,,,Excavator,,,html,https://www.sanyglobal.com/product/sanitation_equipment/fuel_powered_sprinkler_truck/,,2026-08-02T16:14:50Z
Hydrogen,SANY,China,,,,,Excavator,,,html,https://www.sanyglobal.com/product/concrete_machinery/batching_plant/,,2026-08-02T16:14:50Z
Hydrogen,SANY,China,,,,,Excavator,,,html,https://www.sanyglobal.com/product/port_machinery/forklift_truck/,,2026-08-09T15:45:51Z
Hydrogen,SANY,China,,,,,Excavator,,,html,https://www.sanyglobal.com/product/photovoltaics/solar_modules/,,2026-08-09T15:45:58Z
Hydrogen,SANY,China,,,,,Excavator,,,html,https://www.sanyglobal.com/solution/telehandler/,,2026-08-02T16:14:56Z
Hydrogen,SANY,China,,,,,Excavator,,,html,https://www.sanyglobal.com/product/photovoltaics/allinonepvenergystoragehomesystem2/,,2026-08-09T15:46:07Z
Hydrogen,SANY,China,,,,,Excavator,,,html,https://www.sanyglobal.com/product/port_machinery/reach_stacker/58/142/,,2026-08-02T16:15:01Z
Hydrogen,SANY,China,,,,,Excavator,,,html,https://www.sanyglobal.com/product/concrete_machinery/trailer_pump/,,2026-08-02T16:15:02Z
,SANY,China,,,,,Excavator,,,html,https://www.sanyglobal.com/feature/pc-imagery/,,2026-08-02T16:15:03Z
Hydrogen,SANY,China,,,,,Excavator,,,html,https://www.sanyglobal.com/publications/,,2026-08-02T16:15:04Z
Hydrogen,SANY,China,,,,,Excavator,,,html,https://www.sanyglobal.com/product/crane/crawler_crane/101/1012/,,2026-08-02T16:15:05Z
Hydrogen,SANY,China,,,,,Excavator,,,html,https://www.sanyglobal.com/press_releases/4882/,,2026-08-02T16:15:06Z
Hydrogen,SANY,China,,,,,Excavator,,,html,https://www.sanyglobal.com/network/,,2026-08-09T15:46:02Z
Hydrogen,SANY,China,,,,,Excavator,,,html,https://www.sanyglobal.com/blog/,,2026-08-09T15:46:04Z
Battery,SANY,China,,,,,Excavator,,,html,https://www.sanyglobal.com/solution/mining-solution/,,2026-08-02T16:15:08Z
Battery,XCMG,China,,,,,Wheel loader,,,html,https://www.xcmg.com/product/pro-detail-136767.htm,,2026-08-09T15:46:52Z
Battery,XCMG,China,,,,,Wheel loader,,,html,https://www.xcmg.com/solution/forestry-operations.htm,,2026-08-02T16:15:14Z
Battery,XCMG,China,,,,,Wheel loader,,,html,https://www.xcmg.com/product/pro-detail-138530.htm,,2026-08-09T15:46:37Z
Battery,XCMG,China,,,,,Wheel loader,,,html,https://www.xcmg.com/product/pro-detail-138529.htm,,2026-08-02T16:15:27Z
Battery,XCMG,China,,,,,Wheel loader,,,html,https://www.xcmg.com/solution/mass-transit.htm,,2026-08-02T16:15:40Z
Battery,XCMG,China,,,,,Wheel loader,,,html,https://www.xcmg.com/product/pro-detail-138528.htm,,2026-08-09T15:46:34Z
,Belaz,Belarus,,,,,Bulldozer,,,html,https://belaz.by/en/products/belaz-g-profi-lubricants-for-belaz-equipment/hydraulic-oils/,,2026-08-09T15:52:52Z
Hybrid,Belaz,Belarus,,,,,Bulldozer,,,html,https://belaz.by/en/about/history/,,2026-08-02T16:19:09Z
,Belaz,Belarus,,,,,Bulldozer,,,html,https://belaz.by/en/products/products-belaz/special-purpose-machines/,,2026-08-02T16:19:10Z
Hybrid,Belaz,Belarus,,,,,Excavator,,,html,https://belaz.by/en/products/products-belaz/dumpers/dump-trucks-with-electromechanical-transmission/dump-truck-series-7518/,,2026-08-02T16:19:31Z
,Belaz,Belarus,,,,,Bulldozer,,,html,https://belaz.by/en/products/belaz-g-profi-lubricants-for-belaz-equipment/cooling-fluids/,,2026-08-09T15:53:18Z
,Belaz,Belarus,,,,,Bulldozer,,,html,https://belaz.by/en/products/products-belaz/trucks-terrain/,,2026-08-02T16:19:57Z
,Belaz,Belarus,,,,,Bulldozer,,,html,https://belaz.by/en/press-centre/press-kit/,,2026-08-09T15:52:55Z
,Belaz,Belarus,,,,,Bulldozer,,,html,https://belaz.by/en/about/,,2026-08-02T16:19:59Z
,Belaz,Belarus,,,,,Bulldozer,,,html,https://belaz.by/en/about/belaz-global/,,2026-08-02T16:20:24Z
,Belaz,Belarus,,,,,Bulldozer,,,html,https://belaz.by/en/press-centre/?ELEMENT_ID=9139,,2026-08-02T16:20:26Z
,Belaz,Belarus,,,,,Bulldozer,,,html,https://belaz.by/en/products/products-belaz/machines-for-underground-work/,,2026-08-09T15:52:30Z
,Belaz,Belarus,,,,,Bulldozer,,,html,https://belaz.by/en/products/simulator-driving-haul-truck/,,2026-08-02T16:21:14Z
,Belaz,Belarus,,,,,Bulldozer,,,html,https://belaz.by/en/about/supervisory_board/,,2026-08-02T16:21:18Z
Hybrid,Yutong,China,,,,,Excavator,,,html,https://en.yutong.com/pressmedia/news/2082345259316154368.shtml,,2026-08-02T16:21:56Z
,Chetra,Russia,,,,,Excavator,,,html,https://chetra.ru/press-center/news/den-klienta-chetra-v-neryungri-obedinil-vedushchie-predpriyatiya-regiona/,,2026-08-02T16:31:02Z
Hybrid,Komatsu,Japan,,,,,Excavator,,,HTML,https://www.komatsu.com/en-us/blog/2026/from-heavy-equipment-diagnostics-to-the-racetrack,,2026-08-09T15:40:28Z
,Liebherr,Germany,,,,,Wheel loader,,,html,https://www.liebherr.com/en-us/n/liebherr-lhm-550-supports-patimban-terminal’s-operational-debut-279424-3782185,,2026-08-09T15:41:48Z
Hydrogen,Liebherr,Germany,,,,,Excavator,,,html,https://www.liebherr.com/en-us/n/steinexpo-2026-liebherr-showcases-its-expertise-in-machinery-and-digital-innovations-for-the-extraction-industry-279616-3782185,,2026-08-09T15:41:49Z
,Liebherr,Germany,,,,,Excavator,,,html,https://www.liebherr.com/en-us/n/liebherr-is-investing-in-a-new-test-bench-in-colmar-to-optimise-its-crawler-excavators-277953-3782185,,2026-08-09T15:42:04Z
,Liebherr,Germany,,,,,Wheel loader,,,html,https://www.liebherr.com/en-us/n/high-ranking-politicians-visit-liebherr-aerospace-in-france-and-germany-280320-3782185,,2026-08-09T15:42:05Z
,Liebherr,Germany,,,,,Excavator,,,html,https://www.liebherr.com/en-us/n/liebherr-australia-delivers-first-r-9600-to-northern-star-resources-at-the-super-pit-in-western-australia-276736-3782185,,2026-08-09T15:42:07Z
,Liebherr,Germany,,,,,Wheel loader,,,html,https://www.liebherr.com/en-us/n/liebherr-lhm-550-supports-patimban-terminal’s-operational-debut-279424-3782185,,2026-08-09T15:42:09Z
Hydrogen,Liebherr,Germany,,,,,Excavator,,,html,https://www.liebherr.com/en-us/n/steinexpo-2026-liebherr-showcases-its-expertise-in-machinery-and-digital-innovations-for-the-extraction-industry-279616-3782185,,2026-08-09T15:42:09Z
,Liebherr,Germany,,,,,Excavator,,,html,https://www.liebherr.com/en-us/n/liebherr-is-investing-in-a-new-test-bench-in-colmar-to-optimise-its-crawler-excavators-277953-3782185,,2026-08-09T15:42:16Z
,Liebherr,Germany,,,,,Wheel loader,,,html,https://www.liebherr.com/en-us/n/high-ranking-politicians-visit-liebherr-aerospace-in-france-and-germany-280320-3782185,,2026-08-09T15:42:18Z
,Liebherr,Germany,,,,,Wheel loader,,,html,https://www.liebherr.com/en-us/n/mk-140-5-1-mobile-construction-crane-proves-its-worth-during-antenna-replacement-work-above-the-rooftops-of-mannheim-279232-3782185,,2026-08-09T15:42:20Z
,Liebherr,Germany,,,,,Wheel loader,,,html,https://www.liebherr.com/en-us/n/liebherr-unveils-award-winning-french-door-refrigerator-series-276608-3782185,,2026-08-09T15:42:22Z
Hydrogen,JCB,UK,,,,,Excavator,,,html,https://www.jcb.com/en-US/explore/engage/sponsorship-and-partnerships/,,2026-08-09T15:42:47Z
Hydrogen,JCB,UK,,,,,Excavator,,,html,https://www.jcb.com/en-US/explore/corporate/legal-notice/,,2026-08-09T15:42:53Z
Hydrogen,JCB,UK,,,,,Excavator,,,html,https://www.jcb.com/en-US/parts-and-service/parts/filters/,,2026-08-09T15:42:54Z
Hydrogen,JCB,UK,,,,,Excavator,,,html,https://www.jcb.com/en-US/campaigns/record-breakers/,,2026-08-09T15:42:58Z
Hydrogen,JCB,UK,,,,,Excavator,,,html,https://www.jcb.com/en-US/buy/,,2026-08-09T15:43:04Z
Hydrogen,JCB,UK,,,,,Excavator,,,html,https://www.jcb.com/en-GB/explore/insight/news/2026/08/jcb-hydromax-powers-to-368.347mph-on-road-to-fia-record-attempt,,2026-08-09T15:43:11Z
,Develon,South Korea,,,,,Excavator,,,html,https://eu.develon-ce.com/en/news/2026-07-27-Develon-Secures-Major-Deal-to-Supply-up-to-70-DD130-Dozers-to-the-Polish-Army,,2026-08-09T15:44:39Z
Hybrid,Develon,South Korea,,,,,Excavator,,,html,https://eu.develon-ce.com/en/news/2026-08-03-New-Powerful-Develon-Machines-and-Safety-Solutions-at-Steinexpo,,2026-08-09T15:45:00Z
Hydrogen,SANY,China,,,,,Excavator,,,html,https://www.sanyglobal.com/product/excavator/large_excavator/115/320/,,2026-08-09T15:45:52Z
Hydrogen,SANY,China,,,,,Excavator,,,html,https://www.sanyglobal.com/cases/list-5/,,2026-08-09T15:45:54Z
Hydrogen,SANY,China,,,,,Excavator,,,html,https://www.sanyglobal.com/dealer_application/,,2026-08-09T15:45:57Z
Hydrogen,SANY,China,,,,,Excavator,,,html,https://www.sanyglobal.com/press_releases/4885/,,2026-08-09T15:46:03Z
Hydrogen,SANY,China,,,,,Excavator,,,html,https://www.sanyglobal.com/product/truck/dump_truck/,,2026-08-09T15:46:04Z
Hydrogen,SANY,China,,,,,Excavator,,,html,https://www.sanyglobal.com/product/electric_forklift/material_handling_robot_/,,2026-08-09T15:46:09Z
Battery,XCMG,China,,,,,Wheel loader,,,html,https://www.xcmg.com/product/pro-detail-138533.htm,,2026-08-09T15:46:32Z
Battery,XCMG,China,,,,,Wheel loader,,,html,https://www.xcmg.com/product/pro-detail-138531.htm,,2026-08-09T15:46:36Z
Battery,XCMG,China,,,,,Wheel loader,,,html,https://www.xcmg.com/solution/rail-infrastructure.htm,,2026-08-09T15:46:47Z
Battery,XCMG,China,,,,,Wheel loader,,,html,https://www.xcmg.com/solution/oil-gas.htm,,2026-08-09T15:46:50Z
,Belaz,Belarus,,,,,Bulldozer,,,html,https://belaz.by/en/press-centre/media/,,2026-08-09T15:51:33Z
,Belaz,Belarus,,,,,Bulldozer,,,html,https://belaz.by/about/contacts/feedback/,,2026-08-09T15:51:38Z
,Belaz,Belarus,,,,,Bulldozer,,,html,https://belaz.by/en/#secondBlock,,2026-08-09T15:51:59Z
,Belaz,Belarus,,,,,Bulldozer,,,html,https://belaz.by/en/press-centre/,,2026-08-09T15:52:00Z
,Belaz,Belarus,,,,,Bulldozer,,,html,https://belaz.by/en/products/garage-equipment/universal-garo9540/,,2026-08-09T15:52:28Z
Battery,Belaz,Belarus,,,,,Excavator,,,html,https://belaz.by/en/products/products-belaz/dumpers/dump-trucks-with-hydromechanical-transmission/dump-truck-series-7540/,,2026-08-09T15:53:20Z
,Belaz,Belarus,,,,,Bulldozer,,,html,https://belaz.by/en/products/,,2026-08-09T15:53:22Z
Hybrid,Belaz,Belarus,,,,,Excavator,,,html,https://belaz.by/en/products/products-belaz/dumpers/dump-trucks-with-electromechanical-transmission/dumpers-series-7530/,,2026-08-09T15:53:47Z
Hybrid,Yutong,China,,,,,Excavator,,,html,https://en.yutong.com/pressmedia/news/2084848732939096064.shtml,,2026-08-09T15:55:18Z
